#VRML V2.0 utf8
# 3D model generated by easyeda2kicad.py (https://github.com/uPesy/easyeda2kicad.py)

Shape{
    appearance Appearance {
        material  Material 	{
            diffuseColor 1.0 1.0 1.0
            specularColor 0.5019607843137255 0.5019607843137255 0.5019607843137255
            ambientIntensity 1.0
            transparency 0.0
            shininess 0.5
        }
    }
    geometry IndexedFaceSet {
        ccw TRUE
        solid FALSE
        coord DEF co Coordinate {
            point [
                -0.9055 1.1811 0.0, -0.9055 1.0551 0.0, -0.9055 1.1811 0.0787, -0.9055 1.0551 0.0787, -0.8267 1.1811 0.0, -0.8267 1.1811 0.0787, -0.8267 1.0551 0.0, -0.8267 1.0551 0.0787, -0.8272 1.0497 0.0787, -0.8272 1.0497 0.0, -0.8286 1.0444 0.0787, -0.8286 1.0444 0.0, -0.831 1.0394 0.0787, -0.831 1.0394 0.0, -0.8341 1.0349 0.0787, -0.8341 1.0349 0.0, -0.838 1.031 0.0787, -0.838 1.031 0.0, -0.8425 1.0279 0.0787, -0.8425 1.0279 0.0, -0.8475 1.0255 0.0787, -0.8475 1.0255 0.0, -0.8528 1.0241 0.0787, -0.8528 1.0241 0.0, -0.8582 1.0236 0.0787, -0.8582 1.0236 0.0, -0.874 1.0236 0.0, -0.874 1.0236 0.0787, -0.8795 1.0241 0.0787, -0.8795 1.0241 0.0, -0.8848 1.0255 0.0787, -0.8848 1.0255 0.0, -0.8897 1.0279 0.0787, -0.8897 1.0279 0.0, -0.8942 1.031 0.0787, -0.8942 1.031 0.0, -0.8981 1.0349 0.0787, -0.8981 1.0349 0.0, -0.9013 1.0394 0.0787, -0.9013 1.0394 0.0, -0.9036 1.0444 0.0787, -0.9036 1.0444 0.0, -0.905 1.0497 0.0787, -0.905 1.0497 0.0, -1.1811 0.9055 0.0, -1.1811 0.8268 0.0, -1.1811 0.9055 0.0787, -1.1811 0.8268 0.0787, -1.0551 0.9055 0.0, -1.0551 0.9055 0.0787, -1.0496 0.905 0.0787, -1.0496 0.905 0.0, -1.0443 0.9036 0.0787, -1.0443 0.9036 0.0, -1.0393 0.9013 0.0787, -1.0393 0.9013 0.0, -1.0348 0.8982 0.0787, -1.0348 0.8982 0.0, -1.031 0.8943 0.0787, -1.031 0.8943 0.0, -1.0278 0.8898 0.0787, -1.0278 0.8898 0.0, -1.0255 0.8848 0.0787, -1.0255 0.8848 0.0, -1.0241 0.8795 0.0787, -1.0241 0.8795 0.0, -1.0236 0.874 0.0787, -1.0236 0.874 0.0, -1.0236 0.8583 0.0, -1.0236 0.8583 0.0787, -1.0241 0.8528 0.0787, -1.0241 0.8528 0.0, -1.0255 0.8475 0.0787, -1.0255 0.8475 0.0, -1.0278 0.8425 0.0787, -1.0278 0.8425 0.0, -1.031 0.838 0.0787, -1.031 0.838 0.0, -1.0348 0.8342 0.0787, -1.0348 0.8342 0.0, -1.0393 0.831 0.0787, -1.0393 0.831 0.0, -1.0443 0.8287 0.0787, -1.0443 0.8287 0.0, -1.0496 0.8273 0.0787, -1.0496 0.8273 0.0, -1.0551 0.8268 0.0787, -1.0551 0.8268 0.0
            ]
        }
        coordIndex [
            0,1,2,-1,2,1,3,-1,4,0,5,-1,5,0,2,-1,6,4,7,-1,7,4,5,-1,6,7,8,-1,6,8,9,-1,9,8,10,-1,9,10,11,-1,11,10,12,-1,11,12,13,-1,13,12,14,-1,13,14,15,-1,15,14,16,-1,15,16,17,-1,17,16,18,-1,17,18,19,-1,19,18,20,-1,19,20,21,-1,21,20,22,-1,21,22,23,-1,23,22,24,-1,23,24,25,-1,26,25,27,-1,27,25,24,-1,26,27,28,-1,26,28,29,-1,29,28,30,-1,29,30,31,-1,31,30,32,-1,31,32,33,-1,33,32,34,-1,33,34,35,-1,35,34,36,-1,35,36,37,-1,37,36,38,-1,37,38,39,-1,39,38,40,-1,39,40,41,-1,41,40,42,-1,41,42,43,-1,43,42,3,-1,43,3,1,-1,25,4,6,-1,43,1,31,-1,6,9,25,-1,25,9,11,-1,25,11,23,-1,4,25,0,-1,0,25,26,-1,0,26,1,-1,1,26,29,-1,1,29,31,-1,23,11,21,-1,21,11,13,-1,21,13,19,-1,19,13,15,-1,19,15,17,-1,43,31,41,-1,41,31,33,-1,41,33,39,-1,39,33,35,-1,39,35,37,-1,7,5,2,-1,27,2,3,-1,8,7,20,-1,3,42,27,-1,27,42,40,-1,27,40,28,-1,20,7,22,-1,2,27,7,-1,7,27,24,-1,7,24,22,-1,28,40,30,-1,30,40,38,-1,30,38,32,-1,32,38,36,-1,32,36,34,-1,8,20,10,-1,10,20,18,-1,10,18,12,-1,12,18,16,-1,12,16,14,-1,44,45,46,-1,46,45,47,-1,48,44,49,-1,49,44,46,-1,48,49,50,-1,48,50,51,-1,51,50,52,-1,51,52,53,-1,53,52,54,-1,53,54,55,-1,55,54,56,-1,55,56,57,-1,57,56,58,-1,57,58,59,-1,59,58,60,-1,59,60,61,-1,61,60,62,-1,61,62,63,-1,63,62,64,-1,63,64,65,-1,65,64,66,-1,65,66,67,-1,68,67,69,-1,69,67,66,-1,68,69,70,-1,68,70,71,-1,71,70,72,-1,71,72,73,-1,73,72,74,-1,73,74,75,-1,75,74,76,-1,75,76,77,-1,77,76,78,-1,77,78,79,-1,79,78,80,-1,79,80,81,-1,81,80,82,-1,81,82,83,-1,83,82,84,-1,83,84,85,-1,85,84,86,-1,85,86,87,-1,45,87,47,-1,47,87,86,-1,45,68,87,-1,87,68,71,-1,87,71,73,-1,45,44,68,-1,68,44,48,-1,68,48,67,-1,67,48,51,-1,67,51,53,-1,75,83,73,-1,73,83,85,-1,73,85,87,-1,75,77,83,-1,83,77,79,-1,83,79,81,-1,55,63,53,-1,53,63,65,-1,53,65,67,-1,55,57,63,-1,63,57,59,-1,63,59,61,-1,49,46,47,-1,69,86,70,-1,70,86,72,-1,52,50,66,-1,66,50,49,-1,66,49,69,-1,69,49,47,-1,69,47,86,-1,86,84,72,-1,72,84,82,-1,72,82,80,-1,80,78,72,-1,72,78,76,-1,72,76,74,-1,66,64,52,-1,52,64,62,-1,52,62,60,-1,60,58,52,-1,52,58,56,-1,52,56,54,-1,
        ]
    }
}
Shape{
    appearance Appearance {
        material  Material 	{
            diffuseColor 0.25098039215686274 0.25098039215686274 0.25098039215686274
            specularColor 0.12549019607843137 0.12549019607843137 0.12549019607843137
            ambientIntensity 0.251
            transparency 0.0
            shininess 0.5
        }
    }
    geometry IndexedFaceSet {
        ccw TRUE
        solid FALSE
        coord DEF co Coordinate {
            point [
                1.1016 -1.1811 0.3346, 1.1811 -1.1811 0.3346, 1.1811 0.7354 0.3346, 0.9479 -1.1811 0.3346, 1.1016 0.7354 0.3346, 0.8729 -1.1811 0.3346, 0.9479 0.7354 0.3346, 0.7374 0.7675 0.3346, 0.7339 0.7671 0.3346, 0.754 0.7671 0.3346, 0.4995 0.9117 0.3346, 0.5147 0.8984 0.3346, 0.5677 0.9755 0.3346, 0.5677 0.8941 0.3346, 0.4225 0.9838 0.3346, 0.4348 0.9755 0.3346, 0.4479 0.9668 0.3346, 0.4665 0.9453 0.3346, 0.4786 0.9218 0.3346, 0.4826 0.9204 0.3346, 0.3159 0.9827 0.3346, 0.3422 0.9929 0.3346, -0.3097 1.1811 0.3346, 0.5677 1.1811 0.3346, 0.3704 0.9964 0.3346, 0.3939 0.9939 0.3346, 0.3044 0.9755 0.3346, -0.3097 0.9755 0.3346, 0.3021 0.9742 0.3346, 0.2042 0.9282 0.3346, 0.1985 0.9229 0.3346, 0.1864 0.908 0.3346, 0.2234 0.9408 0.3346, 0.2447 0.9482 0.3346, 0.264 0.9502 0.3346, 0.2887 0.9627 0.3346, 0.2705 0.9499 0.3346, 0.2771 0.9491 0.3346, -0.3097 0.8706 0.3346, 0.1731 0.8706 0.3346, -0.3097 0.8941 0.3346, 0.1767 0.8879 0.3346, 0.1797 0.8941 0.3346, 0.2307 0.772 0.3346, 0.2105 0.7828 0.3346, -0.3097 0.7671 0.3346, 0.1812 0.8175 0.3346, 0.1738 0.8388 0.3346, 0.2412 0.7686 0.3346, 0.1957 0.796 0.3346, 0.193 0.799 0.3346, 0.1718 0.858 0.3346, 0.1721 0.8655 0.3346, 0.2554 0.746 0.3346, 0.2469 0.7565 0.3346, 0.2419 0.7671 0.3346, 0.3189 0.7354 0.3346, 0.309 0.7316 0.3346, 0.5677 -1.1811 0.3346, 0.2953 0.7299 0.3346, -0.3097 -1.1811 0.3346, 0.2931 0.73 0.3346, 0.2796 0.7321 0.3346, -0.3097 0.7354 0.3346, 0.2718 0.7354 0.3346, 0.2665 0.7376 0.3346, 0.3486 0.7671 0.3346, 0.3486 0.767 0.3346, 0.5677 0.7354 0.3346, 0.3419 0.7543 0.3346, 0.3331 0.7444 0.3346, 0.3217 0.7365 0.3346, 0.338 0.825 0.3346, 0.4143 0.8648 0.3346, 0.3281 0.834 0.3346, 0.316 0.8405 0.3346, 0.5349 0.844 0.3346, 0.5319 0.8254 0.3346, 0.5677 0.7671 0.3346, 0.5245 0.8075 0.3346, 0.4971 0.7792 0.3346, 0.4796 0.771 0.3346, 0.4621 0.7675 0.3346, 0.4185 0.7715 0.3346, 0.4163 0.7737 0.3346, 0.4994 0.8515 0.3346, 0.4967 0.8625 0.3346, 0.4924 0.8706 0.3346, 0.209 0.8706 0.3346, 0.4181 0.7985 0.3346, 0.4217 0.8009 0.3346, 0.4319 0.8347 0.3346, 0.4256 0.8023 0.3346, 0.5327 0.8646 0.3346, 0.535 0.8472 0.3346, 0.5677 0.8706 0.3346, 0.5139 0.7931 0.3346, 0.5121 0.7913 0.3346, 0.4285 0.7675 0.3346, 0.4262 0.7678 0.3346, 0.4224 0.7691 0.3346, 0.2123 0.8365 0.3346, 0.2192 0.8249 0.3346, 0.2481 0.8191 0.3346, 0.2294 0.8144 0.3346, 0.2418 0.8068 0.3346, 0.2692 0.8379 0.3346, 0.2575 0.8298 0.3346, 0.2076 0.8592 0.3346, 0.2083 0.8505 0.3346, 0.2817 0.8427 0.3346, 0.2953 0.8444 0.3346, 0.3022 0.8439 0.3346, 0.412 0.7851 0.3346, 0.4121 0.7868 0.3346, 0.3522 0.7926 0.3346, 0.4131 0.7912 0.3346, 0.4152 0.7952 0.3346, 0.4296 0.8028 0.3346, 0.4302 0.8028 0.3346, 0.4319 0.8024 0.3346, 0.4139 0.7773 0.3346, 0.4125 0.7812 0.3346, 0.3519 0.781 0.3346, 0.3522 0.7869 0.3346, 0.4881 0.8165 0.3346, 0.4944 0.8254 0.3346, 0.4983 0.8356 0.3346, 0.4997 0.8466 0.3346, 0.4331 0.8022 0.3346, 0.4587 0.8022 0.3346, 0.4688 0.8042 0.3346, 0.4789 0.8088 0.3346, 0.4873 0.8157 0.3346, 0.4507 0.891 0.3346, 0.2142 0.8856 0.3346, 0.2093 0.8729 0.3346, 0.4553 0.891 0.3346, 0.4915 0.8723 0.3346, 0.4848 0.8797 0.3346, 0.476 0.8859 0.3346, 0.4661 0.8897 0.3346, 0.2201 0.8941 0.3346, 0.2947 0.9075 0.3346, 0.2905 0.9098 0.3346, 0.4411 0.9209 0.3346, 0.4292 0.937 0.3346, 0.4229 0.943 0.3346, 0.4067 0.9537 0.3346, 0.3887 0.9602 0.3346, 0.2777 0.9145 0.3346, 0.2645 0.9161 0.3346, 0.2587 0.9158 0.3346, 0.4501 0.8941 0.3346, 0.4487 0.902 0.3346, 0.371 0.9622 0.3346, 0.368 0.9621 0.3346, 0.3024 0.924 0.3346, 0.349 0.9592 0.3346, 0.3148 0.9395 0.3346, 0.3305 0.9514 0.3346, 0.2447 0.9125 0.3346, 0.232 0.9058 0.3346, 0.2221 0.8969 0.3346, 0.5176 0.8941 0.3346, 0.526 0.882 0.3346, 0.5303 0.8706 0.3346, 0.8653 0.7769 0.3346, 0.8653 0.7678 0.3346, 0.8729 0.7671 0.3346, 0.8476 0.7671 0.3346, 0.8326 0.8038 0.3346, 0.8326 0.7769 0.3346, 0.8476 0.8038 0.3346, 0.8476 0.7769 0.3346, 0.8613 0.8038 0.3346, 0.8613 0.813 0.3346, 0.8326 0.8386 0.3346, 0.8326 0.813 0.3346, 0.8476 0.8386 0.3346, 0.8476 0.813 0.3346, 0.8635 0.8386 0.3346, 0.8476 0.7678 0.3346, 0.8223 0.7678 0.3346, 0.8169 0.7671 0.3346, 0.8223 0.8478 0.3346, 0.7094 0.8706 0.3346, 0.7143 0.8161 0.3346, 0.7161 0.8189 0.3346, 0.7163 0.7779 0.3346, 0.7174 0.7775 0.3346, 0.7174 0.7987 0.3346, 0.7174 0.8706 0.3346, 0.7156 0.8005 0.3346, 0.7145 0.8024 0.3346, 0.7127 0.7801 0.3346, 0.7173 0.7988 0.3346, 0.7133 0.8054 0.3346, 0.7128 0.8095 0.3346, 0.7131 0.8129 0.3346, 0.7127 0.7698 0.3346, 0.7094 0.7671 0.3346, 0.7174 0.7682 0.3346, 0.7174 0.7671 0.3346, 0.7198 0.7673 0.3346, 0.7218 0.7671 0.3346, 0.7283 0.7664 0.3346, 0.7174 0.7354 0.3346, 0.754 0.7354 0.3346, 0.7486 0.8237 0.3346, 0.7486 0.814 0.3346, 0.7498 0.7764 0.3346, 0.748 0.7737 0.3346, 0.7174 0.82 0.3346, 0.7192 0.8217 0.3346, 0.7216 0.8232 0.3346, 0.7509 0.7796 0.3346, 0.727 0.8253 0.3346, 0.7351 0.8263 0.3346, 0.754 0.8706 0.3346, 0.7421 0.8257 0.3346, 0.7449 0.771 0.3346, 0.7427 0.7696 0.3346, 0.748 0.7928 0.3346, 0.7497 0.7903 0.3346, 0.7509 0.7874 0.3346, 0.7514 0.7833 0.3346, 0.7341 0.8181 0.3346, 0.7311 0.8179 0.3346, 0.7231 0.8104 0.3346, 0.7284 0.8172 0.3346, 0.7262 0.816 0.3346, 0.7232 0.8091 0.3346, 0.7236 0.8075 0.3346, 0.7243 0.8062 0.3346, 0.7253 0.8051 0.3346, 0.7289 0.8029 0.3346, 0.7411 0.8173 0.3346, 0.7351 0.8002 0.3346, 0.7468 0.8151 0.3346, 0.739 0.7986 0.3346, 0.7456 0.7949 0.3346, 0.7247 0.8147 0.3346, 0.7238 0.8134 0.3346, 0.7233 0.812 0.3346, 0.7226 0.7754 0.3346, 0.728 0.7929 0.3346, 0.722 0.7957 0.3346, 0.7292 0.7746 0.3346, 0.7297 0.7746 0.3346, 0.7346 0.7902 0.3346, 0.7348 0.7752 0.3346, 0.7411 0.7824 0.3346, 0.741 0.7836 0.3346, 0.7374 0.7761 0.3346, 0.7383 0.7767 0.3346, 0.7395 0.7777 0.3346, 0.7403 0.779 0.3346, 0.7409 0.7804 0.3346, 0.7405 0.7852 0.3346, 0.7397 0.7865 0.3346, 0.7385 0.7878 0.3346, 0.9479 0.8941 0.3346, 0.9219 0.8948 0.3346, 0.9105 0.8948 0.3346, 0.9023 0.9167 0.3346, 0.8729 0.9167 0.3346, 0.8729 0.8941 0.3346, 0.8914 0.9749 0.3346, 0.9479 0.9755 0.3346, 0.8729 0.9755 0.3346, 0.8689 0.9167 0.3346, 0.8613 0.8948 0.3346, 0.8476 0.8941 0.3346, 0.8498 0.8948 0.3346, 0.8476 0.9755 0.3346, 0.8729 0.9554 0.3346, 0.8803 0.9749 0.3346, 0.7802 0.8948 0.3346, 0.7802 0.9749 0.3346, 0.7633 0.9657 0.3346, 0.7633 0.9749 0.3346, 0.803 0.9749 0.3346, 0.8169 0.9755 0.3346, 0.754 0.9755 0.3346, 0.754 0.9749 0.3346, 0.7651 0.9039 0.3346, 0.7651 0.8948 0.3346, 0.816 0.8965 0.3346, 0.8022 0.8948 0.3346, 0.8169 0.8941 0.3346, 0.754 0.8941 0.3346, 0.8432 0.9214 0.3346, 0.8393 0.9131 0.3346, 0.8361 0.9616 0.3346, 0.841 0.9546 0.3346, 0.8333 0.906 0.3346, 0.8251 0.9001 0.3346, 0.8169 0.8969 0.3346, 0.8333 0.9643 0.3346, 0.8153 0.9735 0.3346, 0.8169 0.9729 0.3346, 0.8249 0.97 0.3346, 0.844 0.947 0.3346, 0.8454 0.9359 0.3346, 0.8452 0.9308 0.3346, 0.7323 0.9309 0.3346, 0.7323 0.9039 0.3346, 0.754 0.9309 0.3346, 0.754 0.9039 0.3346, 0.761 0.9309 0.3346, 0.761 0.94 0.3346, 0.754 0.94 0.3346, 0.754 0.9657 0.3346, 0.7323 0.94 0.3346, 0.7323 0.9657 0.3346, 0.722 0.9749 0.3346, 0.7174 0.9755 0.3346, 0.722 0.8948 0.3346, -0.7912 0.9454 0.3346, -1.1811 0.9755 0.3346, -1.0429 0.9755 0.3346, -1.0425 0.9785 0.3346, -1.1811 1.1811 0.3346, -0.8551 1.0561 0.3346, -0.8287 1.0358 0.3346, -1.0297 1.0093 0.3346, -1.0094 1.0358 0.3346, -0.983 1.0561 0.3346, -0.8084 1.0093 0.3346, -0.7956 0.9785 0.3346, -0.7952 0.9755 0.3346, -0.9521 1.0688 0.3346, -0.919 1.0732 0.3346, -0.886 1.0688 0.3346, -1.1811 0.8941 0.3346, -1.0425 0.9123 0.3346, -1.0469 0.9454 0.3346, -1.1811 0.8706 0.3346, -1.0297 0.8815 0.3346, -1.035 0.8941 0.3346, -0.919 0.8176 0.3346, -0.9521 0.8219 0.3346, -1.1811 0.7671 0.3346, -0.8167 0.8706 0.3346, -0.8287 0.855 0.3346, -0.8551 0.8347 0.3346, -0.886 0.8219 0.3346, -0.983 0.8347 0.3346, -1.0094 0.855 0.3346, -1.0214 0.8706 0.3346, -0.7956 0.9123 0.3346, -0.8031 0.8941 0.3346, -0.8084 0.8815 0.3346, 0.7026 0.9755 0.3346, 0.7026 0.9739 0.3346, 0.7094 0.9755 0.3346, 0.706 0.9729 0.3346, 0.7094 0.8941 0.3346, 0.706 0.9621 0.3346, 0.706 0.908 0.3346, 0.7051 0.9626 0.3346, 0.7026 0.9065 0.3346, 0.7026 0.9636 0.3346, 0.6981 0.9045 0.3346, 0.6891 0.9028 0.3346, 0.6608 0.9165 0.3346, 0.6647 0.9111 0.3346, 0.6663 0.9096 0.3346, 0.6715 0.9059 0.3346, 0.6653 0.958 0.3346, 0.6609 0.952 0.3346, 0.6708 0.9625 0.3346, 0.677 0.9654 0.3346, 0.697 0.9657 0.3346, 0.6871 0.9669 0.3346, 0.657 0.931 0.3346, 0.684 0.9668 0.3346, 0.6569 0.9339 0.3346, 0.6582 0.9451 0.3346, 0.6772 0.9036 0.3346, 0.6853 0.9027 0.3346, 0.6583 0.923 0.3346, 0.6872 0.9762 0.3346, 0.6955 0.9755 0.3346, 0.6976 0.9754 0.3346, 0.687 0.9762 0.3346, 0.7026 1.1811 0.3346, 0.6815 0.9755 0.3346, 0.6448 1.1811 0.3346, 0.6768 0.8941 0.3346, 0.6703 0.8955 0.3346, 0.6448 0.8941 0.3346, 0.6628 0.899 0.3346, 0.6563 0.9044 0.3346, 0.6448 0.9755 0.3346, 0.6518 0.9568 0.3346, 0.6576 0.9644 0.3346, 0.655 0.9058 0.3346, 0.6504 0.9128 0.3346, 0.6473 0.9214 0.3346, 0.6595 0.9663 0.3346, 0.667 0.9715 0.3346, 0.6753 0.9748 0.3346, 0.646 0.9333 0.3346, 0.6462 0.9375 0.3346, 0.648 0.9479 0.3346, 0.679 0.8937 0.3346, 0.6448 0.8706 0.3346, 0.6838 0.8935 0.3346, 0.7026 0.8706 0.3346, 0.6909 0.8941 0.3346, 0.706 0.8981 0.3346, 0.7046 0.8974 0.3346, 0.7026 0.8941 0.3346, 0.7026 0.8968 0.3346, 0.696 0.8946 0.3346, 0.6436 0.7769 0.3346, 0.6436 0.7678 0.3346, 0.6448 0.7671 0.3346, 0.6005 0.7678 0.3346, 0.6432 0.7671 0.3346, 0.6432 0.7678 0.3346, 0.6005 0.8478 0.3346, 0.6418 0.8478 0.3346, 0.6418 0.8386 0.3346, 0.6432 0.8706 0.3346, 0.6432 0.7769 0.3346, 0.6109 0.8038 0.3346, 0.6109 0.7769 0.3346, 0.6395 0.8038 0.3346, 0.6395 0.813 0.3346, 0.6109 0.813 0.3346, 0.6109 0.8386 0.3346, 0.6656 0.7671 0.3346, 0.6651 0.7672 0.3346, 0.6588 0.821 0.3346, 0.6588 0.8112 0.3346, 0.6991 0.8046 0.3346, 0.6991 0.7678 0.3346, 0.7026 0.7671 0.3346, 0.6891 0.7678 0.3346, 0.6613 0.7687 0.3346, 0.6581 0.7709 0.3346, 0.657 0.772 0.3346, 0.6887 0.8245 0.3346, 0.692 0.8226 0.3346, 0.6549 0.7751 0.3346, 0.6537 0.7785 0.3346, 0.6532 0.7831 0.3346, 0.6844 0.8258 0.3346, 0.6947 0.82 0.3346, 0.6968 0.8168 0.3346, 0.6983 0.8123 0.3346, 0.6891 0.7766 0.3346, 0.6889 0.7766 0.3346, 0.6872 0.7741 0.3346, 0.684 0.7707 0.3346, 0.6532 0.7843 0.3346, 0.6539 0.7886 0.3346, 0.6552 0.7921 0.3346, 0.6572 0.795 0.3346, 0.6603 0.7977 0.3346, 0.6646 0.7999 0.3346, 0.6657 0.8156 0.3346, 0.6722 0.8018 0.3346, 0.681 0.8178 0.3346, 0.6775 0.8181 0.3346, 0.672 0.8176 0.3346, 0.6608 0.8221 0.3346, 0.6682 0.825 0.3346, 0.6785 0.8263 0.3346, 0.6891 0.8041 0.3346, 0.6888 0.8085 0.3346, 0.6878 0.8121 0.3346, 0.6866 0.8142 0.3346, 0.6851 0.8158 0.3346, 0.6833 0.8169 0.3346, 0.6767 0.7671 0.3346, 0.6762 0.7669 0.3346, 0.7026 0.7354 0.3346, 0.6448 0.7354 0.3346, 0.6713 0.7664 0.3346, 0.6699 0.7665 0.3346, 0.8011 0.825 0.3346, 0.8115 0.825 0.3346, 0.8169 0.8706 0.3346, 0.8476 0.8706 0.3346, 0.8476 0.8478 0.3346, 0.8729 0.8706 0.3346, 0.8635 0.8478 0.3346, 0.7787 0.7671 0.3346, 0.779 0.7679 0.3346, 0.7566 0.825 0.3346, 0.7678 0.825 0.3346, 0.7827 0.782 0.3346, 0.7855 0.7819 0.3346, 0.784 0.7773 0.3346, 0.7842 0.7773 0.3346, 0.7847 0.7792 0.3346, 0.8169 0.7354 0.3346, 0.7693 0.7413 0.3346, 0.7651 0.7408 0.3346, 0.7628 0.7409 0.3346, 0.7586 0.7417 0.3346, 0.7586 0.7506 0.3346, 0.7607 0.7499 0.3346, 0.7643 0.7494 0.3346, 0.7663 0.7496 0.3346, 0.7685 0.7503 0.3346, 0.7703 0.7514 0.3346, 0.7887 0.7671 0.3346, 0.7855 0.7591 0.3346, 0.7807 0.7499 0.3346, 0.777 0.7456 0.3346, 0.7767 0.7454 0.3346, 0.7732 0.7429 0.3346, 0.7724 0.7536 0.3346, 0.7746 0.7575 0.3346, 0.8729 0.7354 0.3346, 0.8476 -1.1811 0.3346, 0.8476 0.7354 0.3346, 0.8169 -1.1811 0.3346, 0.754 -1.1811 0.3346, 0.7174 -1.1811 0.3346, 0.7094 -1.1811 0.3346, 0.7094 0.7354 0.3346, 0.7026 -1.1811 0.3346, 0.6448 -1.1811 0.3346, 0.6432 -1.1811 0.3346, 0.6432 0.7354 0.3346, -1.1811 0.7354 0.3346, -1.1811 -1.1811 0.3346, 0.6803 0.7683 0.3346, 1.1016 0.7671 0.3346, 0.9479 0.7671 0.3346, 0.8805 0.7678 0.3346, 0.9435 0.7944 0.3346, 0.9395 0.7861 0.3346, 0.9336 0.779 0.3346, 0.9413 0.8276 0.3346, 0.9443 0.82 0.3346, 0.9479 0.8706 0.3346, 0.9457 0.8088 0.3346, 0.9454 0.8038 0.3346, 0.9253 0.7731 0.3346, 0.9162 0.7695 0.3346, 0.9025 0.7678 0.3346, 0.8805 0.8478 0.3346, 0.9033 0.8478 0.3346, 0.9155 0.8465 0.3346, 0.9252 0.843 0.3346, 0.9336 0.8372 0.3346, 0.9363 0.8346 0.3346, 0.9615 0.7678 0.3346, 0.9501 0.7678 0.3346, 1.0107 0.7678 0.3346, 1.0026 0.7897 0.3346, 0.9692 0.7897 0.3346, 0.9806 0.8478 0.3346, 0.9917 0.8478 0.3346, 0.6432 0.8941 0.3346, 0.7174 0.8941 0.3346, 0.6428 0.9039 0.3346, 0.6428 0.8948 0.3346, 0.6005 0.8948 0.3346, 0.6109 0.9749 0.3346, 0.6432 0.9755 0.3346, 0.6005 0.9749 0.3346, 0.6109 0.9039 0.3346, 0.754 0.8948 0.3346, 1.0221 0.7678 0.3346, 1.1016 0.8706 0.3346, 1.1016 0.8941 0.3346, 1.1016 0.9755 0.3346, 1.1811 0.7671 0.3346, 1.1811 0.8706 0.3346, 1.1811 0.8941 0.3346, 1.1811 0.9755 0.3346, 0.6432 1.1811 0.3346, 1.1811 1.1811 0.3346, 1.1016 1.1811 0.3346, 0.9479 1.1811 0.3346, 0.8729 1.1811 0.3346, 0.8476 1.1811 0.3346, 0.8169 1.1811 0.3346, 0.754 1.1811 0.3346, 0.7174 1.1811 0.3346, 0.7094 1.1811 0.3346, 1.1811 -1.1811 0.0079, 1.1811 -0.7972 0.0079, 1.1811 0.4626 0.0787, 1.1811 0.4626 0.0079, 1.1811 0.5315 0.0079, 1.1811 -0.7185 0.0079, 1.1811 -0.6496 0.0079, 1.1811 -0.7185 0.0787, 1.1811 -0.6496 0.0787, 1.1811 0.6102 0.0079, 1.1811 0.6791 0.0079, 1.1811 0.6102 0.0787, 1.1811 0.6791 0.0787, 1.1811 -0.7972 0.0787, 1.1811 -0.5709 0.0787, 1.1811 -0.4232 0.0787, 1.1811 -0.4232 0.0079, 1.1811 -0.3543 0.0079, 1.1811 0.7579 0.0079, 1.1811 0.8268 0.0079, 1.1811 0.7579 0.0787, 1.1811 0.8268 0.0787, 1.1811 -0.3543 0.0787, 1.1811 -0.2756 0.0787, 1.1811 0.9055 0.0079, 1.1811 1.1811 0.0079, 1.1811 0.9055 0.0787, 1.1811 0.5315 0.0787, 1.1811 -0.502 0.0787, 1.1811 -0.502 0.0079, 1.1811 -0.5709 0.0079, 1.1811 -0.1279 0.0787, 1.1811 -0.1279 0.0079, 1.1811 -0.059 0.0079, 1.1811 -0.059 0.0787, 1.1811 0.0197 0.0787, 1.1811 -0.2067 0.0787, 1.1811 -0.2067 0.0079, 1.1811 -0.2756 0.0079, 1.1811 0.1673 0.0787, 1.1811 0.1673 0.0079, 1.1811 0.2362 0.0079, 1.1811 0.2362 0.0787, 1.1811 0.315 0.0787, 1.1811 0.0886 0.0787, 1.1811 0.0886 0.0079, 1.1811 0.0197 0.0079, 1.1811 0.3839 0.0787, 1.1811 0.3839 0.0079, 1.1811 0.315 0.0079, 0.9055 -1.1811 0.0787, 0.9055 -1.1811 0.0079, 0.4331 -1.1811 0.0079, 0.5118 -1.1811 0.0079, 0.4331 -1.1811 0.0787, 0.5118 -1.1811 0.0787, -1.1811 -1.1811 0.0079, -0.9055 -1.1811 0.0079, -0.9055 -1.1811 0.0787, -0.8267 -1.1811 0.0787, -0.5905 -1.1811 0.0787, -0.5118 -1.1811 0.0787, -0.6693 -1.1811 0.0787, -0.6693 -1.1811 0.0079, -0.5905 -1.1811 0.0079, 0.5906 -1.1811 0.0079, 0.6693 -1.1811 0.0079, 0.5906 -1.1811 0.0787, 0.6693 -1.1811 0.0787, 0.7481 -1.1811 0.0079, 0.8268 -1.1811 0.0079, 0.7481 -1.1811 0.0787, 0.8268 -1.1811 0.0787, -0.748 -1.1811 0.0787, -0.748 -1.1811 0.0079, -0.8267 -1.1811 0.0079, -0.3543 -1.1811 0.0079, -0.2756 -1.1811 0.0079, -0.3543 -1.1811 0.0787, -0.2756 -1.1811 0.0787, -0.5118 -1.1811 0.0079, -0.433 -1.1811 0.0079, -0.433 -1.1811 0.0787, -0.1968 -1.1811 0.0787, 0.0394 -1.1811 0.0787, 0.1181 -1.1811 0.0787, -0.0393 -1.1811 0.0787, -0.0393 -1.1811 0.0079, 0.0394 -1.1811 0.0079, -0.1181 -1.1811 0.0787, -0.1181 -1.1811 0.0079, -0.1968 -1.1811 0.0079, 0.2756 -1.1811 0.0787, 0.2756 -1.1811 0.0079, 0.3544 -1.1811 0.0079, 0.3544 -1.1811 0.0787, 0.1969 -1.1811 0.0787, 0.1969 -1.1811 0.0079, 0.1181 -1.1811 0.0079, -1.1811 0.3839 0.0787, -1.1811 0.4626 0.0787, -1.1811 0.8268 0.0079, -1.1811 0.7579 0.0079, -1.1811 0.8268 0.0787, -1.1811 0.7579 0.0787, -1.1811 0.5315 0.0787, -1.1811 0.5315 0.0079, -1.1811 0.4626 0.0079, -1.1811 0.2362 0.0787, -1.1811 0.315 0.0787, -1.1811 0.315 0.0079, -1.1811 0.3839 0.0079, -1.1811 0.9055 0.0787, -1.1811 1.1811 0.0079, -1.1811 0.9055 0.0079, -1.1811 0.0886 0.0787, -1.1811 0.0886 0.0079, -1.1811 0.0197 0.0079, -1.1811 0.6791 0.0787, -1.1811 0.0197 0.0787, -1.1811 -0.059 0.0787, -1.1811 0.1673 0.0787, -1.1811 0.1673 0.0079, -1.1811 0.2362 0.0079, -1.1811 0.6791 0.0079, -1.1811 0.6102 0.0079, -1.1811 0.6102 0.0787, -1.1811 -0.2067 0.0787, -1.1811 -0.2067 0.0079, -1.1811 -0.2756 0.0079, -1.1811 -0.2756 0.0787, -1.1811 -0.3543 0.0787, -1.1811 -0.1279 0.0787, -1.1811 -0.1279 0.0079, -1.1811 -0.059 0.0079, -1.1811 -0.502 0.0787, -1.1811 -0.502 0.0079, -1.1811 -0.5709 0.0079, -1.1811 -0.5709 0.0787, -1.1811 -0.6496 0.0787, -1.1811 -0.4232 0.0787, -1.1811 -0.4232 0.0079, -1.1811 -0.3543 0.0079, -1.1811 -0.7972 0.0079, -1.1811 -0.7972 0.0787, -1.1811 -0.7185 0.0787, -1.1811 -0.7185 0.0079, -1.1811 -0.6496 0.0079, 0.3544 1.1811 0.0787, 0.3544 1.1811 0.0079, 0.2756 1.1811 0.0079, 0.2756 1.1811 0.0787, 0.1969 1.1811 0.0787, 0.5118 1.1811 0.0787, 0.5118 1.1811 0.0079, 0.4331 1.1811 0.0079, 0.4331 1.1811 0.0787, 0.8268 1.1811 0.0787, 0.0394 1.1811 0.0787, 0.0394 1.1811 0.0079, -0.0393 1.1811 0.0079, 0.8268 1.1811 0.0079, 0.7481 1.1811 0.0079, 0.7481 1.1811 0.0787, 0.6693 1.1811 0.0787, -0.0393 1.1811 0.0787, -0.1181 1.1811 0.0787, 0.1181 1.1811 0.0787, 0.1181 1.1811 0.0079, 0.1969 1.1811 0.0079, 0.9055 1.1811 0.0787, 0.6693 1.1811 0.0079, 0.5906 1.1811 0.0079, 0.5906 1.1811 0.0787, 0.9055 1.1811 0.0079, -0.2756 1.1811 0.0079, -0.3543 1.1811 0.0079, -0.2756 1.1811 0.0787, -0.3543 1.1811 0.0787, -0.1181 1.1811 0.0079, -0.1968 1.1811 0.0079, -0.1968 1.1811 0.0787, -0.433 1.1811 0.0787, -0.5905 1.1811 0.0787, -0.5905 1.1811 0.0079, -0.6693 1.1811 0.0079, -0.6693 1.1811 0.0787, -0.748 1.1811 0.0787, -0.5118 1.1811 0.0787, -0.5118 1.1811 0.0079, -0.433 1.1811 0.0079, -0.9055 1.1811 0.0079, -0.9055 1.1811 0.0787, -0.8267 1.1811 0.0787, -0.8267 1.1811 0.0079, -0.748 1.1811 0.0079, -1.0244 0.5858 0.0079, -1.0267 0.5924 0.0079, -0.7874 0.6784 0.0079, -0.7586 0.6496 0.0079, -0.7507 0.6306 0.0079, -1.0236 0.563 0.0079, 0.9045 -1.047 0.0079, 0.9055 -1.0551 0.0079, -0.9044 1.047 0.0079, -0.9055 1.0551 0.0079, -1.0236 0.5788 0.0079, 0.9013 -1.0394 0.0079, 0.8963 -1.0328 0.0079, 0.7874 -0.7874 0.0079, 0.8898 -1.0278 0.0079, 0.8822 -1.0247 0.0079, -0.9013 1.0394 0.0079, -0.8963 1.0329 0.0079, -0.7874 0.7874 0.0079, 0.4174 1.0279 0.0079, 0.4239 1.0329 0.0079, 0.7874 0.7874 0.0079, -0.7711 0.6659 0.0079, 0.7438 -1.0394 0.0079, 0.7388 -1.0328 0.0079, 0.8279 -1.047 0.0079, 1.0415 0.3119 0.0079, 1.0355 0.3081 0.0079, 1.0481 0.3847 0.0079, 1.0551 0.6791 0.0079, 1.0551 0.6102 0.0079, 1.0481 0.6799 0.0079, 1.0481 0.6095 0.0079, 1.0415 0.6071 0.0079, 0.5748 1.0279 0.0079, 0.5814 1.0329 0.0079, 0.8963 1.0329 0.0079, 0.9013 1.0394 0.0079, 0.9045 1.047 0.0079, 0.9055 1.0551 0.0079, -1.0267 0.8877 0.0079, -1.0305 0.8937 0.0079, -1.0355 0.8987 0.0079, -1.0414 0.9024 0.0079, -1.0551 -0.7972 0.0079, -1.0244 -0.0048 0.0079, -1.0267 0.0019 0.0079, -0.7874 0.5421 0.0079, 0.874 -1.0236 0.0079, 0.8583 -1.0236 0.0079, 0.8501 -1.0247 0.0079, -0.9013 -1.0394 0.0079, -0.9044 -1.047 0.0079, -0.9055 -1.0551 0.0079, 1.0551 0.5315 0.0079, 1.0551 0.4626 0.0079, 1.0481 0.5323 0.0079, 1.0481 0.4618 0.0079, 1.0415 0.4595 0.0079, -0.8425 1.0279 0.0079, -0.836 1.0329 0.0079, 0.7323 1.0279 0.0079, 0.7388 1.0329 0.0079, 0.836 1.0329 0.0079, 0.8425 1.0279 0.0079, 0.8501 1.0247 0.0079, 0.8583 1.0236 0.0079, -1.0305 0.691 0.0079, -1.0267 0.697 0.0079, -1.0244 0.7036 0.0079, -0.748 0.6102 0.0079, -0.7507 0.5899 0.0079, -0.7586 0.5709 0.0079, -1.0244 0.1428 0.0079, -1.0267 0.1495 0.0079, -0.5748 -1.0278 0.0079, -0.5813 -1.0328 0.0079, -0.7874 -0.7874 0.0079, -0.8425 -1.0278 0.0079, -0.8501 -1.0247 0.0079, -0.8582 -1.0236 0.0079, -0.8963 -1.0328 0.0079, -0.8897 -1.0278 0.0079, 1.0551 0.3839 0.0079, 1.0551 0.315 0.0079, 1.0481 0.3142 0.0079, 0.874 1.0236 0.0079, 0.8822 1.0247 0.0079, 0.8898 1.0279 0.0079, -1.0355 0.686 0.0079, -1.0414 0.6823 0.0079, -1.0305 0.5984 0.0079, -1.0481 0.6799 0.0079, -1.0355 0.6034 0.0079, -1.0414 0.6071 0.0079, -1.0414 0.8299 0.0079, -1.0355 0.8337 0.0079, -1.0481 0.7571 0.0079, -1.0414 0.7548 0.0079, -1.0481 0.9047 0.0079, -1.0551 0.9055 0.0079, -0.7711 0.5546 0.0079, -1.0244 0.556 0.0079, -1.0267 0.5493 0.0079, 0.8425 -1.0278 0.0079, 0.836 -1.0328 0.0079, 0.831 -1.0394 0.0079, 0.7323 -1.0278 0.0079, 0.7247 -1.0247 0.0079, 0.7166 -1.0236 0.0079, 0.5211 -1.0328 0.0079, 0.5276 -1.0278 0.0079, 0.5352 -1.0247 0.0079, -0.7323 -1.0278 0.0079, -0.7388 -1.0328 0.0079, -0.874 -1.0236 0.0079, -0.8821 -1.0247 0.0079, -0.7388 1.0329 0.0079, -0.7323 1.0279 0.0079, -0.7247 1.0247 0.0079, -0.7165 1.0236 0.0079, -0.521 1.0329 0.0079, -0.5275 1.0279 0.0079, -0.5351 1.0247 0.0079, -0.516 1.0394 0.0079, -0.4238 1.0329 0.0079, -0.5129 1.047 0.0079, -1.0236 0.8583 0.0079, -1.0236 0.874 0.0079, -1.0244 0.881 0.0079, -1.0355 0.0955 0.0079, -1.0305 0.1005 0.0079, 0.7008 -1.0236 0.0079, 0.6927 -1.0247 0.0079, 0.6851 -1.0278 0.0079, 0.6785 -1.0328 0.0079, 0.5895 -1.047 0.0079, 0.5864 -1.0394 0.0079, 0.6735 -1.0394 0.0079, 0.5814 -1.0328 0.0079, 0.5748 -1.0278 0.0079, 1.0551 -0.2067 0.0079, 1.0551 -0.2756 0.0079, 1.0481 -0.2059 0.0079, 1.0481 -0.2764 0.0079, 1.0415 -0.2787 0.0079, 1.0551 0.2362 0.0079, 1.0551 0.1673 0.0079, 1.0481 0.237 0.0079, 1.0481 0.1665 0.0079, 1.0415 0.1642 0.0079, -0.8897 1.0279 0.0079, -0.8821 1.0247 0.0079, -0.874 1.0236 0.0079, -0.831 1.0394 0.0079, -0.8278 1.047 0.0079, -0.7008 1.0236 0.0079, -0.6926 1.0247 0.0079, -0.685 1.0279 0.0079, -0.6785 1.0329 0.0079, -0.5748 1.0279 0.0079, -0.5813 1.0329 0.0079, -0.6735 1.0394 0.0079, -0.6703 1.047 0.0079, -0.3858 1.0236 0.0079, -0.3776 1.0247 0.0079, -0.37 1.0279 0.0079, -0.3635 1.0329 0.0079, 0.5352 1.0247 0.0079, 0.5433 1.0236 0.0079, 0.5864 1.0394 0.0079, 0.6785 1.0329 0.0079, 0.5895 1.047 0.0079, 0.831 1.0394 0.0079, 0.8279 1.047 0.0079, -1.0551 0.6102 0.0079, -1.0236 0.7106 0.0079, -1.0236 0.7264 0.0079, -1.0244 0.7334 0.0079, -1.0267 0.7401 0.0079, -1.0305 0.746 0.0079, -1.0355 0.751 0.0079, -1.0305 0.8386 0.0079, -1.0267 0.8446 0.0079, -1.0244 0.8513 0.0079, -1.0267 -0.1889 0.0079, -1.0267 -0.2934 0.0079, -1.0305 -0.2874 0.0079, -1.0551 -0.7185 0.0079, -1.0551 -0.6496 0.0079, -1.0481 -0.7193 0.0079, -1.0481 -0.6488 0.0079, -1.0414 -0.6465 0.0079, -1.0236 0.1358 0.0079, -1.0267 0.2541 0.0079, -1.0305 0.1555 0.0079, -1.0414 0.3119 0.0079, -1.0481 0.3142 0.0079, -1.0414 0.387 0.0079, 0.8268 -1.0551 0.0079, 0.7481 -1.0551 0.0079, 0.747 -1.047 0.0079, 0.5672 -1.0247 0.0079, 0.5591 -1.0236 0.0079, 0.5433 -1.0236 0.0079, 0.432 -1.047 0.0079, 0.4289 -1.0394 0.0079, 0.5161 -1.0394 0.0079, 0.4239 -1.0328 0.0079, 0.3859 -1.0236 0.0079, 0.3777 -1.0247 0.0079, 0.3701 -1.0278 0.0079, 0.3636 -1.0328 0.0079, 1.0551 -0.3543 0.0079, 1.0551 -0.4232 0.0079, 1.0481 -0.3535 0.0079, 1.0481 -0.424 0.0079, 1.0415 -0.4263 0.0079, -0.8582 1.0236 0.0079, -0.8501 1.0247 0.0079, -0.8267 1.0551 0.0079, -0.5672 1.0247 0.0079, -0.559 1.0236 0.0079, -0.5433 1.0236 0.0079, 0.5276 1.0279 0.0079, 0.5211 1.0329 0.0079, 0.4289 1.0394 0.0079, 0.432 1.047 0.0079, 0.5591 1.0236 0.0079, 0.5672 1.0247 0.0079, 0.6927 1.0247 0.0079, 0.7008 1.0236 0.0079, -1.0481 0.6095 0.0079, -1.0551 0.6791 0.0079, -1.0481 -0.7964 0.0079, -1.0414 -0.7941 0.0079, -1.0355 -0.7904 0.0079, -1.0305 -0.7854 0.0079, -1.0551 -0.4232 0.0079, -1.0551 -0.3543 0.0079, -1.0481 -0.424 0.0079, -1.0481 -0.3535 0.0079, -1.0414 -0.3512 0.0079, -1.0551 -0.5709 0.0079, -1.0551 -0.502 0.0079, -1.0481 -0.5716 0.0079, -1.0481 -0.5012 0.0079, -1.0414 -0.4988 0.0079, -1.0267 -0.0412 0.0079, -1.0244 -0.0346 0.0079, -1.0236 -0.0275 0.0079, -1.0236 -0.0118 0.0079, -1.0236 0.2677 0.0079, -1.0236 0.2835 0.0079, -1.0355 0.3081 0.0079, -1.0355 0.3907 0.0079, -1.0305 0.3957 0.0079, -1.0267 0.2971 0.0079, -1.0244 0.2905 0.0079, -1.0551 0.4626 0.0079, -1.0551 0.5315 0.0079, -1.0481 0.4618 0.0079, -1.0481 0.5323 0.0079, -1.0414 0.5346 0.0079, 0.6693 -1.0551 0.0079, -0.5129 -1.047 0.0079, -0.516 -1.0394 0.0079, -0.4288 -1.0394 0.0079, -0.521 -1.0328 0.0079, -0.4238 -1.0328 0.0079, -0.5275 -1.0278 0.0079, -0.5351 -1.0247 0.0079, -0.5433 -1.0236 0.0079, -0.7438 -1.0394 0.0079, -0.8278 -1.047 0.0079, -0.831 -1.0394 0.0079, -0.836 -1.0328 0.0079, 1.0551 -0.502 0.0079, 1.0551 -0.5709 0.0079, 1.0481 -0.5012 0.0079, 1.0481 -0.5716 0.0079, 1.0415 -0.574 0.0079, -0.748 1.0551 0.0079, -0.7469 1.047 0.0079, -0.7438 1.0394 0.0079, -0.6693 1.0551 0.0079, -0.5118 1.0551 0.0079, -0.4173 1.0279 0.0079, -0.4097 1.0247 0.0079, -0.4015 1.0236 0.0079, -0.3554 1.047 0.0079, -0.2663 1.0329 0.0079, -0.3585 1.0394 0.0079, 0.4331 1.0551 0.0079, 0.6851 1.0279 0.0079, 0.7166 1.0236 0.0079, 0.7247 1.0247 0.0079, -1.0414 0.0166 0.0079, -1.0481 0.0189 0.0079, -1.0414 0.0917 0.0079, -1.0267 0.1064 0.0079, -1.0244 0.1131 0.0079, -1.0236 0.1201 0.0079, -1.0244 0.2607 0.0079, -1.0305 0.3031 0.0079, 0.6704 -1.047 0.0079, 0.5906 -1.0551 0.0079, 0.5118 -1.0551 0.0079, 0.4174 -1.0278 0.0079, 0.4098 -1.0247 0.0079, 0.4016 -1.0236 0.0079, 0.3586 -1.0394 0.0079, 0.2745 -1.047 0.0079, 0.2714 -1.0394 0.0079, 0.2664 -1.0328 0.0079, -0.2598 -1.0278 0.0079, -0.2663 -1.0328 0.0079, -0.559 -1.0236 0.0079, -0.5672 -1.0247 0.0079, -0.6703 -1.047 0.0079, -0.6735 -1.0394 0.0079, -0.5863 -1.0394 0.0079, -0.6785 -1.0328 0.0079, -0.6926 -1.0247 0.0079, -0.7008 -1.0236 0.0079, 1.0551 -0.7972 0.0079, 1.0481 -0.7964 0.0079, 1.0551 -0.6496 0.0079, 1.0551 -0.7185 0.0079, 1.0481 -0.6488 0.0079, 1.0481 -0.7193 0.0079, 1.0415 -0.7216 0.0079, -0.5905 1.0551 0.0079, -0.5894 1.047 0.0079, -0.5863 1.0394 0.0079, -0.433 1.0551 0.0079, -0.432 1.047 0.0079, -0.4288 1.0394 0.0079, -0.2283 1.0236 0.0079, -0.2202 1.0247 0.0079, -0.2126 1.0279 0.0079, -0.206 1.0329 0.0079, 0.3701 1.0279 0.0079, 0.2664 1.0329 0.0079, 0.3636 1.0329 0.0079, 0.2714 1.0394 0.0079, 0.2745 1.047 0.0079, 0.3777 1.0247 0.0079, 0.3859 1.0236 0.0079, 0.5118 1.0551 0.0079, 0.5129 1.047 0.0079, 0.5161 1.0394 0.0079, 0.5906 1.0551 0.0079, 0.7481 1.0551 0.0079, 0.8268 1.0551 0.0079, 0.747 1.047 0.0079, 0.7438 1.0394 0.0079, -1.0551 0.7579 0.0079, -1.0551 0.8268 0.0079, -1.0481 0.8276 0.0079, -1.0355 0.0128 0.0079, -1.0414 0.2393 0.0079, -1.0355 0.2431 0.0079, -1.0481 0.1665 0.0079, -1.0305 0.2481 0.0079, -1.0414 0.1642 0.0079, -1.0355 0.1605 0.0079, -1.0551 0.1673 0.0079, -1.0551 0.2362 0.0079, -1.0481 0.237 0.0079, -1.0267 0.4017 0.0079, -1.0244 0.4084 0.0079, -1.0236 0.4154 0.0079, 0.5129 -1.047 0.0079, 0.4331 -1.0551 0.0079, 0.3544 -1.0551 0.0079, 0.2284 -1.0236 0.0079, 0.2202 -1.0247 0.0079, 0.2126 -1.0278 0.0079, 0.2061 -1.0328 0.0079, -0.433 -1.0551 0.0079, -0.685 -1.0278 0.0079, -0.7165 -1.0236 0.0079, -0.7247 -1.0247 0.0079, -0.748 -1.0551 0.0079, 1.0305 -0.1948 0.0079, 1.0355 -0.1998 0.0079, -0.1979 1.047 0.0079, -0.1089 1.0329 0.0079, -0.201 1.0394 0.0079, -0.0708 1.0236 0.0079, -0.0627 1.0247 0.0079, -0.0551 1.0279 0.0079, -0.0486 1.0329 0.0079, -0.0404 1.047 0.0079, 0.0486 1.0329 0.0079, -0.0436 1.0394 0.0079, 0.2011 1.0394 0.0079, 0.2061 1.0329 0.0079, 0.1089 1.0329 0.0079, 0.4016 1.0236 0.0079, 0.4098 1.0247 0.0079, 0.6693 1.0551 0.0079, 0.6704 1.047 0.0079, 0.6735 1.0394 0.0079, -1.0267 -0.7794 0.0079, -1.0244 -0.7727 0.0079, -1.0236 -0.7657 0.0079, -1.0267 -0.7363 0.0079, -1.0267 -0.6318 0.0079, -1.0305 -0.7304 0.0079, -1.0414 -0.0559 0.0079, -1.0355 -0.0522 0.0079, -1.0481 -0.1287 0.0079, -1.0305 -0.0472 0.0079, -1.0414 -0.1311 0.0079, -1.0355 -0.1348 0.0079, -1.0305 -0.1398 0.0079, -1.0355 -0.2825 0.0079, -1.0414 -0.2787 0.0079, -1.0305 -0.1948 0.0079, -1.0481 -0.2764 0.0079, -1.0355 -0.1998 0.0079, -1.0414 -0.2036 0.0079, -1.0305 0.0078 0.0079, -1.0551 0.315 0.0079, -1.0551 0.3839 0.0079, -1.0481 0.3847 0.0079, -1.0236 0.4311 0.0079, -1.0244 0.4381 0.0079, -1.0267 0.4448 0.0079, -1.0355 0.5384 0.0079, -1.0305 0.5434 0.0079, -1.0414 0.4595 0.0079, -1.0355 0.4557 0.0079, -1.0305 0.4507 0.0079, 0.3554 -1.047 0.0079, 0.2756 -1.0551 0.0079, 0.2599 -1.0278 0.0079, 0.2523 -1.0247 0.0079, 0.2441 -1.0236 0.0079, -0.1979 -1.047 0.0079, -0.1089 -1.0328 0.0079, -0.1139 -1.0394 0.0079, -0.201 -1.0394 0.0079, -0.206 -1.0328 0.0079, -0.1023 -1.0278 0.0079, -0.432 -1.047 0.0079, -0.5118 -1.0551 0.0079, -0.5905 -1.0551 0.0079, -0.7469 -1.047 0.0079, -0.8267 -1.0551 0.0079, 1.0551 0.0886 0.0079, 1.0551 0.0197 0.0079, 1.0481 0.0894 0.0079, 1.0481 0.0189 0.0079, 1.0415 0.0166 0.0079, -0.3543 1.0551 0.0079, -0.2598 1.0279 0.0079, -0.2522 1.0247 0.0079, -0.2441 1.0236 0.0079, 0.0866 1.0236 0.0079, 0.0948 1.0247 0.0079, 0.1024 1.0279 0.0079, -1.0236 -0.75 0.0079, -1.0244 -0.743 0.0079, -1.0305 -0.5827 0.0079, -1.0267 -0.4841 0.0079, -1.0267 -0.5887 0.0079, -1.0244 -0.4775 0.0079, -1.0551 -0.1279 0.0079, -1.0551 -0.059 0.0079, -1.0481 -0.0583 0.0079, -1.0551 -0.2756 0.0079, -1.0551 -0.2067 0.0079, -1.0481 -0.2059 0.0079, -0.4015 -1.0236 0.0079, -0.4097 -1.0247 0.0079, -0.5894 -1.047 0.0079, -0.6693 -1.0551 0.0079, 1.0551 -0.059 0.0079, 1.0551 -0.1279 0.0079, 1.0481 -0.0583 0.0079, 1.0481 -0.1287 0.0079, 1.0415 -0.1311 0.0079, -0.2756 1.0551 0.0079, -0.2745 1.047 0.0079, -0.2713 1.0394 0.0079, -0.1968 1.0551 0.0079, -0.1023 1.0279 0.0079, -0.0947 1.0247 0.0079, -0.0866 1.0236 0.0079, -0.0393 1.0551 0.0079, 0.2441 1.0236 0.0079, 0.2523 1.0247 0.0079, 0.2756 1.0551 0.0079, -1.0355 -0.6427 0.0079, -1.0305 -0.6377 0.0079, -1.0414 -0.7216 0.0079, -1.0355 -0.7254 0.0079, -1.0267 -0.3365 0.0079, -1.0267 -0.441 0.0079, -1.0305 -0.4351 0.0079, -1.0551 0.0197 0.0079, -1.0551 0.0886 0.0079, -1.0481 0.0894 0.0079, 0.2011 -1.0394 0.0079, 0.1171 -1.047 0.0079, 0.1139 -1.0394 0.0079, 0.1089 -1.0328 0.0079, -0.2126 -1.0278 0.0079, -0.0866 -1.0236 0.0079, -0.0947 -1.0247 0.0079, -0.2713 -1.0394 0.0079, -0.3554 -1.047 0.0079, -0.3585 -1.0394 0.0079, -0.3635 -1.0328 0.0079, -0.4173 -1.0278 0.0079, 1.0305 0.8386 0.0079, 1.0355 0.8337 0.0079, 1.0481 0.7571 0.0079, 1.0415 0.8299 0.0079, 1.0244 -0.3298 0.0079, 1.0268 -0.3365 0.0079, -0.1181 1.0551 0.0079, -0.117 1.047 0.0079, -0.1139 1.0394 0.0079, 0.0394 1.0551 0.0079, 0.0405 1.047 0.0079, 0.0436 1.0394 0.0079, 0.0551 1.0279 0.0079, 0.0627 1.0247 0.0079, 0.0709 1.0236 0.0079, 0.2599 1.0279 0.0079, 0.3544 1.0551 0.0079, 0.3554 1.047 0.0079, 0.3586 1.0394 0.0079, -0.1181 -1.0551 0.0079, 0.1969 -1.0551 0.0079, -0.0404 -1.047 0.0079, 0.0486 -1.0328 0.0079, 0.0436 -1.0394 0.0079, -0.0436 -1.0394 0.0079, -0.0486 -1.0328 0.0079, 0.0551 -1.0278 0.0079, -0.2756 -1.0551 0.0079, -0.37 -1.0278 0.0079, -0.3776 -1.0247 0.0079, -0.3858 -1.0236 0.0079, 1.0415 0.9024 0.0079, 1.0355 0.8987 0.0079, 1.0237 0.1201 0.0079, 1.0244 0.1131 0.0079, 1.0268 0.1064 0.0079, 1.0305 0.1005 0.0079, 1.0355 0.0955 0.0079, 1.0237 -0.0275 0.0079, 1.0244 -0.0346 0.0079, -1.0244 -0.6251 0.0079, -1.0236 -0.6181 0.0079, -1.0236 -0.6024 0.0079, -1.0355 -0.4951 0.0079, -1.0305 -0.4901 0.0079, -1.0414 -0.574 0.0079, -1.0355 -0.5777 0.0079, -0.117 -1.047 0.0079, -0.1968 -1.0551 0.0079, 0.198 -1.047 0.0079, 0.1181 -1.0551 0.0079, -0.2745 -1.047 0.0079, -0.3543 -1.0551 0.0079, 1.0551 0.9055 0.0079, 1.0481 0.9047 0.0079, 1.0244 0.7334 0.0079, 1.0237 0.7264 0.0079, 1.0237 0.7106 0.0079, 1.0355 0.6034 0.0079, 1.0305 0.5984 0.0079, 1.0415 0.6823 0.0079, 1.0268 0.5924 0.0079, 1.0355 0.686 0.0079, 1.0244 0.5858 0.0079, 1.0237 0.5788 0.0079, 1.0268 0.4448 0.0079, 1.0244 0.4381 0.0079, 1.0237 0.4311 0.0079, 1.0305 0.2481 0.0079, 1.0355 0.2431 0.0079, 1.0237 -0.3228 0.0079, 0.1181 1.0551 0.0079, 0.2126 1.0279 0.0079, 0.2202 1.0247 0.0079, 0.2284 1.0236 0.0079, -1.0355 -0.3474 0.0079, -1.0305 -0.3425 0.0079, -1.0414 -0.4263 0.0079, -1.0355 -0.4301 0.0079, -0.0551 -1.0278 0.0079, 0.0709 -1.0236 0.0079, 0.0627 -1.0247 0.0079, 1.0551 0.8268 0.0079, 1.0244 0.7036 0.0079, 1.0268 0.697 0.0079, 1.0305 0.691 0.0079, 1.0237 0.563 0.0079, 1.0244 0.556 0.0079, 1.0268 0.5493 0.0079, 1.0305 0.5434 0.0079, 1.0355 0.4557 0.0079, 1.0305 0.4507 0.0079, 1.0415 0.5346 0.0079, 1.0355 0.5384 0.0079, 1.0305 0.3957 0.0079, 1.0355 0.3907 0.0079, 1.0415 0.387 0.0079, 1.0268 -0.0412 0.0079, 1.0305 -0.0472 0.0079, 1.0355 -0.0522 0.0079, 1.0355 -0.2825 0.0079, 1.0305 -0.2874 0.0079, 1.0415 -0.2036 0.0079, 1.0268 -0.2934 0.0079, 1.0244 -0.3001 0.0079, 1.0237 -0.3071 0.0079, 0.1139 1.0394 0.0079, 0.1171 1.047 0.0079, 0.198 1.047 0.0079, 0.1969 1.0551 0.0079, -1.0236 -0.4705 0.0079, -1.0244 -0.5953 0.0079, 0.0394 -1.0551 0.0079, -0.2202 -1.0247 0.0079, -0.2283 -1.0236 0.0079, 1.0481 0.8276 0.0079, 1.0551 0.7579 0.0079, 1.0268 0.8446 0.0079, 1.0415 0.7548 0.0079, 1.0244 0.8513 0.0079, 1.0305 0.8937 0.0079, 1.0268 0.8877 0.0079, 1.0244 0.881 0.0079, 1.0237 0.4154 0.0079, 1.0244 0.4084 0.0079, 1.0268 0.4017 0.0079, 1.0355 0.1605 0.0079, 1.0305 0.1555 0.0079, 1.0415 0.2393 0.0079, 1.0268 0.1495 0.0079, 1.0244 0.1428 0.0079, 1.0237 0.1358 0.0079, 1.0355 0.0128 0.0079, 1.0305 0.0078 0.0079, 1.0415 0.0917 0.0079, 1.0268 0.0019 0.0079, 1.0244 -0.0048 0.0079, 1.0237 -0.0118 0.0079, 1.0237 -0.1752 0.0079, 1.0244 -0.1822 0.0079, 1.0268 -0.1889 0.0079, -1.0236 -0.1752 0.0079, -1.0236 -0.1594 0.0079, -1.0244 -0.1524 0.0079, -1.0267 -0.1458 0.0079, 0.0405 -1.047 0.0079, -0.0393 -1.0551 0.0079, -0.2441 -1.0236 0.0079, -0.2522 -1.0247 0.0079, 1.0237 0.2677 0.0079, 1.0244 0.2607 0.0079, 1.0268 0.2541 0.0079, 1.0355 -0.1348 0.0079, 1.0305 -0.1398 0.0079, 1.0415 -0.0559 0.0079, 1.0268 -0.1458 0.0079, 1.0244 -0.1524 0.0079, 1.0237 -0.1594 0.0079, 1.0268 -0.5887 0.0079, 1.0268 -0.4841 0.0079, 1.0305 -0.4901 0.0079, 1.0355 -0.5777 0.0079, 1.0305 -0.5827 0.0079, 1.0415 -0.4988 0.0079, 1.0355 -0.4951 0.0079, 1.0355 -0.4301 0.0079, 1.0305 -0.4351 0.0079, 1.0415 -0.3512 0.0079, 1.0268 -0.441 0.0079, 1.0355 -0.3474 0.0079, 1.0305 -0.3425 0.0079, 1.0268 -0.7363 0.0079, 1.0244 -0.743 0.0079, 1.0237 -0.75 0.0079, 1.0268 -0.7794 0.0079, 1.0305 -0.7854 0.0079, 1.0355 -0.7904 0.0079, 1.0415 -0.7941 0.0079, 0.1024 -1.0278 0.0079, 0.0948 -1.0247 0.0079, 0.0866 -1.0236 0.0079, -0.0708 -1.0236 0.0079, -0.0627 -1.0247 0.0079, 1.0355 -0.7254 0.0079, 1.0305 -0.7304 0.0079, 1.0415 -0.6465 0.0079, 1.0355 -0.6427 0.0079, 1.0305 -0.6377 0.0079, 1.0268 -0.6318 0.0079, 1.0237 -0.7657 0.0079, 1.0244 -0.7727 0.0079, -1.0244 -0.3298 0.0079, -1.0236 -0.3228 0.0079, -1.0244 -0.4477 0.0079, -1.0236 -0.4547 0.0079, -1.0236 -0.3071 0.0079, -1.0244 -0.3001 0.0079, -1.0244 -0.1822 0.0079, 1.0237 0.874 0.0079, 1.0237 0.8583 0.0079, 1.0305 0.3031 0.0079, 1.0268 0.2971 0.0079, 1.0244 0.2905 0.0079, 1.0237 0.2835 0.0079, 1.0244 -0.4477 0.0079, 1.0237 -0.4547 0.0079, 1.0237 -0.4705 0.0079, 1.0237 -0.6024 0.0079, 1.0237 -0.6181 0.0079, 1.0244 -0.6251 0.0079, 1.0355 0.751 0.0079, 1.0305 0.746 0.0079, 1.0268 0.7401 0.0079, 1.0244 -0.5953 0.0079, 1.0244 -0.4775 0.0079
            ]
        }
        coordIndex [
            0,1,2,-1,3,0,4,-1,5,3,6,-1,7,8,9,-1,10,11,12,-1,12,11,13,-1,14,15,12,-1,12,15,16,-1,12,16,17,-1,17,18,12,-1,12,18,19,-1,12,19,10,-1,20,21,22,-1,22,21,23,-1,23,21,24,-1,23,24,25,-1,20,22,26,-1,26,22,27,-1,26,27,28,-1,29,27,30,-1,30,27,31,-1,29,32,27,-1,27,32,33,-1,27,33,28,-1,28,33,34,-1,28,34,35,-1,35,34,36,-1,35,36,37,-1,38,39,40,-1,40,39,41,-1,40,41,42,-1,43,44,45,-1,45,46,47,-1,43,45,48,-1,44,49,45,-1,45,49,50,-1,45,50,46,-1,47,51,38,-1,38,51,52,-1,38,52,39,-1,53,54,45,-1,45,54,55,-1,45,55,48,-1,56,57,58,-1,58,57,59,-1,58,59,60,-1,59,61,60,-1,60,61,62,-1,60,62,63,-1,63,62,64,-1,63,64,45,-1,45,64,65,-1,45,65,53,-1,66,67,68,-1,67,69,68,-1,68,69,70,-1,68,70,71,-1,72,73,74,-1,74,73,75,-1,76,77,78,-1,78,77,79,-1,80,81,78,-1,78,81,82,-1,66,83,84,-1,85,86,73,-1,73,86,87,-1,73,87,88,-1,89,90,91,-1,91,90,92,-1,93,94,95,-1,95,94,76,-1,79,96,78,-1,78,96,97,-1,78,97,80,-1,98,99,66,-1,66,99,100,-1,66,100,83,-1,101,102,103,-1,103,102,104,-1,103,104,105,-1,106,88,107,-1,107,88,108,-1,107,108,103,-1,103,108,109,-1,103,109,101,-1,106,110,88,-1,88,110,111,-1,88,111,73,-1,73,111,112,-1,73,112,75,-1,113,114,115,-1,115,114,116,-1,115,116,91,-1,91,116,117,-1,91,117,89,-1,92,118,91,-1,91,118,119,-1,91,119,120,-1,84,121,66,-1,66,121,122,-1,66,122,123,-1,123,122,113,-1,123,113,124,-1,124,113,115,-1,125,126,91,-1,91,126,127,-1,91,127,73,-1,73,127,128,-1,73,128,85,-1,120,129,91,-1,91,129,130,-1,91,130,131,-1,131,132,91,-1,91,132,133,-1,91,133,125,-1,134,135,136,-1,136,88,134,-1,134,88,87,-1,134,87,137,-1,137,87,138,-1,138,139,137,-1,137,139,140,-1,137,140,141,-1,142,143,144,-1,145,146,143,-1,146,147,143,-1,143,147,148,-1,143,148,149,-1,144,150,142,-1,142,150,151,-1,142,151,152,-1,135,134,142,-1,142,134,153,-1,142,153,143,-1,143,153,154,-1,143,154,145,-1,149,155,143,-1,143,155,156,-1,143,156,157,-1,157,156,158,-1,157,158,159,-1,159,158,160,-1,161,162,152,-1,152,162,163,-1,152,163,142,-1,11,164,13,-1,13,164,165,-1,13,165,95,-1,95,165,166,-1,95,166,93,-1,167,168,169,-1,169,168,170,-1,171,172,173,-1,173,172,174,-1,173,174,175,-1,175,174,167,-1,175,167,176,-1,177,178,179,-1,179,178,180,-1,179,180,181,-1,168,182,170,-1,170,182,183,-1,170,183,184,-1,184,183,185,-1,186,187,188,-1,189,190,191,-1,186,188,192,-1,193,194,195,-1,189,191,195,-1,195,191,196,-1,195,196,193,-1,194,197,195,-1,195,197,198,-1,195,198,186,-1,186,198,199,-1,186,199,187,-1,200,201,202,-1,202,201,203,-1,202,203,204,-1,204,203,205,-1,206,207,8,-1,8,207,208,-1,8,208,9,-1,209,210,9,-1,211,212,9,-1,188,213,192,-1,192,213,214,-1,192,214,215,-1,211,9,216,-1,215,217,192,-1,192,217,218,-1,192,218,219,-1,219,218,220,-1,219,220,209,-1,212,221,9,-1,9,221,222,-1,9,222,7,-1,223,224,210,-1,210,224,225,-1,210,225,9,-1,9,225,226,-1,9,226,216,-1,227,228,229,-1,229,228,230,-1,229,230,231,-1,229,232,227,-1,227,232,233,-1,227,233,234,-1,234,235,227,-1,227,235,236,-1,227,236,237,-1,237,236,238,-1,237,238,239,-1,239,238,240,-1,239,240,210,-1,210,240,241,-1,210,241,223,-1,242,243,231,-1,231,243,244,-1,231,244,229,-1,245,246,190,-1,190,246,247,-1,190,247,191,-1,245,248,246,-1,246,248,249,-1,246,249,250,-1,250,249,251,-1,250,252,253,-1,251,254,250,-1,250,254,255,-1,250,255,256,-1,256,257,250,-1,250,257,258,-1,250,258,252,-1,253,259,250,-1,250,259,260,-1,250,260,261,-1,262,263,264,-1,265,266,264,-1,264,266,267,-1,264,267,262,-1,263,262,268,-1,268,262,269,-1,268,269,270,-1,266,271,267,-1,267,271,272,-1,267,272,273,-1,273,272,274,-1,273,274,275,-1,275,274,276,-1,275,276,270,-1,270,276,277,-1,270,277,268,-1,278,279,280,-1,280,279,281,-1,282,283,279,-1,279,283,284,-1,279,284,281,-1,281,284,285,-1,286,287,278,-1,288,289,290,-1,290,289,278,-1,290,278,291,-1,291,278,287,-1,292,293,273,-1,294,295,275,-1,293,296,273,-1,273,296,297,-1,273,297,290,-1,290,297,298,-1,290,298,288,-1,294,275,299,-1,282,300,283,-1,283,300,301,-1,283,301,275,-1,275,301,302,-1,275,302,299,-1,295,303,275,-1,275,303,304,-1,275,304,273,-1,273,304,305,-1,273,305,292,-1,306,307,308,-1,308,307,309,-1,308,309,310,-1,309,286,310,-1,310,286,278,-1,310,278,311,-1,311,278,280,-1,311,280,312,-1,312,280,313,-1,312,313,314,-1,314,313,315,-1,285,284,316,-1,316,284,317,-1,316,317,318,-1,319,40,27,-1,27,40,42,-1,27,42,31,-1,320,321,322,-1,320,322,323,-1,324,325,22,-1,322,326,323,-1,323,326,327,-1,323,327,328,-1,325,329,22,-1,22,329,330,-1,22,330,27,-1,27,330,331,-1,27,331,319,-1,328,332,323,-1,323,332,333,-1,323,333,22,-1,22,333,334,-1,22,334,324,-1,335,336,320,-1,320,336,337,-1,320,337,321,-1,338,339,335,-1,335,339,340,-1,335,340,336,-1,341,342,343,-1,47,38,45,-1,45,38,344,-1,45,344,345,-1,345,346,45,-1,45,346,347,-1,45,347,341,-1,342,348,343,-1,343,348,349,-1,343,349,338,-1,338,349,350,-1,338,350,339,-1,319,351,40,-1,40,351,352,-1,40,352,38,-1,38,352,353,-1,38,353,344,-1,354,355,356,-1,356,355,357,-1,358,359,360,-1,360,359,361,-1,360,361,362,-1,362,361,363,-1,362,363,364,-1,364,363,365,-1,366,367,363,-1,363,367,368,-1,363,368,369,-1,370,371,372,-1,372,371,373,-1,374,375,376,-1,376,375,377,-1,376,377,378,-1,378,377,373,-1,378,373,379,-1,379,373,371,-1,369,380,363,-1,363,380,381,-1,363,381,365,-1,374,376,363,-1,363,376,382,-1,363,382,366,-1,383,384,354,-1,354,384,385,-1,354,385,355,-1,386,387,388,-1,388,387,389,-1,390,391,392,-1,392,391,393,-1,392,393,394,-1,395,396,397,-1,394,398,392,-1,392,398,399,-1,392,399,400,-1,397,401,395,-1,395,401,402,-1,395,402,403,-1,404,405,395,-1,395,405,406,-1,395,406,396,-1,407,408,409,-1,409,408,410,-1,409,410,411,-1,360,412,358,-1,358,412,413,-1,358,413,414,-1,414,413,415,-1,414,415,416,-1,417,418,419,-1,420,78,421,-1,419,418,421,-1,421,418,422,-1,421,422,420,-1,76,78,95,-1,95,78,420,-1,95,420,423,-1,424,425,426,-1,426,425,427,-1,426,427,408,-1,428,429,430,-1,430,429,427,-1,430,427,431,-1,431,427,425,-1,431,425,432,-1,432,425,433,-1,419,434,435,-1,427,417,408,-1,408,417,419,-1,408,419,436,-1,436,419,437,-1,438,439,440,-1,440,439,441,-1,435,442,419,-1,419,442,443,-1,419,443,444,-1,445,446,410,-1,444,447,419,-1,419,447,448,-1,419,448,449,-1,445,410,450,-1,446,451,410,-1,410,451,452,-1,410,452,453,-1,454,455,441,-1,441,455,456,-1,441,456,457,-1,449,458,419,-1,419,458,459,-1,419,459,437,-1,437,459,460,-1,437,460,461,-1,461,462,437,-1,437,462,463,-1,437,463,464,-1,464,463,465,-1,466,467,465,-1,465,467,468,-1,465,468,464,-1,436,469,408,-1,408,469,470,-1,408,470,410,-1,410,470,471,-1,410,471,450,-1,472,473,465,-1,465,473,474,-1,465,474,475,-1,475,476,465,-1,465,476,477,-1,465,477,466,-1,478,479,480,-1,480,479,481,-1,481,479,482,-1,481,482,483,-1,484,485,486,-1,485,184,486,-1,486,184,185,-1,486,185,487,-1,487,185,488,-1,487,488,489,-1,489,488,490,-1,489,490,181,-1,491,492,9,-1,9,492,493,-1,209,9,219,-1,219,9,493,-1,219,493,486,-1,486,493,494,-1,486,494,484,-1,484,494,495,-1,484,495,496,-1,497,498,495,-1,495,498,499,-1,495,499,496,-1,500,501,208,-1,208,501,502,-1,208,502,503,-1,503,504,208,-1,208,504,505,-1,208,505,9,-1,9,505,506,-1,9,506,507,-1,507,508,9,-1,9,508,509,-1,9,509,510,-1,511,512,500,-1,500,512,513,-1,500,513,514,-1,514,515,500,-1,500,515,516,-1,500,516,501,-1,510,517,9,-1,9,517,518,-1,9,518,491,-1,5,519,520,-1,520,519,521,-1,520,521,522,-1,522,521,500,-1,522,500,523,-1,523,500,208,-1,523,208,524,-1,524,208,207,-1,524,207,525,-1,525,207,526,-1,525,526,527,-1,527,526,480,-1,527,480,528,-1,528,480,481,-1,528,481,529,-1,529,481,530,-1,529,530,58,-1,58,530,68,-1,58,68,56,-1,56,68,71,-1,341,343,45,-1,45,343,531,-1,45,531,63,-1,63,531,532,-1,63,532,60,-1,483,434,481,-1,481,434,419,-1,481,419,530,-1,530,419,421,-1,530,421,68,-1,68,421,78,-1,68,78,66,-1,66,78,82,-1,66,82,98,-1,206,205,207,-1,207,205,203,-1,207,203,526,-1,526,203,201,-1,526,201,480,-1,480,201,440,-1,480,440,478,-1,478,440,441,-1,478,441,533,-1,533,441,457,-1,519,169,521,-1,521,169,170,-1,521,170,500,-1,500,170,184,-1,500,184,511,-1,511,184,485,-1,3,4,6,-1,6,4,534,-1,6,534,535,-1,200,195,201,-1,201,195,186,-1,201,186,440,-1,440,186,410,-1,440,410,438,-1,438,410,453,-1,180,176,181,-1,181,176,167,-1,181,167,489,-1,489,167,169,-1,489,169,536,-1,537,538,535,-1,535,538,539,-1,540,541,542,-1,542,541,543,-1,542,543,535,-1,535,543,544,-1,535,544,537,-1,539,545,535,-1,535,545,546,-1,535,546,547,-1,5,6,519,-1,519,6,535,-1,519,535,169,-1,169,535,547,-1,169,547,536,-1,536,548,489,-1,489,548,549,-1,489,549,542,-1,542,549,550,-1,542,550,551,-1,551,552,542,-1,542,552,553,-1,542,553,540,-1,554,555,535,-1,556,557,558,-1,535,555,542,-1,542,555,559,-1,542,559,560,-1,407,390,408,-1,408,390,392,-1,408,392,426,-1,426,392,561,-1,542,262,489,-1,489,262,267,-1,489,267,487,-1,487,267,273,-1,487,273,486,-1,486,273,290,-1,486,290,219,-1,219,290,291,-1,219,291,192,-1,192,291,562,-1,192,562,186,-1,186,562,358,-1,186,358,410,-1,410,358,414,-1,410,414,411,-1,411,414,416,-1,563,564,561,-1,561,564,565,-1,566,567,568,-1,568,567,12,-1,568,12,565,-1,565,12,13,-1,565,13,561,-1,561,13,95,-1,561,95,426,-1,426,95,423,-1,426,423,424,-1,400,404,392,-1,392,404,395,-1,392,395,561,-1,561,395,567,-1,561,567,563,-1,563,567,566,-1,563,566,569,-1,287,570,291,-1,291,570,318,-1,291,318,562,-1,562,318,317,-1,562,317,358,-1,358,317,356,-1,358,356,359,-1,359,356,357,-1,558,554,556,-1,556,554,535,-1,556,535,571,-1,571,535,534,-1,571,534,560,-1,560,534,572,-1,560,572,542,-1,542,572,573,-1,542,573,262,-1,262,573,574,-1,262,574,269,-1,0,2,4,-1,4,2,575,-1,4,575,534,-1,534,575,576,-1,534,576,572,-1,572,576,577,-1,572,577,573,-1,573,577,578,-1,573,578,574,-1,403,388,395,-1,395,388,389,-1,395,389,567,-1,567,389,579,-1,567,579,12,-1,12,579,23,-1,12,23,14,-1,14,23,25,-1,578,580,574,-1,574,580,581,-1,574,581,269,-1,269,581,582,-1,269,582,270,-1,270,582,583,-1,270,583,275,-1,275,583,584,-1,275,584,283,-1,283,584,585,-1,283,585,284,-1,284,585,586,-1,284,586,317,-1,317,586,587,-1,317,587,356,-1,356,587,588,-1,356,588,354,-1,354,588,387,-1,354,387,383,-1,383,387,386,-1,1,589,590,-1,591,592,593,-1,594,595,596,-1,596,595,597,-1,598,599,600,-1,600,599,601,-1,590,602,1,-1,1,602,596,-1,1,596,2,-1,2,596,597,-1,2,597,603,-1,604,605,606,-1,607,608,609,-1,609,608,610,-1,611,612,2,-1,613,614,615,-1,615,614,580,-1,615,580,610,-1,610,580,578,-1,610,578,609,-1,609,578,577,-1,609,577,601,-1,601,577,576,-1,601,576,600,-1,600,576,575,-1,600,575,616,-1,616,575,2,-1,606,611,604,-1,604,611,2,-1,604,2,617,-1,617,2,603,-1,617,603,618,-1,618,603,619,-1,620,621,622,-1,623,624,2,-1,622,623,620,-1,620,623,2,-1,620,2,625,-1,625,2,612,-1,625,612,626,-1,626,612,627,-1,628,629,630,-1,631,632,2,-1,630,631,628,-1,628,631,2,-1,628,2,633,-1,633,2,624,-1,633,624,634,-1,634,624,635,-1,593,616,591,-1,591,616,2,-1,591,2,636,-1,636,2,632,-1,636,632,637,-1,637,632,638,-1,639,640,589,-1,641,642,643,-1,643,642,644,-1,645,646,532,-1,532,646,647,-1,532,647,60,-1,60,647,648,-1,649,650,60,-1,651,652,653,-1,654,655,656,-1,656,655,657,-1,658,659,660,-1,660,659,661,-1,653,649,651,-1,651,649,60,-1,651,60,662,-1,662,60,648,-1,662,648,663,-1,663,648,664,-1,665,666,667,-1,667,666,668,-1,669,670,650,-1,650,670,671,-1,650,671,60,-1,60,671,667,-1,60,667,58,-1,58,667,668,-1,58,668,672,-1,673,674,58,-1,589,1,639,-1,639,1,0,-1,639,0,661,-1,661,0,3,-1,661,3,660,-1,660,3,5,-1,660,5,657,-1,657,5,520,-1,657,520,656,-1,656,520,522,-1,656,522,523,-1,675,676,677,-1,677,673,675,-1,675,673,58,-1,675,58,678,-1,678,58,672,-1,678,672,679,-1,679,672,680,-1,681,682,683,-1,683,684,681,-1,681,684,58,-1,681,58,685,-1,685,58,674,-1,685,674,686,-1,686,674,687,-1,523,524,656,-1,656,524,525,-1,656,525,644,-1,644,525,527,-1,644,527,643,-1,643,527,528,-1,643,528,684,-1,684,528,529,-1,684,529,58,-1,532,531,688,-1,688,531,689,-1,690,691,692,-1,692,691,693,-1,694,695,696,-1,697,532,698,-1,698,532,688,-1,698,688,699,-1,699,688,700,-1,701,338,335,-1,702,703,323,-1,323,703,701,-1,323,701,320,-1,320,701,335,-1,704,705,706,-1,338,701,343,-1,343,701,692,-1,343,692,531,-1,531,692,693,-1,531,693,707,-1,708,709,532,-1,706,708,704,-1,704,708,532,-1,704,532,710,-1,710,532,697,-1,710,697,711,-1,711,697,712,-1,713,714,707,-1,707,714,715,-1,707,715,531,-1,531,715,694,-1,531,694,689,-1,689,694,696,-1,716,717,718,-1,719,720,532,-1,718,719,716,-1,716,719,532,-1,716,532,721,-1,721,532,709,-1,721,709,722,-1,722,709,723,-1,724,725,726,-1,727,728,532,-1,726,727,724,-1,724,727,532,-1,724,532,729,-1,729,532,720,-1,729,720,730,-1,730,720,731,-1,732,645,733,-1,733,645,532,-1,733,532,734,-1,734,532,728,-1,734,728,735,-1,735,728,736,-1,737,738,739,-1,740,741,22,-1,742,743,744,-1,387,745,389,-1,389,745,579,-1,739,740,737,-1,737,740,22,-1,737,22,745,-1,745,22,23,-1,745,23,579,-1,387,588,746,-1,746,588,587,-1,746,587,586,-1,747,748,749,-1,750,751,746,-1,746,751,752,-1,746,752,387,-1,387,752,753,-1,754,755,22,-1,749,754,747,-1,747,754,22,-1,747,22,756,-1,756,22,741,-1,756,741,757,-1,757,741,758,-1,586,585,746,-1,746,585,584,-1,746,584,759,-1,759,584,583,-1,759,583,582,-1,760,761,753,-1,753,761,762,-1,753,762,387,-1,387,762,742,-1,387,742,745,-1,745,742,744,-1,614,763,580,-1,580,763,759,-1,580,759,581,-1,581,759,582,-1,764,765,766,-1,766,765,767,-1,768,769,755,-1,755,769,770,-1,755,770,22,-1,22,770,766,-1,22,766,323,-1,323,766,767,-1,323,767,771,-1,772,773,774,-1,775,776,323,-1,774,775,772,-1,772,775,323,-1,772,323,777,-1,777,323,771,-1,777,771,778,-1,778,771,779,-1,780,702,781,-1,781,702,323,-1,781,323,782,-1,782,323,776,-1,782,776,783,-1,783,776,784,-1,785,786,787,-1,788,789,790,-1,791,589,792,-1,792,589,640,-1,793,702,794,-1,794,702,780,-1,785,787,795,-1,791,796,589,-1,589,796,797,-1,589,797,798,-1,798,797,799,-1,798,799,800,-1,793,801,702,-1,702,801,802,-1,702,802,803,-1,804,805,806,-1,795,787,790,-1,790,787,807,-1,790,807,788,-1,808,809,810,-1,811,812,813,-1,599,598,814,-1,814,598,815,-1,814,815,816,-1,816,815,817,-1,816,817,818,-1,819,820,806,-1,821,822,614,-1,822,823,614,-1,614,823,824,-1,614,824,763,-1,825,826,803,-1,803,826,827,-1,803,827,702,-1,702,827,828,-1,645,732,829,-1,830,831,832,-1,800,833,798,-1,798,833,834,-1,798,834,835,-1,836,837,645,-1,645,837,838,-1,645,838,646,-1,593,592,839,-1,839,592,840,-1,839,840,841,-1,841,840,842,-1,841,842,843,-1,844,845,803,-1,846,847,806,-1,848,849,806,-1,806,849,850,-1,806,850,851,-1,852,853,787,-1,787,853,854,-1,789,855,790,-1,790,855,856,-1,790,856,857,-1,858,859,832,-1,860,861,862,-1,863,864,862,-1,862,864,865,-1,836,645,866,-1,866,645,862,-1,866,862,867,-1,637,638,868,-1,868,638,869,-1,868,869,813,-1,813,869,870,-1,813,870,811,-1,851,871,806,-1,806,871,872,-1,806,872,873,-1,852,787,874,-1,874,787,786,-1,874,786,875,-1,875,786,876,-1,875,876,877,-1,877,876,878,-1,877,878,879,-1,880,881,882,-1,882,881,883,-1,828,884,702,-1,702,884,885,-1,702,885,703,-1,857,886,790,-1,790,886,832,-1,790,832,887,-1,887,832,888,-1,835,889,798,-1,798,889,890,-1,798,890,809,-1,809,890,891,-1,809,891,810,-1,809,892,798,-1,798,892,893,-1,798,893,894,-1,895,862,896,-1,896,862,897,-1,898,899,862,-1,865,900,862,-1,862,900,901,-1,862,901,867,-1,902,903,803,-1,803,903,904,-1,803,904,905,-1,906,806,907,-1,907,806,908,-1,906,909,910,-1,910,909,911,-1,912,913,803,-1,803,913,914,-1,803,914,825,-1,915,916,831,-1,894,917,798,-1,798,917,918,-1,798,918,862,-1,862,918,919,-1,862,919,920,-1,921,922,923,-1,923,922,924,-1,923,924,920,-1,920,924,925,-1,626,627,926,-1,926,627,927,-1,926,927,928,-1,928,927,929,-1,928,929,930,-1,630,629,931,-1,931,629,932,-1,931,932,933,-1,933,932,934,-1,933,934,935,-1,802,936,803,-1,803,936,937,-1,803,937,938,-1,803,845,902,-1,902,845,939,-1,902,939,940,-1,905,941,803,-1,803,941,942,-1,803,942,806,-1,806,942,943,-1,806,943,944,-1,945,944,946,-1,946,944,947,-1,946,947,948,-1,949,950,806,-1,806,950,951,-1,806,951,952,-1,806,953,954,-1,820,955,956,-1,956,955,957,-1,848,806,958,-1,958,806,847,-1,958,847,959,-1,960,714,713,-1,854,961,787,-1,787,961,962,-1,787,962,963,-1,963,964,787,-1,787,964,965,-1,787,965,881,-1,881,965,966,-1,881,966,883,-1,881,967,787,-1,787,967,968,-1,787,968,803,-1,803,968,969,-1,803,969,912,-1,970,971,972,-1,735,736,973,-1,973,736,974,-1,973,974,975,-1,975,974,976,-1,975,976,977,-1,858,832,978,-1,979,859,980,-1,981,982,983,-1,659,658,984,-1,984,658,985,-1,984,985,810,-1,810,985,986,-1,810,986,808,-1,925,987,920,-1,920,987,988,-1,920,988,862,-1,862,988,989,-1,862,989,897,-1,990,991,992,-1,992,991,993,-1,992,993,895,-1,994,995,862,-1,862,995,996,-1,862,996,997,-1,606,605,998,-1,998,605,999,-1,998,999,1000,-1,1000,999,1001,-1,1000,1001,1002,-1,938,1003,803,-1,803,1003,1004,-1,803,1004,844,-1,1005,783,784,-1,945,1006,944,-1,944,1006,1007,-1,944,1007,806,-1,806,1007,1008,-1,806,1008,908,-1,953,806,1009,-1,1009,806,805,-1,1009,805,1010,-1,1010,805,1011,-1,1010,1011,1012,-1,954,1013,806,-1,806,1013,1014,-1,806,1014,819,-1,806,1015,1016,-1,879,1017,877,-1,877,1017,960,-1,877,960,1018,-1,1018,960,713,-1,829,1019,645,-1,645,1019,1020,-1,645,1020,862,-1,862,1020,1021,-1,862,1021,1022,-1,730,731,1023,-1,1023,731,1024,-1,1023,1024,1025,-1,1025,1024,1026,-1,1025,1026,1027,-1,726,725,1028,-1,1028,725,1029,-1,1028,1029,1030,-1,1030,1029,1031,-1,1030,1031,1032,-1,1033,1034,862,-1,862,1034,1035,-1,862,1035,832,-1,832,1035,1036,-1,832,1036,830,-1,1037,1038,832,-1,981,983,1039,-1,1040,1041,1042,-1,1042,1041,832,-1,1042,832,1043,-1,1043,832,1038,-1,696,695,1044,-1,1044,695,1045,-1,1044,1045,1046,-1,1046,1045,1047,-1,1046,1047,1048,-1,1049,655,654,-1,1050,1051,1052,-1,1052,1051,1053,-1,1052,1053,1054,-1,1055,1056,862,-1,862,1056,1057,-1,1058,1059,899,-1,899,1059,1060,-1,899,1060,862,-1,862,1060,1061,-1,862,1061,863,-1,618,619,1062,-1,1062,619,1063,-1,1062,1063,1064,-1,1064,1063,1065,-1,1064,1065,1066,-1,784,1067,1005,-1,1005,1067,1068,-1,1005,1068,940,-1,940,1068,1069,-1,940,1069,902,-1,1070,774,773,-1,1071,778,779,-1,910,1072,906,-1,906,1072,1073,-1,906,1073,806,-1,806,1073,1074,-1,806,1074,949,-1,1075,1076,1077,-1,1077,1076,952,-1,1078,744,743,-1,820,956,806,-1,806,956,1079,-1,806,1079,1015,-1,1016,1080,806,-1,806,1080,1081,-1,806,1081,846,-1,1082,1083,1084,-1,916,1085,831,-1,831,1085,1086,-1,831,1086,832,-1,832,1086,1087,-1,832,1087,978,-1,859,979,832,-1,832,979,1088,-1,832,1088,1037,-1,1040,1042,983,-1,983,1042,1089,-1,983,1089,1039,-1,923,1090,921,-1,921,1090,1049,-1,921,1049,1091,-1,1091,1049,654,-1,1092,642,641,-1,993,1093,895,-1,895,1093,1094,-1,895,1094,862,-1,862,1094,1095,-1,862,1095,994,-1,1096,1097,997,-1,997,1097,1098,-1,997,1098,1099,-1,1100,1101,862,-1,1057,1102,862,-1,862,1102,1103,-1,862,1103,860,-1,1104,1105,1106,-1,1106,1105,1107,-1,1106,1107,861,-1,862,1108,1109,-1,590,589,1110,-1,1110,589,1111,-1,595,594,1112,-1,1112,594,1113,-1,1112,1113,1114,-1,1114,1113,1115,-1,1114,1115,1116,-1,773,1117,1070,-1,1070,1117,1118,-1,1070,1118,948,-1,948,1118,1119,-1,948,1119,946,-1,779,1120,1071,-1,1071,1120,1121,-1,1071,1121,911,-1,911,1121,1122,-1,911,1122,910,-1,1123,1124,806,-1,806,1124,1125,-1,806,1125,1126,-1,1127,1128,1129,-1,1129,1128,1130,-1,1129,1130,1131,-1,806,1132,1133,-1,743,1134,1078,-1,1078,1134,1135,-1,1078,1135,1012,-1,1012,1135,1136,-1,1012,1136,1010,-1,1137,761,760,-1,751,750,1138,-1,1138,750,1139,-1,1138,1139,1140,-1,1140,1139,959,-1,1140,959,1141,-1,1141,959,847,-1,691,690,1142,-1,1142,690,1143,-1,1142,1143,882,-1,882,1143,1144,-1,882,1144,880,-1,1082,1084,1145,-1,1146,1147,1148,-1,1148,1147,1149,-1,1148,1149,1150,-1,1150,1149,979,-1,1150,979,1151,-1,1151,979,980,-1,711,712,1152,-1,1152,712,1153,-1,1152,1153,1148,-1,1148,1153,1154,-1,1148,1154,1146,-1,1041,1155,832,-1,832,1155,1156,-1,832,1156,1157,-1,992,1158,990,-1,990,1158,1092,-1,990,1092,1159,-1,1159,1092,641,-1,1160,683,682,-1,1161,1162,862,-1,862,1162,1163,-1,862,1163,1164,-1,1165,670,669,-1,861,1107,862,-1,862,1107,1166,-1,862,1166,1108,-1,1109,1167,862,-1,862,1167,1168,-1,862,1168,898,-1,1169,663,664,-1,1170,1171,798,-1,1172,1173,1174,-1,1174,1173,1126,-1,1175,1176,806,-1,806,1176,1177,-1,806,1177,1178,-1,1179,1180,1181,-1,1181,1180,1178,-1,1182,1183,1184,-1,1133,1185,806,-1,806,1185,1186,-1,806,1186,804,-1,760,1187,1137,-1,1137,1187,1188,-1,1137,1188,957,-1,957,1188,1189,-1,957,1189,956,-1,1022,1190,862,-1,862,1190,1191,-1,862,1191,1192,-1,862,1193,1194,-1,1194,1193,1195,-1,1196,1197,1198,-1,1198,1197,1199,-1,1198,1199,1200,-1,1200,1199,1033,-1,1200,1033,1201,-1,1201,1033,1202,-1,972,1203,970,-1,970,1203,1204,-1,970,1204,1205,-1,1205,1204,1206,-1,1205,1206,1207,-1,1207,1206,1208,-1,915,831,1084,-1,1084,831,1209,-1,1084,1209,1145,-1,699,700,1210,-1,1210,700,1211,-1,1210,1211,982,-1,982,1211,1212,-1,982,1212,983,-1,1157,1213,832,-1,832,1213,1214,-1,832,1214,1215,-1,1048,1216,1046,-1,1046,1216,1217,-1,1046,1217,1218,-1,1218,1217,888,-1,1218,888,1219,-1,1219,888,832,-1,1219,832,1220,-1,1220,832,1215,-1,1096,1221,1097,-1,1097,1221,1160,-1,1097,1160,1222,-1,1222,1160,682,-1,1099,1223,997,-1,997,1223,1224,-1,997,1224,862,-1,862,1224,1225,-1,862,1225,1161,-1,1226,1227,1228,-1,1226,1229,1227,-1,1227,1229,1230,-1,1227,1230,1231,-1,1052,1232,1050,-1,1050,1232,1165,-1,1050,1165,1233,-1,1233,1165,669,-1,1234,653,652,-1,1058,1235,1059,-1,1059,1235,1169,-1,1059,1169,1236,-1,1236,1169,664,-1,634,635,1237,-1,1237,635,1238,-1,1237,1238,1239,-1,1239,1238,1240,-1,1239,1240,1241,-1,1242,765,764,-1,1076,1243,952,-1,952,1243,1244,-1,952,1244,806,-1,806,1244,1245,-1,806,1245,1123,-1,1246,1247,806,-1,806,1247,1248,-1,806,1248,1184,-1,1192,1249,862,-1,862,1249,1250,-1,862,1250,1193,-1,1251,1252,1253,-1,1253,1252,1254,-1,722,723,1255,-1,1255,723,1256,-1,1255,1256,1198,-1,1198,1256,1257,-1,1198,1257,1196,-1,718,717,1258,-1,1258,717,1259,-1,1258,1259,1206,-1,1206,1259,1260,-1,1206,1260,1208,-1,1261,1262,862,-1,1106,1263,1104,-1,1104,1263,1234,-1,1104,1234,1264,-1,1264,1234,652,-1,622,621,1265,-1,1265,621,1266,-1,1265,1266,1267,-1,1267,1266,1268,-1,1267,1268,1269,-1,764,1270,1242,-1,1242,1270,1271,-1,1242,1271,1075,-1,1075,1271,1272,-1,1075,1272,1076,-1,1273,769,768,-1,1173,1274,1126,-1,1126,1274,1275,-1,1126,1275,806,-1,806,1275,1276,-1,806,1276,1175,-1,1277,749,748,-1,1278,1279,806,-1,1280,739,738,-1,977,1281,975,-1,975,1281,1282,-1,975,1282,1283,-1,1283,1282,1194,-1,1283,1194,1284,-1,1284,1194,1195,-1,1285,1286,1287,-1,706,705,1288,-1,1288,705,1289,-1,1288,1289,1083,-1,1083,1289,1290,-1,1083,1290,1084,-1,1291,1292,1164,-1,1164,1292,1293,-1,1164,1293,1294,-1,1295,1296,1230,-1,1230,1296,1297,-1,1230,1297,1231,-1,1298,1299,1101,-1,1101,1299,1300,-1,1101,1300,1301,-1,1053,1055,1054,-1,1054,1055,862,-1,1054,862,1302,-1,1302,862,1262,-1,1303,1304,1305,-1,1305,1304,1306,-1,798,1307,1308,-1,768,1309,1273,-1,1273,1309,1310,-1,1273,1310,1172,-1,1172,1310,1311,-1,1172,1311,1173,-1,748,1312,1277,-1,1277,1312,1313,-1,1277,1313,1179,-1,1179,1313,1314,-1,1179,1314,1180,-1,1180,1315,1178,-1,1178,1315,1316,-1,1178,1316,806,-1,806,1316,1317,-1,806,1317,1246,-1,1127,1132,1128,-1,1128,1132,806,-1,1128,806,1318,-1,1318,806,1279,-1,738,1319,1280,-1,1280,1319,1320,-1,1280,1320,1131,-1,1131,1320,1321,-1,1131,1321,1129,-1,1322,679,680,-1,1323,686,687,-1,1324,1325,1326,-1,1324,1327,1325,-1,1325,1327,1328,-1,1325,1328,1329,-1,1330,666,665,-1,1301,1331,1101,-1,1101,1331,1332,-1,1101,1332,862,-1,862,1332,1333,-1,862,1333,1261,-1,1334,1335,614,-1,614,1335,806,-1,614,806,821,-1,821,806,873,-1,1336,1337,798,-1,1337,1338,798,-1,798,1338,1339,-1,798,1339,1340,-1,1341,1342,798,-1,1194,1343,862,-1,862,1343,1344,-1,862,1344,1345,-1,1032,1346,1030,-1,1030,1346,1347,-1,1030,1347,1348,-1,1348,1347,1252,-1,1348,1252,1349,-1,1349,1252,1251,-1,1228,1350,1226,-1,1226,1350,1322,-1,1226,1322,1351,-1,1351,1322,680,-1,1291,1352,1292,-1,1292,1352,1323,-1,1292,1323,1353,-1,1353,1323,687,-1,1298,1354,1299,-1,1299,1354,1330,-1,1299,1330,1355,-1,1355,1330,665,-1,613,1356,614,-1,614,1356,1357,-1,614,1357,1334,-1,1358,1359,806,-1,806,1359,1360,-1,818,1361,816,-1,816,1361,1362,-1,816,1362,1363,-1,1363,1362,1364,-1,1363,1364,1365,-1,1364,1366,806,-1,806,1366,1367,-1,1368,1369,806,-1,806,1369,1370,-1,1371,1372,798,-1,1307,798,1373,-1,1374,757,758,-1,1183,1375,1184,-1,1184,1375,1376,-1,1184,1376,806,-1,806,1376,1377,-1,806,1377,1278,-1,1027,1378,1025,-1,1025,1378,1379,-1,1025,1379,1380,-1,1380,1379,1285,-1,1380,1285,1381,-1,1381,1285,1287,-1,1382,1383,1328,-1,1328,1383,1384,-1,1328,1384,1329,-1,1385,608,607,-1,1360,1386,806,-1,806,1386,1387,-1,806,1387,1364,-1,1364,1387,1388,-1,1364,1388,1365,-1,1367,1389,806,-1,806,1389,1390,-1,806,1390,1368,-1,1368,1390,1391,-1,1368,1391,1392,-1,843,1393,841,-1,841,1393,1394,-1,841,1394,1395,-1,1395,1394,1368,-1,1395,1368,1396,-1,1396,1368,1392,-1,1397,1398,798,-1,798,1398,1399,-1,1342,1400,798,-1,798,1400,1401,-1,798,1401,1402,-1,930,1403,928,-1,928,1403,1404,-1,928,1404,1405,-1,1405,1404,1406,-1,1405,1406,1171,-1,1171,1406,1407,-1,1171,1407,798,-1,798,1407,1408,-1,798,1408,1373,-1,1184,1409,1182,-1,1182,1409,1410,-1,1182,1410,1411,-1,1411,1410,1374,-1,1411,1374,1412,-1,1412,1374,758,-1,1254,1413,1253,-1,1253,1413,862,-1,1253,862,1414,-1,1414,862,1345,-1,1415,677,676,-1,1416,1417,862,-1,1306,1418,1305,-1,1305,1418,1385,-1,1305,1385,1419,-1,1419,1385,607,-1,1303,1305,1420,-1,1420,1305,1421,-1,1420,1421,1422,-1,1335,1423,806,-1,806,1423,1424,-1,806,1424,1425,-1,1370,1426,806,-1,806,1426,1427,-1,806,1427,798,-1,798,1427,1428,-1,798,1428,1397,-1,935,1429,933,-1,933,1429,1430,-1,933,1430,1431,-1,1431,1430,1432,-1,1431,1432,1372,-1,1372,1432,1433,-1,1372,1433,798,-1,798,1433,1434,-1,798,1434,1336,-1,1241,1435,1239,-1,1239,1435,1436,-1,1239,1436,1437,-1,1437,1436,1438,-1,1437,1438,1340,-1,1340,1438,1439,-1,1340,1439,798,-1,798,1439,1440,-1,798,1440,1341,-1,1441,1442,798,-1,798,1442,1443,-1,798,1443,1170,-1,1444,1445,862,-1,862,1445,1446,-1,862,1446,1033,-1,1033,1446,1447,-1,1033,1447,1202,-1,1326,1448,1324,-1,1324,1448,1415,-1,1324,1415,1449,-1,1449,1415,676,-1,1417,1450,862,-1,862,1450,1451,-1,862,1451,1100,-1,1452,1453,798,-1,798,1453,1454,-1,798,1454,1371,-1,1269,1455,1267,-1,1267,1455,1456,-1,1267,1456,1457,-1,1457,1456,1458,-1,1457,1458,1402,-1,1402,1458,1459,-1,1402,1459,798,-1,798,1459,1460,-1,798,1460,1441,-1,1461,1462,1463,-1,1066,1464,1064,-1,1064,1464,1465,-1,1064,1465,1466,-1,1466,1465,1461,-1,1466,1461,1467,-1,1467,1461,1463,-1,1002,1468,1000,-1,1000,1468,1469,-1,1000,1469,1470,-1,1470,1469,1471,-1,1470,1471,1472,-1,1472,1471,798,-1,1472,798,1473,-1,1473,798,1308,-1,1474,1475,798,-1,798,1475,1476,-1,1477,1478,798,-1,798,1478,1479,-1,798,1479,589,-1,589,1479,1480,-1,589,1480,1111,-1,1294,1481,1164,-1,1164,1481,1482,-1,1164,1482,862,-1,862,1482,1483,-1,862,1483,1383,-1,1295,1416,1296,-1,1296,1416,862,-1,1296,862,1484,-1,1484,862,1383,-1,1484,1383,1485,-1,1485,1383,1382,-1,1116,1486,1114,-1,1114,1486,1487,-1,1114,1487,1488,-1,1488,1487,1474,-1,1488,1474,1489,-1,1489,1474,798,-1,1489,798,1490,-1,1490,798,1491,-1,1476,1492,798,-1,798,1492,1493,-1,798,1493,1477,-1,1285,1494,1286,-1,1286,1494,1495,-1,1286,1495,1496,-1,1496,1495,862,-1,1496,862,1497,-1,1497,862,1413,-1,1495,1498,862,-1,862,1498,1499,-1,862,1499,1444,-1,1444,1499,971,-1,1444,971,1500,-1,1500,971,970,-1,1425,1501,806,-1,806,1501,1502,-1,806,1502,1422,-1,812,1503,813,-1,813,1503,1504,-1,813,1504,1399,-1,1399,1504,1505,-1,1399,1505,798,-1,798,1505,1506,-1,798,1506,1452,-1,1471,1507,798,-1,798,1507,1508,-1,798,1508,1509,-1,1510,1511,798,-1,798,1511,1512,-1,798,1512,1491,-1,1421,1513,1422,-1,1422,1513,1514,-1,1422,1514,806,-1,806,1514,1515,-1,806,1515,1358,-1,1510,798,1516,-1,1516,798,1509,-1,1516,1509,1461,-1,1461,1509,1517,-1,1461,1517,1462,-1,
        ]
    }
}
Shape{
    appearance Appearance {
        material  Material 	{
            diffuseColor 1.0 1.0 1.0
            specularColor 0.5019607843137255 0.5019607843137255 0.5019607843137255
            ambientIntensity 1.0
            transparency 0.0
            shininess 0.5
        }
    }
    geometry IndexedFaceSet {
        ccw TRUE
        solid FALSE
        coord DEF co Coordinate {
            point [
                -0.9055 1.0551 0.0079, -0.9055 1.1811 0.0079, -0.9055 1.0551 0.0787, -0.9055 1.1811 0.0787, -0.8267 1.1811 0.0079, -0.8267 1.0551 0.0079, -0.8267 1.1811 0.0787, -0.8267 1.0551 0.0787, -0.8582 1.0236 0.0079, -0.8582 1.0236 0.0787, -0.8501 1.0247 0.0079, -0.8501 1.0247 0.0787, -0.8425 1.0279 0.0079, -0.8425 1.0279 0.0787, -0.836 1.0329 0.0079, -0.836 1.0329 0.0787, -0.831 1.0394 0.0079, -0.831 1.0394 0.0787, -0.8278 1.047 0.0079, -0.8278 1.047 0.0787, -0.874 1.0236 0.0079, -0.874 1.0236 0.0787, -0.9044 1.047 0.0079, -0.9044 1.047 0.0787, -0.9013 1.0394 0.0079, -0.9013 1.0394 0.0787, -0.8963 1.0329 0.0079, -0.8963 1.0329 0.0787, -0.8897 1.0279 0.0079, -0.8897 1.0279 0.0787, -0.8821 1.0247 0.0079, -0.8821 1.0247 0.0787, 1.0237 -0.7657 0.0079, 1.0237 -0.7657 0.0787, 1.0244 -0.7727 0.0079, 1.0244 -0.7727 0.0787, 1.0268 -0.7794 0.0079, 1.0268 -0.7794 0.0787, 1.0305 -0.7854 0.0079, 1.0305 -0.7854 0.0787, 1.0355 -0.7904 0.0079, 1.0355 -0.7904 0.0787, 1.0415 -0.7941 0.0079, 1.0415 -0.7941 0.0787, 1.0481 -0.7964 0.0079, 1.0481 -0.7964 0.0787, 1.0551 -0.7972 0.0079, 1.0551 -0.7972 0.0787
            ]
        }
        coordIndex [
            0,1,2,-1,2,1,3,-1,4,5,6,-1,6,5,7,-1,8,9,10,-1,10,9,11,-1,10,11,12,-1,12,11,13,-1,12,13,14,-1,14,13,15,-1,14,15,16,-1,16,15,17,-1,16,17,18,-1,18,17,19,-1,18,19,5,-1,5,19,7,-1,8,20,9,-1,9,20,21,-1,0,2,22,-1,22,2,23,-1,22,23,24,-1,24,23,25,-1,24,25,26,-1,26,25,27,-1,26,27,28,-1,28,27,29,-1,28,29,30,-1,30,29,31,-1,30,31,20,-1,20,31,21,-1,2,3,21,-1,11,9,7,-1,21,3,9,-1,9,3,6,-1,9,6,7,-1,7,19,17,-1,17,15,7,-1,7,15,13,-1,7,13,11,-1,29,27,25,-1,21,31,2,-1,2,31,29,-1,2,29,23,-1,23,29,25,-1,32,33,34,-1,34,33,35,-1,34,35,36,-1,36,35,37,-1,36,37,38,-1,38,37,39,-1,38,39,40,-1,40,39,41,-1,40,41,42,-1,42,41,43,-1,42,43,44,-1,44,43,45,-1,44,45,46,-1,46,45,47,-1,
        ]
    }
}
Shape{
    appearance Appearance {
        material  Material 	{
            diffuseColor 0.792156862745098 0.8196078431372549 0.9333333333333333
            specularColor 0.396078431372549 0.4117647058823529 0.4666666666666667
            ambientIntensity 0.8244
            transparency 0.0
            shininess 0.5
        }
    }
    geometry IndexedFaceSet {
        ccw TRUE
        solid FALSE
        coord DEF co Coordinate {
            point [
                1.0237 -0.7657 0.0079, 1.0237 -0.75 0.0079, 1.0237 -0.7657 0.0787, 1.0237 -0.75 0.0787, 1.0551 -0.7185 0.0079, 1.0551 -0.7185 0.0787, 1.0481 -0.7193 0.0079, 1.0481 -0.7193 0.0787, 1.0415 -0.7216 0.0079, 1.0415 -0.7216 0.0787, 1.0355 -0.7254 0.0079, 1.0355 -0.7254 0.0787, 1.0305 -0.7304 0.0079, 1.0305 -0.7304 0.0787, 1.0268 -0.7363 0.0079, 1.0268 -0.7363 0.0787, 1.0244 -0.743 0.0079, 1.0244 -0.743 0.0787, 1.1811 -0.7185 0.0079, 1.1811 -0.7185 0.0787, 1.1811 -0.7972 0.0079, 1.0551 -0.7972 0.0079, 1.1811 -0.7972 0.0787, 1.0551 -0.7972 0.0787, 1.0244 -0.7727 0.0787, 1.0268 -0.7794 0.0787, 1.0481 -0.7964 0.0787, 1.0415 -0.7941 0.0787, 1.0355 -0.7904 0.0787, 1.0305 -0.7854 0.0787, -1.1811 -0.7185 0.0079, -1.0551 -0.7185 0.0079, -1.1811 -0.7185 0.0787, -1.0551 -0.7185 0.0787, -1.0236 -0.75 0.0079, -1.0236 -0.75 0.0787, -1.0244 -0.743 0.0079, -1.0244 -0.743 0.0787, -1.0267 -0.7363 0.0079, -1.0267 -0.7363 0.0787, -1.0305 -0.7304 0.0079, -1.0305 -0.7304 0.0787, -1.0355 -0.7254 0.0079, -1.0355 -0.7254 0.0787, -1.0414 -0.7216 0.0079, -1.0414 -0.7216 0.0787, -1.0481 -0.7193 0.0079, -1.0481 -0.7193 0.0787, -1.0236 -0.7657 0.0079, -1.0236 -0.7657 0.0787, -1.0551 -0.7972 0.0079, -1.0551 -0.7972 0.0787, -1.0481 -0.7964 0.0079, -1.0481 -0.7964 0.0787, -1.0414 -0.7941 0.0079, -1.0414 -0.7941 0.0787, -1.0355 -0.7904 0.0079, -1.0355 -0.7904 0.0787, -1.0305 -0.7854 0.0079, -1.0305 -0.7854 0.0787, -1.0267 -0.7794 0.0079, -1.0267 -0.7794 0.0787, -1.0244 -0.7727 0.0079, -1.0244 -0.7727 0.0787, -1.1811 -0.7972 0.0079, -1.1811 -0.7972 0.0787, 1.0237 -0.6181 0.0079, 1.0237 -0.6181 0.0787, 1.0244 -0.6251 0.0079, 1.0244 -0.6251 0.0787, 1.0268 -0.6318 0.0079, 1.0268 -0.6318 0.0787, 1.0305 -0.6377 0.0079, 1.0305 -0.6377 0.0787, 1.0355 -0.6427 0.0079, 1.0355 -0.6427 0.0787, 1.0415 -0.6465 0.0079, 1.0415 -0.6465 0.0787, 1.0481 -0.6488 0.0079, 1.0481 -0.6488 0.0787, 1.0551 -0.6496 0.0079, 1.0551 -0.6496 0.0787, 1.0237 -0.6024 0.0079, 1.0237 -0.6024 0.0787, 1.0551 -0.5709 0.0079, 1.0551 -0.5709 0.0787, 1.0481 -0.5716 0.0079, 1.0481 -0.5716 0.0787, 1.0415 -0.574 0.0079, 1.0415 -0.574 0.0787, 1.0355 -0.5777 0.0079, 1.0355 -0.5777 0.0787, 1.0305 -0.5827 0.0079, 1.0305 -0.5827 0.0787, 1.0268 -0.5887 0.0079, 1.0268 -0.5887 0.0787, 1.0244 -0.5953 0.0079, 1.0244 -0.5953 0.0787, 1.1811 -0.5709 0.0079, 1.1811 -0.5709 0.0787, 1.1811 -0.6496 0.0079, 1.1811 -0.6496 0.0787, -1.1811 -0.5709 0.0079, -1.0551 -0.5709 0.0079, -1.1811 -0.5709 0.0787, -1.0551 -0.5709 0.0787, -1.0236 -0.6024 0.0079, -1.0236 -0.6024 0.0787, -1.0244 -0.5953 0.0079, -1.0244 -0.5953 0.0787, -1.0267 -0.5887 0.0079, -1.0267 -0.5887 0.0787, -1.0305 -0.5827 0.0079, -1.0305 -0.5827 0.0787, -1.0355 -0.5777 0.0079, -1.0355 -0.5777 0.0787, -1.0414 -0.574 0.0079, -1.0414 -0.574 0.0787, -1.0481 -0.5716 0.0079, -1.0481 -0.5716 0.0787, -1.0236 -0.6181 0.0079, -1.0236 -0.6181 0.0787, -1.0551 -0.6496 0.0079, -1.0551 -0.6496 0.0787, -1.0481 -0.6488 0.0079, -1.0481 -0.6488 0.0787, -1.0414 -0.6465 0.0079, -1.0414 -0.6465 0.0787, -1.0355 -0.6427 0.0079, -1.0355 -0.6427 0.0787, -1.0305 -0.6377 0.0079, -1.0305 -0.6377 0.0787, -1.0267 -0.6318 0.0079, -1.0267 -0.6318 0.0787, -1.0244 -0.6251 0.0079, -1.0244 -0.6251 0.0787, -1.1811 -0.6496 0.0079, -1.1811 -0.6496 0.0787, 1.0237 -0.4705 0.0079, 1.0237 -0.4705 0.0787, 1.0244 -0.4775 0.0079, 1.0244 -0.4775 0.0787, 1.0268 -0.4841 0.0079, 1.0268 -0.4841 0.0787, 1.0305 -0.4901 0.0079, 1.0305 -0.4901 0.0787, 1.0355 -0.4951 0.0079, 1.0355 -0.4951 0.0787, 1.0415 -0.4988 0.0079, 1.0415 -0.4988 0.0787, 1.0481 -0.5012 0.0079, 1.0481 -0.5012 0.0787, 1.0551 -0.502 0.0079, 1.0551 -0.502 0.0787, 1.0237 -0.4547 0.0079, 1.0237 -0.4547 0.0787, 1.0551 -0.4232 0.0079, 1.0551 -0.4232 0.0787, 1.0481 -0.424 0.0079, 1.0481 -0.424 0.0787, 1.0415 -0.4263 0.0079, 1.0415 -0.4263 0.0787, 1.0355 -0.4301 0.0079, 1.0355 -0.4301 0.0787, 1.0305 -0.4351 0.0079, 1.0305 -0.4351 0.0787, 1.0268 -0.441 0.0079, 1.0268 -0.441 0.0787, 1.0244 -0.4477 0.0079, 1.0244 -0.4477 0.0787, 1.1811 -0.4232 0.0079, 1.1811 -0.4232 0.0787, 1.1811 -0.502 0.0079, 1.1811 -0.502 0.0787, -1.1811 -0.4232 0.0079, -1.0551 -0.4232 0.0079, -1.1811 -0.4232 0.0787, -1.0551 -0.4232 0.0787, -1.0236 -0.4547 0.0079, -1.0236 -0.4547 0.0787, -1.0244 -0.4477 0.0079, -1.0244 -0.4477 0.0787, -1.0267 -0.441 0.0079, -1.0267 -0.441 0.0787, -1.0305 -0.4351 0.0079, -1.0305 -0.4351 0.0787, -1.0355 -0.4301 0.0079, -1.0355 -0.4301 0.0787, -1.0414 -0.4263 0.0079, -1.0414 -0.4263 0.0787, -1.0481 -0.424 0.0079, -1.0481 -0.424 0.0787, -1.0236 -0.4705 0.0079, -1.0236 -0.4705 0.0787, -1.0551 -0.502 0.0079, -1.0551 -0.502 0.0787, -1.0481 -0.5012 0.0079, -1.0481 -0.5012 0.0787, -1.0414 -0.4988 0.0079, -1.0414 -0.4988 0.0787, -1.0355 -0.4951 0.0079, -1.0355 -0.4951 0.0787, -1.0305 -0.4901 0.0079, -1.0305 -0.4901 0.0787, -1.0267 -0.4841 0.0079, -1.0267 -0.4841 0.0787, -1.0244 -0.4775 0.0079, -1.0244 -0.4775 0.0787, -1.1811 -0.502 0.0079, -1.1811 -0.502 0.0787, 1.0237 -0.3228 0.0079, 1.0237 -0.3228 0.0787, 1.0244 -0.3298 0.0079, 1.0244 -0.3298 0.0787, 1.0268 -0.3365 0.0079, 1.0268 -0.3365 0.0787, 1.0305 -0.3425 0.0079, 1.0305 -0.3425 0.0787, 1.0355 -0.3474 0.0079, 1.0355 -0.3474 0.0787, 1.0415 -0.3512 0.0079, 1.0415 -0.3512 0.0787, 1.0481 -0.3535 0.0079, 1.0481 -0.3535 0.0787, 1.0551 -0.3543 0.0079, 1.0551 -0.3543 0.0787, 1.0237 -0.3071 0.0079, 1.0237 -0.3071 0.0787, 1.0551 -0.2756 0.0079, 1.0551 -0.2756 0.0787, 1.0481 -0.2764 0.0079, 1.0481 -0.2764 0.0787, 1.0415 -0.2787 0.0079, 1.0415 -0.2787 0.0787, 1.0355 -0.2825 0.0079, 1.0355 -0.2825 0.0787, 1.0305 -0.2874 0.0079, 1.0305 -0.2874 0.0787, 1.0268 -0.2934 0.0079, 1.0268 -0.2934 0.0787, 1.0244 -0.3001 0.0079, 1.0244 -0.3001 0.0787, 1.1811 -0.2756 0.0079, 1.1811 -0.2756 0.0787, 1.1811 -0.3543 0.0079, 1.1811 -0.3543 0.0787, -1.1811 -0.2756 0.0079, -1.0551 -0.2756 0.0079, -1.1811 -0.2756 0.0787, -1.0551 -0.2756 0.0787, -1.0236 -0.3071 0.0079, -1.0236 -0.3071 0.0787, -1.0244 -0.3001 0.0079, -1.0244 -0.3001 0.0787, -1.0267 -0.2934 0.0079, -1.0267 -0.2934 0.0787, -1.0305 -0.2874 0.0079, -1.0305 -0.2874 0.0787, -1.0355 -0.2825 0.0079, -1.0355 -0.2825 0.0787, -1.0414 -0.2787 0.0079, -1.0414 -0.2787 0.0787, -1.0481 -0.2764 0.0079, -1.0481 -0.2764 0.0787, -1.0236 -0.3228 0.0079, -1.0236 -0.3228 0.0787, -1.0551 -0.3543 0.0079, -1.0551 -0.3543 0.0787, -1.0481 -0.3535 0.0079, -1.0481 -0.3535 0.0787, -1.0414 -0.3512 0.0079, -1.0414 -0.3512 0.0787, -1.0355 -0.3474 0.0079, -1.0355 -0.3474 0.0787, -1.0305 -0.3425 0.0079, -1.0305 -0.3425 0.0787, -1.0267 -0.3365 0.0079, -1.0267 -0.3365 0.0787, -1.0244 -0.3298 0.0079, -1.0244 -0.3298 0.0787, -1.1811 -0.3543 0.0079, -1.1811 -0.3543 0.0787, 1.0237 -0.1752 0.0079, 1.0237 -0.1752 0.0787, 1.0244 -0.1822 0.0079, 1.0244 -0.1822 0.0787, 1.0268 -0.1889 0.0079, 1.0268 -0.1889 0.0787, 1.0305 -0.1948 0.0079, 1.0305 -0.1948 0.0787, 1.0355 -0.1998 0.0079, 1.0355 -0.1998 0.0787, 1.0415 -0.2036 0.0079, 1.0415 -0.2036 0.0787, 1.0481 -0.2059 0.0079, 1.0481 -0.2059 0.0787, 1.0551 -0.2067 0.0079, 1.0551 -0.2067 0.0787, 1.0237 -0.1594 0.0079, 1.0237 -0.1594 0.0787, 1.0551 -0.1279 0.0079, 1.0551 -0.1279 0.0787, 1.0481 -0.1287 0.0079, 1.0481 -0.1287 0.0787, 1.0415 -0.1311 0.0079, 1.0415 -0.1311 0.0787, 1.0355 -0.1348 0.0079, 1.0355 -0.1348 0.0787, 1.0305 -0.1398 0.0079, 1.0305 -0.1398 0.0787, 1.0268 -0.1458 0.0079, 1.0268 -0.1458 0.0787, 1.0244 -0.1524 0.0079, 1.0244 -0.1524 0.0787, 1.1811 -0.1279 0.0079, 1.1811 -0.1279 0.0787, 1.1811 -0.2067 0.0079, 1.1811 -0.2067 0.0787, -1.1811 -0.1279 0.0079, -1.0551 -0.1279 0.0079, -1.1811 -0.1279 0.0787, -1.0551 -0.1279 0.0787, -1.0236 -0.1594 0.0079, -1.0236 -0.1594 0.0787, -1.0244 -0.1524 0.0079, -1.0244 -0.1524 0.0787, -1.0267 -0.1458 0.0079, -1.0267 -0.1458 0.0787, -1.0305 -0.1398 0.0079, -1.0305 -0.1398 0.0787, -1.0355 -0.1348 0.0079, -1.0355 -0.1348 0.0787, -1.0414 -0.1311 0.0079, -1.0414 -0.1311 0.0787, -1.0481 -0.1287 0.0079, -1.0481 -0.1287 0.0787, -1.0236 -0.1752 0.0079, -1.0236 -0.1752 0.0787, -1.0551 -0.2067 0.0079, -1.0551 -0.2067 0.0787, -1.0481 -0.2059 0.0079, -1.0481 -0.2059 0.0787, -1.0414 -0.2036 0.0079, -1.0414 -0.2036 0.0787, -1.0355 -0.1998 0.0079, -1.0355 -0.1998 0.0787, -1.0305 -0.1948 0.0079, -1.0305 -0.1948 0.0787, -1.0267 -0.1889 0.0079, -1.0267 -0.1889 0.0787, -1.0244 -0.1822 0.0079, -1.0244 -0.1822 0.0787, -1.1811 -0.2067 0.0079, -1.1811 -0.2067 0.0787, 1.0237 -0.0275 0.0079, 1.0237 -0.0275 0.0787, 1.0244 -0.0346 0.0079, 1.0244 -0.0346 0.0787, 1.0268 -0.0412 0.0079, 1.0268 -0.0412 0.0787, 1.0305 -0.0472 0.0079, 1.0305 -0.0472 0.0787, 1.0355 -0.0522 0.0079, 1.0355 -0.0522 0.0787, 1.0415 -0.0559 0.0079, 1.0415 -0.0559 0.0787, 1.0481 -0.0583 0.0079, 1.0481 -0.0583 0.0787, 1.0551 -0.059 0.0079, 1.0551 -0.059 0.0787, 1.0237 -0.0118 0.0079, 1.0237 -0.0118 0.0787, 1.0551 0.0197 0.0079, 1.0551 0.0197 0.0787, 1.0481 0.0189 0.0079, 1.0481 0.0189 0.0787, 1.0415 0.0166 0.0079, 1.0415 0.0166 0.0787, 1.0355 0.0128 0.0079, 1.0355 0.0128 0.0787, 1.0305 0.0078 0.0079, 1.0305 0.0078 0.0787, 1.0268 0.0019 0.0079, 1.0268 0.0019 0.0787, 1.0244 -0.0048 0.0079, 1.0244 -0.0048 0.0787, 1.1811 0.0197 0.0079, 1.1811 0.0197 0.0787, 1.1811 -0.059 0.0079, 1.1811 -0.059 0.0787, -1.1811 0.0197 0.0079, -1.0551 0.0197 0.0079, -1.1811 0.0197 0.0787, -1.0551 0.0197 0.0787, -1.0236 -0.0118 0.0079, -1.0236 -0.0118 0.0787, -1.0244 -0.0048 0.0079, -1.0244 -0.0048 0.0787, -1.0267 0.0019 0.0079, -1.0267 0.0019 0.0787, -1.0305 0.0078 0.0079, -1.0305 0.0078 0.0787, -1.0355 0.0128 0.0079, -1.0355 0.0128 0.0787, -1.0414 0.0166 0.0079, -1.0414 0.0166 0.0787, -1.0481 0.0189 0.0079, -1.0481 0.0189 0.0787, -1.0236 -0.0275 0.0079, -1.0236 -0.0275 0.0787, -1.0551 -0.059 0.0079, -1.0551 -0.059 0.0787, -1.0481 -0.0583 0.0079, -1.0481 -0.0583 0.0787, -1.0414 -0.0559 0.0079, -1.0414 -0.0559 0.0787, -1.0355 -0.0522 0.0079, -1.0355 -0.0522 0.0787, -1.0305 -0.0472 0.0079, -1.0305 -0.0472 0.0787, -1.0267 -0.0412 0.0079, -1.0267 -0.0412 0.0787, -1.0244 -0.0346 0.0079, -1.0244 -0.0346 0.0787, -1.1811 -0.059 0.0079, -1.1811 -0.059 0.0787, 1.0237 0.1201 0.0079, 1.0237 0.1201 0.0787, 1.0244 0.1131 0.0079, 1.0244 0.1131 0.0787, 1.0268 0.1064 0.0079, 1.0268 0.1064 0.0787, 1.0305 0.1005 0.0079, 1.0305 0.1005 0.0787, 1.0355 0.0955 0.0079, 1.0355 0.0955 0.0787, 1.0415 0.0917 0.0079, 1.0415 0.0917 0.0787, 1.0481 0.0894 0.0079, 1.0481 0.0894 0.0787, 1.0551 0.0886 0.0079, 1.0551 0.0886 0.0787, 1.0237 0.1358 0.0079, 1.0237 0.1358 0.0787, 1.0551 0.1673 0.0079, 1.0551 0.1673 0.0787, 1.0481 0.1665 0.0079, 1.0481 0.1665 0.0787, 1.0415 0.1642 0.0079, 1.0415 0.1642 0.0787, 1.0355 0.1605 0.0079, 1.0355 0.1605 0.0787, 1.0305 0.1555 0.0079, 1.0305 0.1555 0.0787, 1.0268 0.1495 0.0079, 1.0268 0.1495 0.0787, 1.0244 0.1428 0.0079, 1.0244 0.1428 0.0787, 1.1811 0.1673 0.0079, 1.1811 0.1673 0.0787, 1.1811 0.0886 0.0079, 1.1811 0.0886 0.0787, -1.1811 0.1673 0.0079, -1.0551 0.1673 0.0079, -1.1811 0.1673 0.0787, -1.0551 0.1673 0.0787, -1.0236 0.1358 0.0079, -1.0236 0.1358 0.0787, -1.0244 0.1428 0.0079, -1.0244 0.1428 0.0787, -1.0267 0.1495 0.0079, -1.0267 0.1495 0.0787, -1.0305 0.1555 0.0079, -1.0305 0.1555 0.0787, -1.0355 0.1605 0.0079, -1.0355 0.1605 0.0787, -1.0414 0.1642 0.0079, -1.0414 0.1642 0.0787, -1.0481 0.1665 0.0079, -1.0481 0.1665 0.0787, -1.0236 0.1201 0.0079, -1.0236 0.1201 0.0787, -1.0551 0.0886 0.0079, -1.0551 0.0886 0.0787, -1.0481 0.0894 0.0079, -1.0481 0.0894 0.0787, -1.0414 0.0917 0.0079, -1.0414 0.0917 0.0787, -1.0355 0.0955 0.0079, -1.0355 0.0955 0.0787, -1.0305 0.1005 0.0079, -1.0305 0.1005 0.0787, -1.0267 0.1064 0.0079, -1.0267 0.1064 0.0787, -1.0244 0.1131 0.0079, -1.0244 0.1131 0.0787, -1.1811 0.0886 0.0079, -1.1811 0.0886 0.0787, 1.0237 0.2677 0.0079, 1.0237 0.2677 0.0787, 1.0244 0.2607 0.0079, 1.0244 0.2607 0.0787, 1.0268 0.2541 0.0079, 1.0268 0.2541 0.0787, 1.0305 0.2481 0.0079, 1.0305 0.2481 0.0787, 1.0355 0.2431 0.0079, 1.0355 0.2431 0.0787, 1.0415 0.2393 0.0079, 1.0415 0.2393 0.0787, 1.0481 0.237 0.0079, 1.0481 0.237 0.0787, 1.0551 0.2362 0.0079, 1.0551 0.2362 0.0787, 1.0237 0.2835 0.0079, 1.0237 0.2835 0.0787, 1.0551 0.315 0.0079, 1.0551 0.315 0.0787, 1.0481 0.3142 0.0079, 1.0481 0.3142 0.0787, 1.0415 0.3119 0.0079, 1.0415 0.3119 0.0787, 1.0355 0.3081 0.0079, 1.0355 0.3081 0.0787, 1.0305 0.3031 0.0079, 1.0305 0.3031 0.0787, 1.0268 0.2971 0.0079, 1.0268 0.2971 0.0787, 1.0244 0.2905 0.0079, 1.0244 0.2905 0.0787, 1.1811 0.315 0.0079, 1.1811 0.315 0.0787, 1.1811 0.2362 0.0079, 1.1811 0.2362 0.0787, -1.1811 0.315 0.0079, -1.0551 0.315 0.0079, -1.1811 0.315 0.0787, -1.0551 0.315 0.0787, -1.0236 0.2835 0.0079, -1.0236 0.2835 0.0787, -1.0244 0.2905 0.0079, -1.0244 0.2905 0.0787, -1.0267 0.2971 0.0079, -1.0267 0.2971 0.0787, -1.0305 0.3031 0.0079, -1.0305 0.3031 0.0787, -1.0355 0.3081 0.0079, -1.0355 0.3081 0.0787, -1.0414 0.3119 0.0079, -1.0414 0.3119 0.0787, -1.0481 0.3142 0.0079, -1.0481 0.3142 0.0787, -1.0236 0.2677 0.0079, -1.0236 0.2677 0.0787, -1.0551 0.2362 0.0079, -1.0551 0.2362 0.0787, -1.0481 0.237 0.0079, -1.0481 0.237 0.0787, -1.0414 0.2393 0.0079, -1.0414 0.2393 0.0787, -1.0355 0.2431 0.0079, -1.0355 0.2431 0.0787, -1.0305 0.2481 0.0079, -1.0305 0.2481 0.0787, -1.0267 0.2541 0.0079, -1.0267 0.2541 0.0787, -1.0244 0.2607 0.0079, -1.0244 0.2607 0.0787, -1.1811 0.2362 0.0079, -1.1811 0.2362 0.0787, -0.874 -1.0236 0.0079, -0.874 -1.0236 0.0787, -0.8821 -1.0247 0.0079, -0.8821 -1.0247 0.0787, -0.8897 -1.0278 0.0079, -0.8897 -1.0278 0.0787, -0.8963 -1.0328 0.0079, -0.8963 -1.0328 0.0787, -0.9013 -1.0394 0.0079, -0.9013 -1.0394 0.0787, -0.9044 -1.047 0.0079, -0.9044 -1.047 0.0787, -0.9055 -1.0551 0.0079, -0.9055 -1.0551 0.0787, -0.8582 -1.0236 0.0079, -0.8582 -1.0236 0.0787, -0.8267 -1.0551 0.0079, -0.8267 -1.0551 0.0787, -0.8278 -1.047 0.0079, -0.8278 -1.047 0.0787, -0.831 -1.0394 0.0079, -0.831 -1.0394 0.0787, -0.836 -1.0328 0.0079, -0.836 -1.0328 0.0787, -0.8425 -1.0278 0.0079, -0.8425 -1.0278 0.0787, -0.8501 -1.0247 0.0079, -0.8501 -1.0247 0.0787, -0.8267 -1.1811 0.0079, -0.8267 -1.1811 0.0787, -0.9055 -1.1811 0.0079, -0.9055 -1.1811 0.0787, -1.1811 0.9055 0.0079, -1.0551 0.9055 0.0079, -1.1811 0.9055 0.0787, -1.0551 0.9055 0.0787, -1.0236 0.874 0.0079, -1.0236 0.874 0.0787, -1.0244 0.881 0.0079, -1.0244 0.881 0.0787, -1.0267 0.8877 0.0079, -1.0267 0.8877 0.0787, -1.0305 0.8937 0.0079, -1.0305 0.8937 0.0787, -1.0355 0.8987 0.0079, -1.0355 0.8987 0.0787, -1.0414 0.9024 0.0079, -1.0414 0.9024 0.0787, -1.0481 0.9047 0.0079, -1.0481 0.9047 0.0787, -1.0236 0.8583 0.0079, -1.0236 0.8583 0.0787, -1.0551 0.8268 0.0079, -1.0551 0.8268 0.0787, -1.0481 0.8276 0.0079, -1.0481 0.8276 0.0787, -1.0414 0.8299 0.0079, -1.0414 0.8299 0.0787, -1.0355 0.8337 0.0079, -1.0355 0.8337 0.0787, -1.0305 0.8386 0.0079, -1.0305 0.8386 0.0787, -1.0267 0.8446 0.0079, -1.0267 0.8446 0.0787, -1.0244 0.8513 0.0079, -1.0244 0.8513 0.0787, -1.1811 0.8268 0.0079, -1.1811 0.8268 0.0787, -0.6693 1.1811 0.0079, -0.6693 1.0551 0.0079, -0.6693 1.1811 0.0787, -0.6693 1.0551 0.0787, -0.7008 1.0236 0.0079, -0.7008 1.0236 0.0787, -0.6926 1.0247 0.0079, -0.6926 1.0247 0.0787, -0.685 1.0279 0.0079, -0.685 1.0279 0.0787, -0.6785 1.0329 0.0079, -0.6785 1.0329 0.0787, -0.6735 1.0394 0.0079, -0.6735 1.0394 0.0787, -0.6703 1.047 0.0079, -0.6703 1.047 0.0787, -0.7165 1.0236 0.0079, -0.7165 1.0236 0.0787, -0.748 1.0551 0.0079, -0.748 1.0551 0.0787, -0.7469 1.047 0.0079, -0.7469 1.047 0.0787, -0.7438 1.0394 0.0079, -0.7438 1.0394 0.0787, -0.7388 1.0329 0.0079, -0.7388 1.0329 0.0787, -0.7323 1.0279 0.0079, -0.7323 1.0279 0.0787, -0.7247 1.0247 0.0079, -0.7247 1.0247 0.0787, -0.748 1.1811 0.0079, -0.748 1.1811 0.0787, -0.7165 -1.0236 0.0079, -0.7165 -1.0236 0.0787, -0.7247 -1.0247 0.0079, -0.7247 -1.0247 0.0787, -0.7323 -1.0278 0.0079, -0.7323 -1.0278 0.0787, -0.7388 -1.0328 0.0079, -0.7388 -1.0328 0.0787, -0.7438 -1.0394 0.0079, -0.7438 -1.0394 0.0787, -0.7469 -1.047 0.0079, -0.7469 -1.047 0.0787, -0.748 -1.0551 0.0079, -0.748 -1.0551 0.0787, -0.7008 -1.0236 0.0079, -0.7008 -1.0236 0.0787, -0.6693 -1.0551 0.0079, -0.6693 -1.0551 0.0787, -0.6703 -1.047 0.0079, -0.6703 -1.047 0.0787, -0.6735 -1.0394 0.0079, -0.6735 -1.0394 0.0787, -0.6785 -1.0328 0.0079, -0.6785 -1.0328 0.0787, -0.685 -1.0278 0.0079, -0.685 -1.0278 0.0787, -0.6926 -1.0247 0.0079, -0.6926 -1.0247 0.0787, -0.6693 -1.1811 0.0079, -0.6693 -1.1811 0.0787, -0.748 -1.1811 0.0079, -0.748 -1.1811 0.0787, -0.5118 1.1811 0.0079, -0.5118 1.0551 0.0079, -0.5118 1.1811 0.0787, -0.5118 1.0551 0.0787, -0.5433 1.0236 0.0079, -0.5433 1.0236 0.0787, -0.5351 1.0247 0.0079, -0.5351 1.0247 0.0787, -0.5275 1.0279 0.0079, -0.5275 1.0279 0.0787, -0.521 1.0329 0.0079, -0.521 1.0329 0.0787, -0.516 1.0394 0.0079, -0.516 1.0394 0.0787, -0.5129 1.047 0.0079, -0.5129 1.047 0.0787, -0.559 1.0236 0.0079, -0.559 1.0236 0.0787, -0.5905 1.0551 0.0079, -0.5905 1.0551 0.0787, -0.5894 1.047 0.0079, -0.5894 1.047 0.0787, -0.5863 1.0394 0.0079, -0.5863 1.0394 0.0787, -0.5813 1.0329 0.0079, -0.5813 1.0329 0.0787, -0.5748 1.0279 0.0079, -0.5748 1.0279 0.0787, -0.5672 1.0247 0.0079, -0.5672 1.0247 0.0787, -0.5905 1.1811 0.0079, -0.5905 1.1811 0.0787, -0.559 -1.0236 0.0079, -0.559 -1.0236 0.0787, -0.5672 -1.0247 0.0079, -0.5672 -1.0247 0.0787, -0.5748 -1.0278 0.0079, -0.5748 -1.0278 0.0787, -0.5813 -1.0328 0.0079, -0.5813 -1.0328 0.0787, -0.5863 -1.0394 0.0079, -0.5863 -1.0394 0.0787, -0.5894 -1.047 0.0079, -0.5894 -1.047 0.0787, -0.5905 -1.0551 0.0079, -0.5905 -1.0551 0.0787, -0.5433 -1.0236 0.0079, -0.5433 -1.0236 0.0787, -0.5118 -1.0551 0.0079, -0.5118 -1.0551 0.0787, -0.5129 -1.047 0.0079, -0.5129 -1.047 0.0787, -0.516 -1.0394 0.0079, -0.516 -1.0394 0.0787, -0.521 -1.0328 0.0079, -0.521 -1.0328 0.0787, -0.5275 -1.0278 0.0079, -0.5275 -1.0278 0.0787, -0.5351 -1.0247 0.0079, -0.5351 -1.0247 0.0787, -0.5118 -1.1811 0.0079, -0.5118 -1.1811 0.0787, -0.5905 -1.1811 0.0079, -0.5905 -1.1811 0.0787, -0.3543 1.1811 0.0079, -0.3543 1.0551 0.0079, -0.3543 1.1811 0.0787, -0.3543 1.0551 0.0787, -0.3858 1.0236 0.0079, -0.3858 1.0236 0.0787, -0.3776 1.0247 0.0079, -0.3776 1.0247 0.0787, -0.37 1.0279 0.0079, -0.37 1.0279 0.0787, -0.3635 1.0329 0.0079, -0.3635 1.0329 0.0787, -0.3585 1.0394 0.0079, -0.3585 1.0394 0.0787, -0.3554 1.047 0.0079, -0.3554 1.047 0.0787, -0.4015 1.0236 0.0079, -0.4015 1.0236 0.0787, -0.433 1.0551 0.0079, -0.433 1.0551 0.0787, -0.432 1.047 0.0079, -0.432 1.047 0.0787, -0.4288 1.0394 0.0079, -0.4288 1.0394 0.0787, -0.4238 1.0329 0.0079, -0.4238 1.0329 0.0787, -0.4173 1.0279 0.0079, -0.4173 1.0279 0.0787, -0.4097 1.0247 0.0079, -0.4097 1.0247 0.0787, -0.433 1.1811 0.0079, -0.433 1.1811 0.0787, -0.4015 -1.0236 0.0079, -0.4015 -1.0236 0.0787, -0.4097 -1.0247 0.0079, -0.4097 -1.0247 0.0787, -0.4173 -1.0278 0.0079, -0.4173 -1.0278 0.0787, -0.4238 -1.0328 0.0079, -0.4238 -1.0328 0.0787, -0.4288 -1.0394 0.0079, -0.4288 -1.0394 0.0787, -0.432 -1.047 0.0079, -0.432 -1.047 0.0787, -0.433 -1.0551 0.0079, -0.433 -1.0551 0.0787, -0.3858 -1.0236 0.0079, -0.3858 -1.0236 0.0787, -0.3543 -1.0551 0.0079, -0.3543 -1.0551 0.0787, -0.3554 -1.047 0.0079, -0.3554 -1.047 0.0787, -0.3585 -1.0394 0.0079, -0.3585 -1.0394 0.0787, -0.3635 -1.0328 0.0079, -0.3635 -1.0328 0.0787, -0.37 -1.0278 0.0079, -0.37 -1.0278 0.0787, -0.3776 -1.0247 0.0079, -0.3776 -1.0247 0.0787, -0.3543 -1.1811 0.0079, -0.3543 -1.1811 0.0787, -0.433 -1.1811 0.0079, -0.433 -1.1811 0.0787, -0.1968 1.1811 0.0079, -0.1968 1.0551 0.0079, -0.1968 1.1811 0.0787, -0.1968 1.0551 0.0787, -0.2283 1.0236 0.0079, -0.2283 1.0236 0.0787, -0.2202 1.0247 0.0079, -0.2202 1.0247 0.0787, -0.2126 1.0279 0.0079, -0.2126 1.0279 0.0787, -0.206 1.0329 0.0079, -0.206 1.0329 0.0787, -0.201 1.0394 0.0079, -0.201 1.0394 0.0787, -0.1979 1.047 0.0079, -0.1979 1.047 0.0787, -0.2441 1.0236 0.0079, -0.2441 1.0236 0.0787, -0.2756 1.0551 0.0079, -0.2756 1.0551 0.0787, -0.2745 1.047 0.0079, -0.2745 1.047 0.0787, -0.2713 1.0394 0.0079, -0.2713 1.0394 0.0787, -0.2663 1.0329 0.0079, -0.2663 1.0329 0.0787, -0.2598 1.0279 0.0079, -0.2598 1.0279 0.0787, -0.2522 1.0247 0.0079, -0.2522 1.0247 0.0787, -0.2756 1.1811 0.0079, -0.2756 1.1811 0.0787, -0.2441 -1.0236 0.0079, -0.2441 -1.0236 0.0787, -0.2522 -1.0247 0.0079, -0.2522 -1.0247 0.0787, -0.2598 -1.0278 0.0079, -0.2598 -1.0278 0.0787, -0.2663 -1.0328 0.0079, -0.2663 -1.0328 0.0787, -0.2713 -1.0394 0.0079, -0.2713 -1.0394 0.0787, -0.2745 -1.047 0.0079, -0.2745 -1.047 0.0787, -0.2756 -1.0551 0.0079, -0.2756 -1.0551 0.0787, -0.2283 -1.0236 0.0079, -0.2283 -1.0236 0.0787, -0.1968 -1.0551 0.0079, -0.1968 -1.0551 0.0787, -0.1979 -1.047 0.0079, -0.1979 -1.047 0.0787, -0.201 -1.0394 0.0079, -0.201 -1.0394 0.0787, -0.206 -1.0328 0.0079, -0.206 -1.0328 0.0787, -0.2126 -1.0278 0.0079, -0.2126 -1.0278 0.0787, -0.2202 -1.0247 0.0079, -0.2202 -1.0247 0.0787, -0.1968 -1.1811 0.0079, -0.1968 -1.1811 0.0787, -0.2756 -1.1811 0.0079, -0.2756 -1.1811 0.0787, -0.0393 1.1811 0.0079, -0.0393 1.0551 0.0079, -0.0393 1.1811 0.0787, -0.0393 1.0551 0.0787, -0.0708 1.0236 0.0079, -0.0708 1.0236 0.0787, -0.0627 1.0247 0.0079, -0.0627 1.0247 0.0787, -0.0551 1.0279 0.0079, -0.0551 1.0279 0.0787, -0.0486 1.0329 0.0079, -0.0486 1.0329 0.0787, -0.0436 1.0394 0.0079, -0.0436 1.0394 0.0787, -0.0404 1.047 0.0079, -0.0404 1.047 0.0787, -0.0866 1.0236 0.0079, -0.0866 1.0236 0.0787, -0.1181 1.0551 0.0079, -0.1181 1.0551 0.0787, -0.117 1.047 0.0079, -0.117 1.047 0.0787, -0.1139 1.0394 0.0079, -0.1139 1.0394 0.0787, -0.1089 1.0329 0.0079, -0.1089 1.0329 0.0787, -0.1023 1.0279 0.0079, -0.1023 1.0279 0.0787, -0.0947 1.0247 0.0079, -0.0947 1.0247 0.0787, -0.1181 1.1811 0.0079, -0.1181 1.1811 0.0787, -0.0866 -1.0236 0.0079, -0.0866 -1.0236 0.0787, -0.0947 -1.0247 0.0079, -0.0947 -1.0247 0.0787, -0.1023 -1.0278 0.0079, -0.1023 -1.0278 0.0787, -0.1089 -1.0328 0.0079, -0.1089 -1.0328 0.0787, -0.1139 -1.0394 0.0079, -0.1139 -1.0394 0.0787, -0.117 -1.047 0.0079, -0.117 -1.047 0.0787, -0.1181 -1.0551 0.0079, -0.1181 -1.0551 0.0787, -0.0708 -1.0236 0.0079, -0.0708 -1.0236 0.0787, -0.0393 -1.0551 0.0079, -0.0393 -1.0551 0.0787, -0.0404 -1.047 0.0079, -0.0404 -1.047 0.0787, -0.0436 -1.0394 0.0079, -0.0436 -1.0394 0.0787, -0.0486 -1.0328 0.0079, -0.0486 -1.0328 0.0787, -0.0551 -1.0278 0.0079, -0.0551 -1.0278 0.0787, -0.0627 -1.0247 0.0079, -0.0627 -1.0247 0.0787, -0.0393 -1.1811 0.0079, -0.0393 -1.1811 0.0787, -0.1181 -1.1811 0.0079, -0.1181 -1.1811 0.0787, 0.1181 1.1811 0.0079, 0.1181 1.0551 0.0079, 0.1181 1.1811 0.0787, 0.1181 1.0551 0.0787, 0.0866 1.0236 0.0079, 0.0866 1.0236 0.0787, 0.0948 1.0247 0.0079, 0.0948 1.0247 0.0787, 0.1024 1.0279 0.0079, 0.1024 1.0279 0.0787, 0.1089 1.0329 0.0079, 0.1089 1.0329 0.0787, 0.1139 1.0394 0.0079, 0.1139 1.0394 0.0787, 0.1171 1.047 0.0079, 0.1171 1.047 0.0787, 0.0709 1.0236 0.0079, 0.0709 1.0236 0.0787, 0.0394 1.0551 0.0079, 0.0394 1.0551 0.0787, 0.0405 1.047 0.0079, 0.0405 1.047 0.0787, 0.0436 1.0394 0.0079, 0.0436 1.0394 0.0787, 0.0486 1.0329 0.0079, 0.0486 1.0329 0.0787, 0.0551 1.0279 0.0079, 0.0551 1.0279 0.0787, 0.0627 1.0247 0.0079, 0.0627 1.0247 0.0787, 0.0394 1.1811 0.0079, 0.0394 1.1811 0.0787, 0.0709 -1.0236 0.0079, 0.0709 -1.0236 0.0787, 0.0627 -1.0247 0.0079, 0.0627 -1.0247 0.0787, 0.0551 -1.0278 0.0079, 0.0551 -1.0278 0.0787, 0.0486 -1.0328 0.0079, 0.0486 -1.0328 0.0787, 0.0436 -1.0394 0.0079, 0.0436 -1.0394 0.0787, 0.0405 -1.047 0.0079, 0.0405 -1.047 0.0787, 0.0394 -1.0551 0.0079, 0.0394 -1.0551 0.0787, 0.0866 -1.0236 0.0079, 0.0866 -1.0236 0.0787, 0.1181 -1.0551 0.0079, 0.1181 -1.0551 0.0787, 0.1171 -1.047 0.0079, 0.1171 -1.047 0.0787, 0.1139 -1.0394 0.0079, 0.1139 -1.0394 0.0787, 0.1089 -1.0328 0.0079, 0.1089 -1.0328 0.0787, 0.1024 -1.0278 0.0079, 0.1024 -1.0278 0.0787, 0.0948 -1.0247 0.0079, 0.0948 -1.0247 0.0787, 0.1181 -1.1811 0.0079, 0.1181 -1.1811 0.0787, 0.0394 -1.1811 0.0079, 0.0394 -1.1811 0.0787, 0.2756 1.1811 0.0079, 0.2756 1.0551 0.0079, 0.2756 1.1811 0.0787, 0.2756 1.0551 0.0787, 0.2441 1.0236 0.0079, 0.2441 1.0236 0.0787, 0.2523 1.0247 0.0079, 0.2523 1.0247 0.0787, 0.2599 1.0279 0.0079, 0.2599 1.0279 0.0787, 0.2664 1.0329 0.0079, 0.2664 1.0329 0.0787, 0.2714 1.0394 0.0079, 0.2714 1.0394 0.0787, 0.2745 1.047 0.0079, 0.2745 1.047 0.0787, 0.2284 1.0236 0.0079, 0.2284 1.0236 0.0787, 0.1969 1.0551 0.0079, 0.1969 1.0551 0.0787, 0.198 1.047 0.0079, 0.198 1.047 0.0787, 0.2011 1.0394 0.0079, 0.2011 1.0394 0.0787, 0.2061 1.0329 0.0079, 0.2061 1.0329 0.0787, 0.2126 1.0279 0.0079, 0.2126 1.0279 0.0787, 0.2202 1.0247 0.0079, 0.2202 1.0247 0.0787, 0.1969 1.1811 0.0079, 0.1969 1.1811 0.0787, 0.2284 -1.0236 0.0079, 0.2284 -1.0236 0.0787, 0.2202 -1.0247 0.0079, 0.2202 -1.0247 0.0787, 0.2126 -1.0278 0.0079, 0.2126 -1.0278 0.0787, 0.2061 -1.0328 0.0079, 0.2061 -1.0328 0.0787, 0.2011 -1.0394 0.0079, 0.2011 -1.0394 0.0787, 0.198 -1.047 0.0079, 0.198 -1.047 0.0787, 0.1969 -1.0551 0.0079, 0.1969 -1.0551 0.0787, 0.2441 -1.0236 0.0079, 0.2441 -1.0236 0.0787, 0.2756 -1.0551 0.0079, 0.2756 -1.0551 0.0787, 0.2745 -1.047 0.0079, 0.2745 -1.047 0.0787, 0.2714 -1.0394 0.0079, 0.2714 -1.0394 0.0787, 0.2664 -1.0328 0.0079, 0.2664 -1.0328 0.0787, 0.2599 -1.0278 0.0079, 0.2599 -1.0278 0.0787, 0.2523 -1.0247 0.0079, 0.2523 -1.0247 0.0787, 0.2756 -1.1811 0.0079, 0.2756 -1.1811 0.0787, 0.1969 -1.1811 0.0079, 0.1969 -1.1811 0.0787, 1.0237 0.7106 0.0079, 1.0237 0.7106 0.0787, 1.0244 0.7036 0.0079, 1.0244 0.7036 0.0787, 1.0268 0.697 0.0079, 1.0268 0.697 0.0787, 1.0305 0.691 0.0079, 1.0305 0.691 0.0787, 1.0355 0.686 0.0079, 1.0355 0.686 0.0787, 1.0415 0.6823 0.0079, 1.0415 0.6823 0.0787, 1.0481 0.6799 0.0079, 1.0481 0.6799 0.0787, 1.0551 0.6791 0.0079, 1.0551 0.6791 0.0787, 1.0237 0.7264 0.0079, 1.0237 0.7264 0.0787, 1.0551 0.7579 0.0079, 1.0551 0.7579 0.0787, 1.0481 0.7571 0.0079, 1.0481 0.7571 0.0787, 1.0415 0.7548 0.0079, 1.0415 0.7548 0.0787, 1.0355 0.751 0.0079, 1.0355 0.751 0.0787, 1.0305 0.746 0.0079, 1.0305 0.746 0.0787, 1.0268 0.7401 0.0079, 1.0268 0.7401 0.0787, 1.0244 0.7334 0.0079, 1.0244 0.7334 0.0787, 1.1811 0.7579 0.0079, 1.1811 0.7579 0.0787, 1.1811 0.6791 0.0079, 1.1811 0.6791 0.0787, -1.1811 0.7579 0.0079, -1.0551 0.7579 0.0079, -1.1811 0.7579 0.0787, -1.0551 0.7579 0.0787, -1.0236 0.7264 0.0079, -1.0236 0.7264 0.0787, -1.0244 0.7334 0.0079, -1.0244 0.7334 0.0787, -1.0267 0.7401 0.0079, -1.0267 0.7401 0.0787, -1.0305 0.746 0.0079, -1.0305 0.746 0.0787, -1.0355 0.751 0.0079, -1.0355 0.751 0.0787, -1.0414 0.7548 0.0079, -1.0414 0.7548 0.0787, -1.0481 0.7571 0.0079, -1.0481 0.7571 0.0787, -1.0236 0.7106 0.0079, -1.0236 0.7106 0.0787, -1.0551 0.6791 0.0079, -1.0551 0.6791 0.0787, -1.0481 0.6799 0.0079, -1.0481 0.6799 0.0787, -1.0414 0.6823 0.0079, -1.0414 0.6823 0.0787, -1.0355 0.686 0.0079, -1.0355 0.686 0.0787, -1.0305 0.691 0.0079, -1.0305 0.691 0.0787, -1.0267 0.697 0.0079, -1.0267 0.697 0.0787, -1.0244 0.7036 0.0079, -1.0244 0.7036 0.0787, -1.1811 0.6791 0.0079, -1.1811 0.6791 0.0787, 0.7874 0.7874 0.0079, 0.7874 -0.7874 0.0079, 0.7874 0.7874 0.0787, 0.7874 -0.7874 0.0787, -0.7874 -0.7874 0.0079, -0.7874 -0.7874 0.0787, -0.7874 0.5421 0.0079, -0.7874 0.5421 0.0787, -0.7874 0.6784 0.0079, -0.7874 0.6784 0.0787, -0.7711 0.6659 0.0787, -0.7711 0.6659 0.0079, -0.7586 0.6496 0.0787, -0.7586 0.6496 0.0079, -0.7507 0.6306 0.0787, -0.7507 0.6306 0.0079, -0.748 0.6102 0.0787, -0.748 0.6102 0.0079, -0.7507 0.5899 0.0787, -0.7507 0.5899 0.0079, -0.7586 0.5709 0.0787, -0.7586 0.5709 0.0079, -0.7711 0.5546 0.0787, -0.7711 0.5546 0.0079, -0.7874 0.7874 0.0079, -0.7874 0.7874 0.0787, 1.0237 0.8583 0.0079, 1.0237 0.8583 0.0787, 1.0244 0.8513 0.0079, 1.0244 0.8513 0.0787, 1.0268 0.8446 0.0079, 1.0268 0.8446 0.0787, 1.0305 0.8386 0.0079, 1.0305 0.8386 0.0787, 1.0355 0.8337 0.0079, 1.0355 0.8337 0.0787, 1.0415 0.8299 0.0079, 1.0415 0.8299 0.0787, 1.0481 0.8276 0.0079, 1.0481 0.8276 0.0787, 1.0551 0.8268 0.0079, 1.0551 0.8268 0.0787, 1.0237 0.874 0.0079, 1.0237 0.874 0.0787, 1.0551 0.9055 0.0079, 1.0551 0.9055 0.0787, 1.0481 0.9047 0.0079, 1.0481 0.9047 0.0787, 1.0415 0.9024 0.0079, 1.0415 0.9024 0.0787, 1.0355 0.8987 0.0079, 1.0355 0.8987 0.0787, 1.0305 0.8937 0.0079, 1.0305 0.8937 0.0787, 1.0268 0.8877 0.0079, 1.0268 0.8877 0.0787, 1.0244 0.881 0.0079, 1.0244 0.881 0.0787, 1.1811 0.9055 0.0079, 1.1811 0.9055 0.0787, 1.1811 0.8268 0.0079, 1.1811 0.8268 0.0787, -1.1811 0.6102 0.0079, -1.0551 0.6102 0.0079, -1.1811 0.6102 0.0787, -1.0551 0.6102 0.0787, -1.0236 0.5788 0.0079, -1.0236 0.5788 0.0787, -1.0244 0.5858 0.0079, -1.0244 0.5858 0.0787, -1.0267 0.5924 0.0079, -1.0267 0.5924 0.0787, -1.0305 0.5984 0.0079, -1.0305 0.5984 0.0787, -1.0355 0.6034 0.0079, -1.0355 0.6034 0.0787, -1.0414 0.6071 0.0079, -1.0414 0.6071 0.0787, -1.0481 0.6095 0.0079, -1.0481 0.6095 0.0787, -1.0236 0.563 0.0079, -1.0236 0.563 0.0787, -1.0551 0.5315 0.0079, -1.0551 0.5315 0.0787, -1.0481 0.5323 0.0079, -1.0481 0.5323 0.0787, -1.0414 0.5346 0.0079, -1.0414 0.5346 0.0787, -1.0355 0.5384 0.0079, -1.0355 0.5384 0.0787, -1.0305 0.5434 0.0079, -1.0305 0.5434 0.0787, -1.0267 0.5493 0.0079, -1.0267 0.5493 0.0787, -1.0244 0.556 0.0079, -1.0244 0.556 0.0787, -1.1811 0.5315 0.0079, -1.1811 0.5315 0.0787, 1.0237 0.563 0.0079, 1.0237 0.563 0.0787, 1.0244 0.556 0.0079, 1.0244 0.556 0.0787, 1.0268 0.5493 0.0079, 1.0268 0.5493 0.0787, 1.0305 0.5434 0.0079, 1.0305 0.5434 0.0787, 1.0355 0.5384 0.0079, 1.0355 0.5384 0.0787, 1.0415 0.5346 0.0079, 1.0415 0.5346 0.0787, 1.0481 0.5323 0.0079, 1.0481 0.5323 0.0787, 1.0551 0.5315 0.0079, 1.0551 0.5315 0.0787, 1.0237 0.5788 0.0079, 1.0237 0.5788 0.0787, 1.0551 0.6102 0.0079, 1.0551 0.6102 0.0787, 1.0481 0.6095 0.0079, 1.0481 0.6095 0.0787, 1.0415 0.6071 0.0079, 1.0415 0.6071 0.0787, 1.0355 0.6034 0.0079, 1.0355 0.6034 0.0787, 1.0305 0.5984 0.0079, 1.0305 0.5984 0.0787, 1.0268 0.5924 0.0079, 1.0268 0.5924 0.0787, 1.0244 0.5858 0.0079, 1.0244 0.5858 0.0787, 1.1811 0.6102 0.0079, 1.1811 0.6102 0.0787, 1.1811 0.5315 0.0079, 1.1811 0.5315 0.0787, -1.1811 0.4626 0.0079, -1.0551 0.4626 0.0079, -1.1811 0.4626 0.0787, -1.0551 0.4626 0.0787, -1.0236 0.4311 0.0079, -1.0236 0.4311 0.0787, -1.0244 0.4381 0.0079, -1.0244 0.4381 0.0787, -1.0267 0.4448 0.0079, -1.0267 0.4448 0.0787, -1.0305 0.4507 0.0079, -1.0305 0.4507 0.0787, -1.0355 0.4557 0.0079, -1.0355 0.4557 0.0787, -1.0414 0.4595 0.0079, -1.0414 0.4595 0.0787, -1.0481 0.4618 0.0079, -1.0481 0.4618 0.0787, -1.0236 0.4154 0.0079, -1.0236 0.4154 0.0787, -1.0551 0.3839 0.0079, -1.0551 0.3839 0.0787, -1.0481 0.3847 0.0079, -1.0481 0.3847 0.0787, -1.0414 0.387 0.0079, -1.0414 0.387 0.0787, -1.0355 0.3907 0.0079, -1.0355 0.3907 0.0787, -1.0305 0.3957 0.0079, -1.0305 0.3957 0.0787, -1.0267 0.4017 0.0079, -1.0267 0.4017 0.0787, -1.0244 0.4084 0.0079, -1.0244 0.4084 0.0787, -1.1811 0.3839 0.0079, -1.1811 0.3839 0.0787, 1.0237 0.4154 0.0079, 1.0237 0.4154 0.0787, 1.0244 0.4084 0.0079, 1.0244 0.4084 0.0787, 1.0268 0.4017 0.0079, 1.0268 0.4017 0.0787, 1.0305 0.3957 0.0079, 1.0305 0.3957 0.0787, 1.0355 0.3907 0.0079, 1.0355 0.3907 0.0787, 1.0415 0.387 0.0079, 1.0415 0.387 0.0787, 1.0481 0.3847 0.0079, 1.0481 0.3847 0.0787, 1.0551 0.3839 0.0079, 1.0551 0.3839 0.0787, 1.0237 0.4311 0.0079, 1.0237 0.4311 0.0787, 1.0551 0.4626 0.0079, 1.0551 0.4626 0.0787, 1.0481 0.4618 0.0079, 1.0481 0.4618 0.0787, 1.0415 0.4595 0.0079, 1.0415 0.4595 0.0787, 1.0355 0.4557 0.0079, 1.0355 0.4557 0.0787, 1.0305 0.4507 0.0079, 1.0305 0.4507 0.0787, 1.0268 0.4448 0.0079, 1.0268 0.4448 0.0787, 1.0244 0.4381 0.0079, 1.0244 0.4381 0.0787, 1.1811 0.4626 0.0079, 1.1811 0.4626 0.0787, 1.1811 0.3839 0.0079, 1.1811 0.3839 0.0787, 0.8583 -1.0236 0.0079, 0.8583 -1.0236 0.0787, 0.8501 -1.0247 0.0079, 0.8501 -1.0247 0.0787, 0.8425 -1.0278 0.0079, 0.8425 -1.0278 0.0787, 0.836 -1.0328 0.0079, 0.836 -1.0328 0.0787, 0.831 -1.0394 0.0079, 0.831 -1.0394 0.0787, 0.8279 -1.047 0.0079, 0.8279 -1.047 0.0787, 0.8268 -1.0551 0.0079, 0.8268 -1.0551 0.0787, 0.874 -1.0236 0.0079, 0.874 -1.0236 0.0787, 0.9055 -1.0551 0.0079, 0.9055 -1.0551 0.0787, 0.9045 -1.047 0.0079, 0.9045 -1.047 0.0787, 0.9013 -1.0394 0.0079, 0.9013 -1.0394 0.0787, 0.8963 -1.0328 0.0079, 0.8963 -1.0328 0.0787, 0.8898 -1.0278 0.0079, 0.8898 -1.0278 0.0787, 0.8822 -1.0247 0.0079, 0.8822 -1.0247 0.0787, 0.9055 -1.1811 0.0079, 0.9055 -1.1811 0.0787, 0.8268 -1.1811 0.0079, 0.8268 -1.1811 0.0787, 0.9055 1.1811 0.0079, 0.9055 1.0551 0.0079, 0.9055 1.1811 0.0787, 0.9055 1.0551 0.0787, 0.874 1.0236 0.0079, 0.874 1.0236 0.0787, 0.8822 1.0247 0.0079, 0.8822 1.0247 0.0787, 0.8898 1.0279 0.0079, 0.8898 1.0279 0.0787, 0.8963 1.0329 0.0079, 0.8963 1.0329 0.0787, 0.9013 1.0394 0.0079, 0.9013 1.0394 0.0787, 0.9045 1.047 0.0079, 0.9045 1.047 0.0787, 0.8583 1.0236 0.0079, 0.8583 1.0236 0.0787, 0.8268 1.0551 0.0079, 0.8268 1.0551 0.0787, 0.8279 1.047 0.0079, 0.8279 1.047 0.0787, 0.831 1.0394 0.0079, 0.831 1.0394 0.0787, 0.836 1.0329 0.0079, 0.836 1.0329 0.0787, 0.8425 1.0279 0.0079, 0.8425 1.0279 0.0787, 0.8501 1.0247 0.0079, 0.8501 1.0247 0.0787, 0.8268 1.1811 0.0079, 0.8268 1.1811 0.0787, 0.7008 -1.0236 0.0079, 0.7008 -1.0236 0.0787, 0.6927 -1.0247 0.0079, 0.6927 -1.0247 0.0787, 0.6851 -1.0278 0.0079, 0.6851 -1.0278 0.0787, 0.6785 -1.0328 0.0079, 0.6785 -1.0328 0.0787, 0.6735 -1.0394 0.0079, 0.6735 -1.0394 0.0787, 0.6704 -1.047 0.0079, 0.6704 -1.047 0.0787, 0.6693 -1.0551 0.0079, 0.6693 -1.0551 0.0787, 0.7166 -1.0236 0.0079, 0.7166 -1.0236 0.0787, 0.7481 -1.0551 0.0079, 0.7481 -1.0551 0.0787, 0.747 -1.047 0.0079, 0.747 -1.047 0.0787, 0.7438 -1.0394 0.0079, 0.7438 -1.0394 0.0787, 0.7388 -1.0328 0.0079, 0.7388 -1.0328 0.0787, 0.7323 -1.0278 0.0079, 0.7323 -1.0278 0.0787, 0.7247 -1.0247 0.0079, 0.7247 -1.0247 0.0787, 0.7481 -1.1811 0.0079, 0.7481 -1.1811 0.0787, 0.6693 -1.1811 0.0079, 0.6693 -1.1811 0.0787, 0.7481 1.1811 0.0079, 0.7481 1.0551 0.0079, 0.7481 1.1811 0.0787, 0.7481 1.0551 0.0787, 0.7166 1.0236 0.0079, 0.7166 1.0236 0.0787, 0.7247 1.0247 0.0079, 0.7247 1.0247 0.0787, 0.7323 1.0279 0.0079, 0.7323 1.0279 0.0787, 0.7388 1.0329 0.0079, 0.7388 1.0329 0.0787, 0.7438 1.0394 0.0079, 0.7438 1.0394 0.0787, 0.747 1.047 0.0079, 0.747 1.047 0.0787, 0.7008 1.0236 0.0079, 0.7008 1.0236 0.0787, 0.6693 1.0551 0.0079, 0.6693 1.0551 0.0787, 0.6704 1.047 0.0079, 0.6704 1.047 0.0787, 0.6735 1.0394 0.0079, 0.6735 1.0394 0.0787, 0.6785 1.0329 0.0079, 0.6785 1.0329 0.0787, 0.6851 1.0279 0.0079, 0.6851 1.0279 0.0787, 0.6927 1.0247 0.0079, 0.6927 1.0247 0.0787, 0.6693 1.1811 0.0079, 0.6693 1.1811 0.0787, 0.5433 -1.0236 0.0079, 0.5433 -1.0236 0.0787, 0.5352 -1.0247 0.0079, 0.5352 -1.0247 0.0787, 0.5276 -1.0278 0.0079, 0.5276 -1.0278 0.0787, 0.5211 -1.0328 0.0079, 0.5211 -1.0328 0.0787, 0.5161 -1.0394 0.0079, 0.5161 -1.0394 0.0787, 0.5129 -1.047 0.0079, 0.5129 -1.047 0.0787, 0.5118 -1.0551 0.0079, 0.5118 -1.0551 0.0787, 0.5591 -1.0236 0.0079, 0.5591 -1.0236 0.0787, 0.5906 -1.0551 0.0079, 0.5906 -1.0551 0.0787, 0.5895 -1.047 0.0079, 0.5895 -1.047 0.0787, 0.5864 -1.0394 0.0079, 0.5864 -1.0394 0.0787, 0.5814 -1.0328 0.0079, 0.5814 -1.0328 0.0787, 0.5748 -1.0278 0.0079, 0.5748 -1.0278 0.0787, 0.5672 -1.0247 0.0079, 0.5672 -1.0247 0.0787, 0.5906 -1.1811 0.0079, 0.5906 -1.1811 0.0787, 0.5118 -1.1811 0.0079, 0.5118 -1.1811 0.0787, 0.5906 1.1811 0.0079, 0.5906 1.0551 0.0079, 0.5906 1.1811 0.0787, 0.5906 1.0551 0.0787, 0.5591 1.0236 0.0079, 0.5591 1.0236 0.0787, 0.5672 1.0247 0.0079, 0.5672 1.0247 0.0787, 0.5748 1.0279 0.0079, 0.5748 1.0279 0.0787, 0.5814 1.0329 0.0079, 0.5814 1.0329 0.0787, 0.5864 1.0394 0.0079, 0.5864 1.0394 0.0787, 0.5895 1.047 0.0079, 0.5895 1.047 0.0787, 0.5433 1.0236 0.0079, 0.5433 1.0236 0.0787, 0.5118 1.0551 0.0079, 0.5118 1.0551 0.0787, 0.5129 1.047 0.0079, 0.5129 1.047 0.0787, 0.5161 1.0394 0.0079, 0.5161 1.0394 0.0787, 0.5211 1.0329 0.0079, 0.5211 1.0329 0.0787, 0.5276 1.0279 0.0079, 0.5276 1.0279 0.0787, 0.5352 1.0247 0.0079, 0.5352 1.0247 0.0787, 0.5118 1.1811 0.0079, 0.5118 1.1811 0.0787, 0.3859 -1.0236 0.0079, 0.3859 -1.0236 0.0787, 0.3777 -1.0247 0.0079, 0.3777 -1.0247 0.0787, 0.3701 -1.0278 0.0079, 0.3701 -1.0278 0.0787, 0.3636 -1.0328 0.0079, 0.3636 -1.0328 0.0787, 0.3586 -1.0394 0.0079, 0.3586 -1.0394 0.0787, 0.3554 -1.047 0.0079, 0.3554 -1.047 0.0787, 0.3544 -1.0551 0.0079, 0.3544 -1.0551 0.0787, 0.4016 -1.0236 0.0079, 0.4016 -1.0236 0.0787, 0.4331 -1.0551 0.0079, 0.4331 -1.0551 0.0787, 0.432 -1.047 0.0079, 0.432 -1.047 0.0787, 0.4289 -1.0394 0.0079, 0.4289 -1.0394 0.0787, 0.4239 -1.0328 0.0079, 0.4239 -1.0328 0.0787, 0.4174 -1.0278 0.0079, 0.4174 -1.0278 0.0787, 0.4098 -1.0247 0.0079, 0.4098 -1.0247 0.0787, 0.4331 -1.1811 0.0079, 0.4331 -1.1811 0.0787, 0.3544 -1.1811 0.0079, 0.3544 -1.1811 0.0787, 0.4331 1.1811 0.0079, 0.4331 1.0551 0.0079, 0.4331 1.1811 0.0787, 0.4331 1.0551 0.0787, 0.4016 1.0236 0.0079, 0.4016 1.0236 0.0787, 0.4098 1.0247 0.0079, 0.4098 1.0247 0.0787, 0.4174 1.0279 0.0079, 0.4174 1.0279 0.0787, 0.4239 1.0329 0.0079, 0.4239 1.0329 0.0787, 0.4289 1.0394 0.0079, 0.4289 1.0394 0.0787, 0.432 1.047 0.0079, 0.432 1.047 0.0787, 0.3859 1.0236 0.0079, 0.3859 1.0236 0.0787, 0.3544 1.0551 0.0079, 0.3544 1.0551 0.0787, 0.3554 1.047 0.0079, 0.3554 1.047 0.0787, 0.3586 1.0394 0.0079, 0.3586 1.0394 0.0787, 0.3636 1.0329 0.0079, 0.3636 1.0329 0.0787, 0.3701 1.0279 0.0079, 0.3701 1.0279 0.0787, 0.3777 1.0247 0.0079, 0.3777 1.0247 0.0787, 0.3544 1.1811 0.0079, 0.3544 1.1811 0.0787
            ]
        }
        coordIndex [
            0,1,2,-1,2,1,3,-1,4,5,6,-1,6,5,7,-1,6,7,8,-1,8,7,9,-1,8,9,10,-1,10,9,11,-1,10,11,12,-1,12,11,13,-1,12,13,14,-1,14,13,15,-1,14,15,16,-1,16,15,17,-1,16,17,1,-1,1,17,3,-1,4,18,5,-1,5,18,19,-1,20,21,22,-1,22,21,23,-1,19,22,5,-1,5,22,23,-1,3,5,2,-1,2,5,23,-1,2,23,24,-1,24,23,25,-1,3,17,5,-1,5,17,15,-1,5,15,13,-1,13,11,5,-1,5,11,9,-1,5,9,7,-1,23,26,27,-1,27,28,23,-1,23,28,29,-1,23,29,25,-1,30,31,32,-1,32,31,33,-1,34,35,36,-1,36,35,37,-1,36,37,38,-1,38,37,39,-1,38,39,40,-1,40,39,41,-1,40,41,42,-1,42,41,43,-1,42,43,44,-1,44,43,45,-1,44,45,46,-1,46,45,47,-1,46,47,31,-1,31,47,33,-1,34,48,35,-1,35,48,49,-1,50,51,52,-1,52,51,53,-1,52,53,54,-1,54,53,55,-1,54,55,56,-1,56,55,57,-1,56,57,58,-1,58,57,59,-1,58,59,60,-1,60,59,61,-1,60,61,62,-1,62,61,63,-1,62,63,48,-1,48,63,49,-1,50,64,51,-1,51,64,65,-1,65,32,51,-1,51,32,33,-1,51,33,35,-1,41,39,37,-1,35,49,51,-1,51,49,63,-1,51,63,53,-1,33,47,35,-1,35,47,45,-1,35,45,37,-1,37,45,43,-1,37,43,41,-1,59,57,55,-1,53,63,55,-1,55,63,61,-1,55,61,59,-1,66,67,68,-1,68,67,69,-1,68,69,70,-1,70,69,71,-1,70,71,72,-1,72,71,73,-1,72,73,74,-1,74,73,75,-1,74,75,76,-1,76,75,77,-1,76,77,78,-1,78,77,79,-1,78,79,80,-1,80,79,81,-1,66,82,67,-1,67,82,83,-1,84,85,86,-1,86,85,87,-1,86,87,88,-1,88,87,89,-1,88,89,90,-1,90,89,91,-1,90,91,92,-1,92,91,93,-1,92,93,94,-1,94,93,95,-1,94,95,96,-1,96,95,97,-1,96,97,82,-1,82,97,83,-1,84,98,85,-1,85,98,99,-1,100,80,101,-1,101,80,81,-1,99,101,85,-1,85,101,81,-1,83,85,67,-1,67,85,81,-1,67,81,69,-1,69,81,71,-1,83,97,85,-1,85,97,95,-1,85,95,93,-1,93,91,85,-1,85,91,89,-1,85,89,87,-1,81,79,77,-1,77,75,81,-1,81,75,73,-1,81,73,71,-1,102,103,104,-1,104,103,105,-1,106,107,108,-1,108,107,109,-1,108,109,110,-1,110,109,111,-1,110,111,112,-1,112,111,113,-1,112,113,114,-1,114,113,115,-1,114,115,116,-1,116,115,117,-1,116,117,118,-1,118,117,119,-1,118,119,103,-1,103,119,105,-1,106,120,107,-1,107,120,121,-1,122,123,124,-1,124,123,125,-1,124,125,126,-1,126,125,127,-1,126,127,128,-1,128,127,129,-1,128,129,130,-1,130,129,131,-1,130,131,132,-1,132,131,133,-1,132,133,134,-1,134,133,135,-1,134,135,120,-1,120,135,121,-1,122,136,123,-1,123,136,137,-1,137,104,123,-1,123,104,105,-1,113,111,109,-1,105,107,123,-1,123,107,121,-1,123,121,135,-1,105,119,107,-1,107,119,117,-1,107,117,109,-1,109,117,115,-1,109,115,113,-1,123,129,125,-1,125,129,127,-1,135,133,123,-1,123,133,131,-1,123,131,129,-1,138,139,140,-1,140,139,141,-1,140,141,142,-1,142,141,143,-1,142,143,144,-1,144,143,145,-1,144,145,146,-1,146,145,147,-1,146,147,148,-1,148,147,149,-1,148,149,150,-1,150,149,151,-1,150,151,152,-1,152,151,153,-1,138,154,139,-1,139,154,155,-1,156,157,158,-1,158,157,159,-1,158,159,160,-1,160,159,161,-1,160,161,162,-1,162,161,163,-1,162,163,164,-1,164,163,165,-1,164,165,166,-1,166,165,167,-1,166,167,168,-1,168,167,169,-1,168,169,154,-1,154,169,155,-1,156,170,157,-1,157,170,171,-1,172,152,173,-1,173,152,153,-1,171,173,157,-1,157,173,153,-1,155,157,139,-1,139,157,153,-1,139,153,141,-1,141,153,143,-1,155,169,157,-1,157,169,167,-1,157,167,165,-1,165,163,157,-1,157,163,161,-1,157,161,159,-1,153,151,149,-1,149,147,153,-1,153,147,145,-1,153,145,143,-1,174,175,176,-1,176,175,177,-1,178,179,180,-1,180,179,181,-1,180,181,182,-1,182,181,183,-1,182,183,184,-1,184,183,185,-1,184,185,186,-1,186,185,187,-1,186,187,188,-1,188,187,189,-1,188,189,190,-1,190,189,191,-1,190,191,175,-1,175,191,177,-1,178,192,179,-1,179,192,193,-1,194,195,196,-1,196,195,197,-1,196,197,198,-1,198,197,199,-1,198,199,200,-1,200,199,201,-1,200,201,202,-1,202,201,203,-1,202,203,204,-1,204,203,205,-1,204,205,206,-1,206,205,207,-1,206,207,192,-1,192,207,193,-1,194,208,195,-1,195,208,209,-1,209,176,195,-1,195,176,177,-1,185,183,181,-1,177,179,195,-1,195,179,193,-1,195,193,207,-1,177,191,179,-1,179,191,189,-1,179,189,181,-1,181,189,187,-1,181,187,185,-1,195,201,197,-1,197,201,199,-1,207,205,195,-1,195,205,203,-1,195,203,201,-1,210,211,212,-1,212,211,213,-1,212,213,214,-1,214,213,215,-1,214,215,216,-1,216,215,217,-1,216,217,218,-1,218,217,219,-1,218,219,220,-1,220,219,221,-1,220,221,222,-1,222,221,223,-1,222,223,224,-1,224,223,225,-1,210,226,211,-1,211,226,227,-1,228,229,230,-1,230,229,231,-1,230,231,232,-1,232,231,233,-1,232,233,234,-1,234,233,235,-1,234,235,236,-1,236,235,237,-1,236,237,238,-1,238,237,239,-1,238,239,240,-1,240,239,241,-1,240,241,226,-1,226,241,227,-1,228,242,229,-1,229,242,243,-1,244,224,245,-1,245,224,225,-1,243,245,229,-1,229,245,225,-1,215,213,225,-1,225,213,211,-1,225,211,229,-1,229,211,227,-1,229,227,231,-1,237,227,239,-1,239,227,241,-1,237,235,227,-1,227,235,233,-1,227,233,231,-1,225,223,221,-1,221,219,225,-1,225,219,217,-1,225,217,215,-1,246,247,248,-1,248,247,249,-1,250,251,252,-1,252,251,253,-1,252,253,254,-1,254,253,255,-1,254,255,256,-1,256,255,257,-1,256,257,258,-1,258,257,259,-1,258,259,260,-1,260,259,261,-1,260,261,262,-1,262,261,263,-1,262,263,247,-1,247,263,249,-1,250,264,251,-1,251,264,265,-1,266,267,268,-1,268,267,269,-1,268,269,270,-1,270,269,271,-1,270,271,272,-1,272,271,273,-1,272,273,274,-1,274,273,275,-1,274,275,276,-1,276,275,277,-1,276,277,278,-1,278,277,279,-1,278,279,264,-1,264,279,265,-1,266,280,267,-1,267,280,281,-1,281,248,267,-1,267,248,249,-1,277,275,279,-1,279,275,273,-1,279,273,271,-1,261,259,253,-1,253,259,257,-1,253,257,255,-1,271,269,279,-1,279,269,267,-1,279,267,265,-1,265,267,251,-1,251,267,249,-1,251,249,253,-1,253,249,263,-1,253,263,261,-1,282,283,284,-1,284,283,285,-1,284,285,286,-1,286,285,287,-1,286,287,288,-1,288,287,289,-1,288,289,290,-1,290,289,291,-1,290,291,292,-1,292,291,293,-1,292,293,294,-1,294,293,295,-1,294,295,296,-1,296,295,297,-1,282,298,283,-1,283,298,299,-1,300,301,302,-1,302,301,303,-1,302,303,304,-1,304,303,305,-1,304,305,306,-1,306,305,307,-1,306,307,308,-1,308,307,309,-1,308,309,310,-1,310,309,311,-1,310,311,312,-1,312,311,313,-1,312,313,298,-1,298,313,299,-1,300,314,301,-1,301,314,315,-1,316,296,317,-1,317,296,297,-1,315,317,301,-1,301,317,297,-1,287,285,297,-1,297,285,283,-1,297,283,301,-1,301,283,299,-1,301,299,313,-1,309,307,305,-1,313,311,301,-1,301,311,309,-1,301,309,303,-1,303,309,305,-1,297,295,293,-1,293,291,297,-1,297,291,289,-1,297,289,287,-1,318,319,320,-1,320,319,321,-1,322,323,324,-1,324,323,325,-1,324,325,326,-1,326,325,327,-1,326,327,328,-1,328,327,329,-1,328,329,330,-1,330,329,331,-1,330,331,332,-1,332,331,333,-1,332,333,334,-1,334,333,335,-1,334,335,319,-1,319,335,321,-1,322,336,323,-1,323,336,337,-1,338,339,340,-1,340,339,341,-1,340,341,342,-1,342,341,343,-1,342,343,344,-1,344,343,345,-1,344,345,346,-1,346,345,347,-1,346,347,348,-1,348,347,349,-1,348,349,350,-1,350,349,351,-1,350,351,336,-1,336,351,337,-1,338,352,339,-1,339,352,353,-1,353,320,339,-1,339,320,321,-1,339,321,323,-1,349,347,351,-1,351,347,345,-1,351,345,343,-1,323,321,325,-1,325,321,335,-1,325,335,333,-1,323,337,339,-1,339,337,351,-1,339,351,341,-1,341,351,343,-1,333,331,325,-1,325,331,329,-1,325,329,327,-1,354,355,356,-1,356,355,357,-1,356,357,358,-1,358,357,359,-1,358,359,360,-1,360,359,361,-1,360,361,362,-1,362,361,363,-1,362,363,364,-1,364,363,365,-1,364,365,366,-1,366,365,367,-1,366,367,368,-1,368,367,369,-1,354,370,355,-1,355,370,371,-1,372,373,374,-1,374,373,375,-1,374,375,376,-1,376,375,377,-1,376,377,378,-1,378,377,379,-1,378,379,380,-1,380,379,381,-1,380,381,382,-1,382,381,383,-1,382,383,384,-1,384,383,385,-1,384,385,370,-1,370,385,371,-1,372,386,373,-1,373,386,387,-1,388,368,389,-1,389,368,369,-1,387,389,373,-1,373,389,369,-1,381,379,377,-1,359,357,369,-1,369,357,355,-1,369,355,373,-1,373,355,371,-1,373,371,385,-1,385,383,373,-1,373,383,381,-1,373,381,375,-1,375,381,377,-1,369,367,365,-1,365,363,369,-1,369,363,361,-1,369,361,359,-1,390,391,392,-1,392,391,393,-1,394,395,396,-1,396,395,397,-1,396,397,398,-1,398,397,399,-1,398,399,400,-1,400,399,401,-1,400,401,402,-1,402,401,403,-1,402,403,404,-1,404,403,405,-1,404,405,406,-1,406,405,407,-1,406,407,391,-1,391,407,393,-1,394,408,395,-1,395,408,409,-1,410,411,412,-1,412,411,413,-1,412,413,414,-1,414,413,415,-1,414,415,416,-1,416,415,417,-1,416,417,418,-1,418,417,419,-1,418,419,420,-1,420,419,421,-1,420,421,422,-1,422,421,423,-1,422,423,408,-1,408,423,409,-1,410,424,411,-1,411,424,425,-1,425,392,411,-1,411,392,393,-1,411,409,423,-1,417,423,419,-1,419,423,421,-1,405,403,397,-1,397,403,401,-1,397,401,399,-1,417,415,423,-1,423,415,413,-1,423,413,411,-1,409,411,395,-1,395,411,393,-1,395,393,397,-1,397,393,407,-1,397,407,405,-1,426,427,428,-1,428,427,429,-1,428,429,430,-1,430,429,431,-1,430,431,432,-1,432,431,433,-1,432,433,434,-1,434,433,435,-1,434,435,436,-1,436,435,437,-1,436,437,438,-1,438,437,439,-1,438,439,440,-1,440,439,441,-1,426,442,427,-1,427,442,443,-1,444,445,446,-1,446,445,447,-1,446,447,448,-1,448,447,449,-1,448,449,450,-1,450,449,451,-1,450,451,452,-1,452,451,453,-1,452,453,454,-1,454,453,455,-1,454,455,456,-1,456,455,457,-1,456,457,442,-1,442,457,443,-1,444,458,445,-1,445,458,459,-1,460,440,461,-1,461,440,441,-1,459,461,445,-1,445,461,441,-1,431,429,441,-1,441,429,427,-1,441,427,445,-1,445,427,443,-1,445,443,457,-1,453,451,449,-1,457,455,445,-1,445,455,453,-1,445,453,447,-1,447,453,449,-1,441,439,437,-1,437,435,441,-1,441,435,433,-1,441,433,431,-1,462,463,464,-1,464,463,465,-1,466,467,468,-1,468,467,469,-1,468,469,470,-1,470,469,471,-1,470,471,472,-1,472,471,473,-1,472,473,474,-1,474,473,475,-1,474,475,476,-1,476,475,477,-1,476,477,478,-1,478,477,479,-1,478,479,463,-1,463,479,465,-1,466,480,467,-1,467,480,481,-1,482,483,484,-1,484,483,485,-1,484,485,486,-1,486,485,487,-1,486,487,488,-1,488,487,489,-1,488,489,490,-1,490,489,491,-1,490,491,492,-1,492,491,493,-1,492,493,494,-1,494,493,495,-1,494,495,480,-1,480,495,481,-1,482,496,483,-1,483,496,497,-1,497,464,483,-1,483,464,465,-1,483,481,495,-1,489,495,491,-1,491,495,493,-1,481,483,467,-1,467,483,465,-1,467,465,469,-1,469,465,479,-1,469,479,477,-1,489,487,495,-1,495,487,485,-1,495,485,483,-1,477,475,469,-1,469,475,473,-1,469,473,471,-1,498,499,500,-1,500,499,501,-1,500,501,502,-1,502,501,503,-1,502,503,504,-1,504,503,505,-1,504,505,506,-1,506,505,507,-1,506,507,508,-1,508,507,509,-1,508,509,510,-1,510,509,511,-1,510,511,512,-1,512,511,513,-1,498,514,499,-1,499,514,515,-1,516,517,518,-1,518,517,519,-1,518,519,520,-1,520,519,521,-1,520,521,522,-1,522,521,523,-1,522,523,524,-1,524,523,525,-1,524,525,526,-1,526,525,527,-1,526,527,528,-1,528,527,529,-1,528,529,514,-1,514,529,515,-1,516,530,517,-1,517,530,531,-1,532,512,533,-1,533,512,513,-1,531,533,517,-1,517,533,513,-1,503,501,513,-1,513,501,499,-1,513,499,517,-1,517,499,515,-1,517,515,519,-1,525,515,527,-1,527,515,529,-1,525,523,515,-1,515,523,521,-1,515,521,519,-1,513,511,509,-1,509,507,513,-1,513,507,505,-1,513,505,503,-1,534,535,536,-1,536,535,537,-1,538,539,540,-1,540,539,541,-1,540,541,542,-1,542,541,543,-1,542,543,544,-1,544,543,545,-1,544,545,546,-1,546,545,547,-1,546,547,548,-1,548,547,549,-1,548,549,550,-1,550,549,551,-1,550,551,535,-1,535,551,537,-1,538,552,539,-1,539,552,553,-1,554,555,556,-1,556,555,557,-1,556,557,558,-1,558,557,559,-1,558,559,560,-1,560,559,561,-1,560,561,562,-1,562,561,563,-1,562,563,564,-1,564,563,565,-1,564,565,566,-1,566,565,567,-1,566,567,552,-1,552,567,553,-1,554,568,555,-1,555,568,569,-1,569,536,555,-1,555,536,537,-1,565,563,567,-1,567,563,561,-1,567,561,559,-1,549,547,541,-1,541,547,545,-1,541,545,543,-1,559,557,567,-1,567,557,555,-1,567,555,553,-1,553,555,539,-1,539,555,537,-1,539,537,541,-1,541,537,551,-1,541,551,549,-1,570,571,572,-1,572,571,573,-1,572,573,574,-1,574,573,575,-1,574,575,576,-1,576,575,577,-1,576,577,578,-1,578,577,579,-1,578,579,580,-1,580,579,581,-1,580,581,582,-1,582,581,583,-1,570,584,571,-1,571,584,585,-1,586,587,588,-1,588,587,589,-1,588,589,590,-1,590,589,591,-1,590,591,592,-1,592,591,593,-1,592,593,594,-1,594,593,595,-1,594,595,596,-1,596,595,597,-1,596,597,584,-1,584,597,585,-1,586,598,587,-1,587,598,599,-1,600,582,601,-1,601,582,583,-1,601,583,571,-1,585,587,571,-1,571,587,599,-1,571,599,601,-1,579,577,575,-1,583,581,571,-1,571,581,579,-1,571,579,573,-1,573,579,575,-1,595,593,591,-1,585,597,587,-1,587,597,595,-1,587,595,589,-1,589,595,591,-1,602,603,604,-1,604,603,605,-1,606,607,608,-1,608,607,609,-1,608,609,610,-1,610,609,611,-1,610,611,612,-1,612,611,613,-1,612,613,614,-1,614,613,615,-1,614,615,616,-1,616,615,617,-1,616,617,618,-1,618,617,619,-1,618,619,603,-1,603,619,605,-1,606,620,607,-1,607,620,621,-1,622,623,624,-1,624,623,625,-1,624,625,626,-1,626,625,627,-1,626,627,628,-1,628,627,629,-1,628,629,630,-1,630,629,631,-1,630,631,632,-1,632,631,633,-1,632,633,634,-1,634,633,635,-1,634,635,620,-1,620,635,621,-1,622,636,623,-1,623,636,637,-1,604,605,607,-1,607,605,619,-1,607,619,609,-1,609,619,617,-1,609,617,611,-1,611,617,615,-1,611,615,613,-1,604,607,637,-1,637,607,621,-1,637,621,623,-1,623,621,635,-1,623,635,625,-1,625,635,633,-1,625,633,627,-1,627,633,631,-1,627,631,629,-1,638,639,640,-1,640,639,641,-1,642,643,644,-1,644,643,645,-1,644,645,646,-1,646,645,647,-1,646,647,648,-1,648,647,649,-1,648,649,650,-1,650,649,651,-1,650,651,652,-1,652,651,653,-1,652,653,639,-1,639,653,641,-1,642,654,643,-1,643,654,655,-1,656,657,658,-1,658,657,659,-1,658,659,660,-1,660,659,661,-1,660,661,662,-1,662,661,663,-1,662,663,664,-1,664,663,665,-1,664,665,666,-1,666,665,667,-1,666,667,654,-1,654,667,655,-1,656,668,657,-1,657,668,669,-1,645,643,641,-1,651,649,647,-1,659,657,655,-1,655,657,669,-1,655,669,643,-1,643,669,640,-1,643,640,641,-1,645,641,647,-1,647,641,653,-1,647,653,651,-1,655,667,659,-1,659,667,665,-1,659,665,661,-1,661,665,663,-1,670,671,672,-1,672,671,673,-1,672,673,674,-1,674,673,675,-1,674,675,676,-1,676,675,677,-1,676,677,678,-1,678,677,679,-1,678,679,680,-1,680,679,681,-1,680,681,682,-1,682,681,683,-1,670,684,671,-1,671,684,685,-1,686,687,688,-1,688,687,689,-1,688,689,690,-1,690,689,691,-1,690,691,692,-1,692,691,693,-1,692,693,694,-1,694,693,695,-1,694,695,696,-1,696,695,697,-1,696,697,684,-1,684,697,685,-1,686,698,687,-1,687,698,699,-1,700,682,701,-1,701,682,683,-1,673,671,683,-1,679,677,675,-1,689,687,685,-1,685,687,699,-1,685,699,671,-1,671,699,701,-1,671,701,683,-1,673,683,675,-1,675,683,681,-1,675,681,679,-1,685,697,689,-1,689,697,695,-1,689,695,691,-1,691,695,693,-1,702,703,704,-1,704,703,705,-1,706,707,708,-1,708,707,709,-1,708,709,710,-1,710,709,711,-1,710,711,712,-1,712,711,713,-1,712,713,714,-1,714,713,715,-1,714,715,716,-1,716,715,717,-1,716,717,703,-1,703,717,705,-1,706,718,707,-1,707,718,719,-1,720,721,722,-1,722,721,723,-1,722,723,724,-1,724,723,725,-1,724,725,726,-1,726,725,727,-1,726,727,728,-1,728,727,729,-1,728,729,730,-1,730,729,731,-1,730,731,718,-1,718,731,719,-1,720,732,721,-1,721,732,733,-1,709,707,705,-1,715,713,711,-1,723,721,719,-1,719,721,733,-1,719,733,707,-1,707,733,704,-1,707,704,705,-1,709,705,711,-1,711,705,717,-1,711,717,715,-1,719,731,723,-1,723,731,729,-1,723,729,725,-1,725,729,727,-1,734,735,736,-1,736,735,737,-1,736,737,738,-1,738,737,739,-1,738,739,740,-1,740,739,741,-1,740,741,742,-1,742,741,743,-1,742,743,744,-1,744,743,745,-1,744,745,746,-1,746,745,747,-1,734,748,735,-1,735,748,749,-1,750,751,752,-1,752,751,753,-1,752,753,754,-1,754,753,755,-1,754,755,756,-1,756,755,757,-1,756,757,758,-1,758,757,759,-1,758,759,760,-1,760,759,761,-1,760,761,748,-1,748,761,749,-1,750,762,751,-1,751,762,763,-1,764,746,765,-1,765,746,747,-1,737,735,747,-1,743,741,739,-1,753,751,749,-1,749,751,763,-1,749,763,735,-1,735,763,765,-1,735,765,747,-1,737,747,739,-1,739,747,745,-1,739,745,743,-1,749,761,753,-1,753,761,759,-1,753,759,755,-1,755,759,757,-1,766,767,768,-1,768,767,769,-1,770,771,772,-1,772,771,773,-1,772,773,774,-1,774,773,775,-1,774,775,776,-1,776,775,777,-1,776,777,778,-1,778,777,779,-1,778,779,780,-1,780,779,781,-1,780,781,767,-1,767,781,769,-1,770,782,771,-1,771,782,783,-1,784,785,786,-1,786,785,787,-1,786,787,788,-1,788,787,789,-1,788,789,790,-1,790,789,791,-1,790,791,792,-1,792,791,793,-1,792,793,794,-1,794,793,795,-1,794,795,782,-1,782,795,783,-1,784,796,785,-1,785,796,797,-1,773,771,769,-1,779,777,775,-1,787,785,783,-1,783,785,797,-1,783,797,771,-1,771,797,768,-1,771,768,769,-1,773,769,775,-1,775,769,781,-1,775,781,779,-1,783,795,787,-1,787,795,793,-1,787,793,789,-1,789,793,791,-1,798,799,800,-1,800,799,801,-1,800,801,802,-1,802,801,803,-1,802,803,804,-1,804,803,805,-1,804,805,806,-1,806,805,807,-1,806,807,808,-1,808,807,809,-1,808,809,810,-1,810,809,811,-1,798,812,799,-1,799,812,813,-1,814,815,816,-1,816,815,817,-1,816,817,818,-1,818,817,819,-1,818,819,820,-1,820,819,821,-1,820,821,822,-1,822,821,823,-1,822,823,824,-1,824,823,825,-1,824,825,812,-1,812,825,813,-1,814,826,815,-1,815,826,827,-1,828,810,829,-1,829,810,811,-1,801,799,811,-1,811,799,829,-1,807,805,803,-1,813,815,799,-1,799,815,827,-1,799,827,829,-1,801,811,803,-1,803,811,809,-1,803,809,807,-1,823,821,819,-1,813,825,815,-1,815,825,823,-1,815,823,817,-1,817,823,819,-1,830,831,832,-1,832,831,833,-1,834,835,836,-1,836,835,837,-1,836,837,838,-1,838,837,839,-1,838,839,840,-1,840,839,841,-1,840,841,842,-1,842,841,843,-1,842,843,844,-1,844,843,845,-1,844,845,831,-1,831,845,833,-1,834,846,835,-1,835,846,847,-1,848,849,850,-1,850,849,851,-1,850,851,852,-1,852,851,853,-1,852,853,854,-1,854,853,855,-1,854,855,856,-1,856,855,857,-1,856,857,858,-1,858,857,859,-1,858,859,846,-1,846,859,847,-1,848,860,849,-1,849,860,861,-1,861,832,835,-1,835,832,833,-1,835,833,837,-1,843,841,839,-1,859,857,849,-1,837,833,839,-1,839,833,845,-1,839,845,843,-1,861,835,849,-1,849,835,847,-1,849,847,859,-1,855,853,857,-1,857,853,851,-1,857,851,849,-1,862,863,864,-1,864,863,865,-1,864,865,866,-1,866,865,867,-1,866,867,868,-1,868,867,869,-1,868,869,870,-1,870,869,871,-1,870,871,872,-1,872,871,873,-1,872,873,874,-1,874,873,875,-1,862,876,863,-1,863,876,877,-1,878,879,880,-1,880,879,881,-1,880,881,882,-1,882,881,883,-1,882,883,884,-1,884,883,885,-1,884,885,886,-1,886,885,887,-1,886,887,888,-1,888,887,889,-1,888,889,876,-1,876,889,877,-1,878,890,879,-1,879,890,891,-1,892,874,893,-1,893,874,875,-1,865,863,875,-1,875,863,893,-1,871,869,867,-1,877,879,863,-1,863,879,891,-1,863,891,893,-1,865,875,867,-1,867,875,873,-1,867,873,871,-1,887,885,883,-1,877,889,879,-1,879,889,887,-1,879,887,881,-1,881,887,883,-1,894,895,896,-1,896,895,897,-1,898,899,900,-1,900,899,901,-1,900,901,902,-1,902,901,903,-1,902,903,904,-1,904,903,905,-1,904,905,906,-1,906,905,907,-1,906,907,908,-1,908,907,909,-1,908,909,895,-1,895,909,897,-1,898,910,899,-1,899,910,911,-1,912,913,914,-1,914,913,915,-1,914,915,916,-1,916,915,917,-1,916,917,918,-1,918,917,919,-1,918,919,920,-1,920,919,921,-1,920,921,922,-1,922,921,923,-1,922,923,910,-1,910,923,911,-1,912,924,913,-1,913,924,925,-1,925,896,899,-1,899,896,897,-1,899,897,901,-1,907,905,903,-1,925,899,913,-1,913,899,911,-1,913,911,915,-1,901,897,903,-1,903,897,909,-1,903,909,907,-1,911,923,915,-1,915,923,921,-1,915,921,917,-1,917,921,919,-1,926,927,928,-1,928,927,929,-1,928,929,930,-1,930,929,931,-1,930,931,932,-1,932,931,933,-1,932,933,934,-1,934,933,935,-1,934,935,936,-1,936,935,937,-1,936,937,938,-1,938,937,939,-1,926,940,927,-1,927,940,941,-1,942,943,944,-1,944,943,945,-1,944,945,946,-1,946,945,947,-1,946,947,948,-1,948,947,949,-1,948,949,950,-1,950,949,951,-1,950,951,952,-1,952,951,953,-1,952,953,940,-1,940,953,941,-1,942,954,943,-1,943,954,955,-1,956,938,957,-1,957,938,939,-1,955,957,927,-1,927,957,939,-1,927,939,929,-1,935,933,931,-1,953,951,943,-1,929,939,931,-1,931,939,937,-1,931,937,935,-1,955,927,943,-1,943,927,941,-1,943,941,953,-1,949,947,951,-1,951,947,945,-1,951,945,943,-1,958,959,960,-1,960,959,961,-1,962,963,964,-1,964,963,965,-1,964,965,966,-1,966,965,967,-1,966,967,968,-1,968,967,969,-1,968,969,970,-1,970,969,971,-1,970,971,972,-1,972,971,973,-1,972,973,959,-1,959,973,961,-1,962,974,963,-1,963,974,975,-1,976,977,978,-1,978,977,979,-1,978,979,980,-1,980,979,981,-1,980,981,982,-1,982,981,983,-1,982,983,984,-1,984,983,985,-1,984,985,986,-1,986,985,987,-1,986,987,974,-1,974,987,975,-1,976,988,977,-1,977,988,989,-1,989,960,963,-1,963,960,961,-1,963,961,965,-1,971,969,967,-1,989,963,977,-1,977,963,975,-1,977,975,979,-1,965,961,967,-1,967,961,973,-1,967,973,971,-1,975,987,979,-1,979,987,985,-1,979,985,981,-1,981,985,983,-1,990,991,992,-1,992,991,993,-1,992,993,994,-1,994,993,995,-1,994,995,996,-1,996,995,997,-1,996,997,998,-1,998,997,999,-1,998,999,1000,-1,1000,999,1001,-1,1000,1001,1002,-1,1002,1001,1003,-1,990,1004,991,-1,991,1004,1005,-1,1006,1007,1008,-1,1008,1007,1009,-1,1008,1009,1010,-1,1010,1009,1011,-1,1010,1011,1012,-1,1012,1011,1013,-1,1012,1013,1014,-1,1014,1013,1015,-1,1014,1015,1016,-1,1016,1015,1017,-1,1016,1017,1004,-1,1004,1017,1005,-1,1006,1018,1007,-1,1007,1018,1019,-1,1020,1002,1021,-1,1021,1002,1003,-1,991,1019,1021,-1,1017,1015,1007,-1,997,995,999,-1,999,995,1001,-1,1021,1003,991,-1,991,1003,1001,-1,991,1001,993,-1,993,1001,995,-1,1019,991,1007,-1,1007,991,1005,-1,1007,1005,1017,-1,1013,1011,1015,-1,1015,1011,1009,-1,1015,1009,1007,-1,1022,1023,1024,-1,1024,1023,1025,-1,1026,1027,1028,-1,1028,1027,1029,-1,1028,1029,1030,-1,1030,1029,1031,-1,1030,1031,1032,-1,1032,1031,1033,-1,1032,1033,1034,-1,1034,1033,1035,-1,1034,1035,1036,-1,1036,1035,1037,-1,1036,1037,1023,-1,1023,1037,1025,-1,1026,1038,1027,-1,1027,1038,1039,-1,1040,1041,1042,-1,1042,1041,1043,-1,1042,1043,1044,-1,1044,1043,1045,-1,1044,1045,1046,-1,1046,1045,1047,-1,1046,1047,1048,-1,1048,1047,1049,-1,1048,1049,1050,-1,1050,1049,1051,-1,1050,1051,1038,-1,1038,1051,1039,-1,1040,1052,1041,-1,1041,1052,1053,-1,1053,1024,1027,-1,1027,1024,1025,-1,1027,1025,1029,-1,1035,1033,1031,-1,1051,1049,1041,-1,1029,1025,1031,-1,1031,1025,1037,-1,1031,1037,1035,-1,1053,1027,1041,-1,1041,1027,1039,-1,1041,1039,1051,-1,1047,1045,1049,-1,1049,1045,1043,-1,1049,1043,1041,-1,1054,1055,1056,-1,1056,1055,1057,-1,1056,1057,1058,-1,1058,1057,1059,-1,1058,1059,1060,-1,1060,1059,1061,-1,1060,1061,1062,-1,1062,1061,1063,-1,1062,1063,1064,-1,1064,1063,1065,-1,1064,1065,1066,-1,1066,1065,1067,-1,1054,1068,1055,-1,1055,1068,1069,-1,1070,1071,1072,-1,1072,1071,1073,-1,1072,1073,1074,-1,1074,1073,1075,-1,1074,1075,1076,-1,1076,1075,1077,-1,1076,1077,1078,-1,1078,1077,1079,-1,1078,1079,1080,-1,1080,1079,1081,-1,1080,1081,1068,-1,1068,1081,1069,-1,1070,1082,1071,-1,1071,1082,1083,-1,1084,1066,1085,-1,1085,1066,1067,-1,1057,1055,1067,-1,1067,1055,1085,-1,1063,1061,1059,-1,1069,1071,1055,-1,1055,1071,1083,-1,1055,1083,1085,-1,1057,1067,1059,-1,1059,1067,1065,-1,1059,1065,1063,-1,1079,1077,1075,-1,1069,1081,1071,-1,1071,1081,1079,-1,1071,1079,1073,-1,1073,1079,1075,-1,1086,1087,1088,-1,1088,1087,1089,-1,1088,1089,1090,-1,1090,1089,1091,-1,1090,1091,1092,-1,1092,1091,1093,-1,1092,1093,1094,-1,1094,1093,1095,-1,1094,1095,1096,-1,1096,1095,1097,-1,1096,1097,1098,-1,1098,1097,1099,-1,1098,1099,1100,-1,1100,1099,1101,-1,1086,1102,1087,-1,1087,1102,1103,-1,1104,1105,1106,-1,1106,1105,1107,-1,1106,1107,1108,-1,1108,1107,1109,-1,1108,1109,1110,-1,1110,1109,1111,-1,1110,1111,1112,-1,1112,1111,1113,-1,1112,1113,1114,-1,1114,1113,1115,-1,1114,1115,1116,-1,1116,1115,1117,-1,1116,1117,1102,-1,1102,1117,1103,-1,1104,1118,1105,-1,1105,1118,1119,-1,1120,1100,1121,-1,1121,1100,1101,-1,1119,1121,1105,-1,1105,1121,1101,-1,1103,1105,1087,-1,1087,1105,1101,-1,1087,1101,1089,-1,1089,1101,1091,-1,1103,1117,1105,-1,1105,1117,1115,-1,1105,1115,1113,-1,1113,1111,1105,-1,1105,1111,1109,-1,1105,1109,1107,-1,1101,1099,1097,-1,1097,1095,1101,-1,1101,1095,1093,-1,1101,1093,1091,-1,1122,1123,1124,-1,1124,1123,1125,-1,1126,1127,1128,-1,1128,1127,1129,-1,1128,1129,1130,-1,1130,1129,1131,-1,1130,1131,1132,-1,1132,1131,1133,-1,1132,1133,1134,-1,1134,1133,1135,-1,1134,1135,1136,-1,1136,1135,1137,-1,1136,1137,1138,-1,1138,1137,1139,-1,1138,1139,1123,-1,1123,1139,1125,-1,1126,1140,1127,-1,1127,1140,1141,-1,1142,1143,1144,-1,1144,1143,1145,-1,1144,1145,1146,-1,1146,1145,1147,-1,1146,1147,1148,-1,1148,1147,1149,-1,1148,1149,1150,-1,1150,1149,1151,-1,1150,1151,1152,-1,1152,1151,1153,-1,1152,1153,1154,-1,1154,1153,1155,-1,1154,1155,1140,-1,1140,1155,1141,-1,1142,1156,1143,-1,1143,1156,1157,-1,1157,1124,1143,-1,1143,1124,1125,-1,1139,1137,1135,-1,1131,1129,1125,-1,1125,1129,1127,-1,1125,1127,1143,-1,1143,1127,1141,-1,1143,1141,1155,-1,1139,1135,1125,-1,1125,1135,1133,-1,1125,1133,1131,-1,1143,1149,1145,-1,1145,1149,1147,-1,1155,1153,1143,-1,1143,1153,1151,-1,1143,1151,1149,-1,1158,1159,1160,-1,1160,1159,1161,-1,1159,1162,1161,-1,1161,1162,1163,-1,1162,1164,1163,-1,1163,1164,1165,-1,1166,1167,1168,-1,1166,1168,1169,-1,1169,1168,1170,-1,1169,1170,1171,-1,1171,1170,1172,-1,1171,1172,1173,-1,1173,1172,1174,-1,1173,1174,1175,-1,1175,1174,1176,-1,1175,1176,1177,-1,1177,1176,1178,-1,1177,1178,1179,-1,1179,1178,1180,-1,1179,1180,1181,-1,1181,1180,1165,-1,1181,1165,1164,-1,1166,1182,1167,-1,1167,1182,1183,-1,1182,1158,1183,-1,1183,1158,1160,-1,1167,1183,1168,-1,1168,1183,1160,-1,1161,1163,1165,-1,1174,1172,1160,-1,1160,1172,1170,-1,1160,1170,1168,-1,1165,1180,1161,-1,1161,1180,1178,-1,1161,1178,1160,-1,1160,1178,1176,-1,1160,1176,1174,-1,1184,1185,1186,-1,1186,1185,1187,-1,1186,1187,1188,-1,1188,1187,1189,-1,1188,1189,1190,-1,1190,1189,1191,-1,1190,1191,1192,-1,1192,1191,1193,-1,1192,1193,1194,-1,1194,1193,1195,-1,1194,1195,1196,-1,1196,1195,1197,-1,1196,1197,1198,-1,1198,1197,1199,-1,1184,1200,1185,-1,1185,1200,1201,-1,1202,1203,1204,-1,1204,1203,1205,-1,1204,1205,1206,-1,1206,1205,1207,-1,1206,1207,1208,-1,1208,1207,1209,-1,1208,1209,1210,-1,1210,1209,1211,-1,1210,1211,1212,-1,1212,1211,1213,-1,1212,1213,1214,-1,1214,1213,1215,-1,1214,1215,1200,-1,1200,1215,1201,-1,1202,1216,1203,-1,1203,1216,1217,-1,1218,1198,1219,-1,1219,1198,1199,-1,1219,1199,1185,-1,1185,1199,1197,-1,1185,1197,1187,-1,1187,1197,1195,-1,1187,1195,1189,-1,1189,1195,1193,-1,1189,1193,1191,-1,1219,1185,1217,-1,1217,1185,1201,-1,1217,1201,1203,-1,1203,1201,1215,-1,1203,1215,1205,-1,1205,1215,1213,-1,1205,1213,1207,-1,1207,1213,1211,-1,1207,1211,1209,-1,1220,1221,1222,-1,1222,1221,1223,-1,1224,1225,1226,-1,1226,1225,1227,-1,1226,1227,1228,-1,1228,1227,1229,-1,1228,1229,1230,-1,1230,1229,1231,-1,1230,1231,1232,-1,1232,1231,1233,-1,1232,1233,1234,-1,1234,1233,1235,-1,1234,1235,1236,-1,1236,1235,1237,-1,1236,1237,1221,-1,1221,1237,1223,-1,1224,1238,1225,-1,1225,1238,1239,-1,1240,1241,1242,-1,1242,1241,1243,-1,1242,1243,1244,-1,1244,1243,1245,-1,1244,1245,1246,-1,1246,1245,1247,-1,1246,1247,1248,-1,1248,1247,1249,-1,1248,1249,1250,-1,1250,1249,1251,-1,1250,1251,1252,-1,1252,1251,1253,-1,1252,1253,1238,-1,1238,1253,1239,-1,1240,1254,1241,-1,1241,1254,1255,-1,1225,1239,1241,-1,1241,1239,1253,-1,1255,1222,1241,-1,1241,1222,1223,-1,1241,1223,1225,-1,1225,1223,1237,-1,1225,1237,1227,-1,1227,1237,1235,-1,1235,1233,1227,-1,1227,1233,1231,-1,1227,1231,1229,-1,1241,1247,1243,-1,1243,1247,1245,-1,1253,1251,1241,-1,1241,1251,1249,-1,1241,1249,1247,-1,1256,1257,1258,-1,1258,1257,1259,-1,1258,1259,1260,-1,1260,1259,1261,-1,1260,1261,1262,-1,1262,1261,1263,-1,1262,1263,1264,-1,1264,1263,1265,-1,1264,1265,1266,-1,1266,1265,1267,-1,1266,1267,1268,-1,1268,1267,1269,-1,1268,1269,1270,-1,1270,1269,1271,-1,1256,1272,1257,-1,1257,1272,1273,-1,1274,1275,1276,-1,1276,1275,1277,-1,1276,1277,1278,-1,1278,1277,1279,-1,1278,1279,1280,-1,1280,1279,1281,-1,1280,1281,1282,-1,1282,1281,1283,-1,1282,1283,1284,-1,1284,1283,1285,-1,1284,1285,1286,-1,1286,1285,1287,-1,1286,1287,1272,-1,1272,1287,1273,-1,1274,1288,1275,-1,1275,1288,1289,-1,1290,1270,1291,-1,1291,1270,1271,-1,1289,1291,1275,-1,1275,1291,1271,-1,1273,1275,1257,-1,1257,1275,1271,-1,1257,1271,1259,-1,1259,1271,1261,-1,1273,1287,1275,-1,1275,1287,1285,-1,1275,1285,1283,-1,1283,1281,1275,-1,1275,1281,1279,-1,1275,1279,1277,-1,1271,1269,1267,-1,1267,1265,1271,-1,1271,1265,1263,-1,1271,1263,1261,-1,1292,1293,1294,-1,1294,1293,1295,-1,1296,1297,1298,-1,1298,1297,1299,-1,1298,1299,1300,-1,1300,1299,1301,-1,1300,1301,1302,-1,1302,1301,1303,-1,1302,1303,1304,-1,1304,1303,1305,-1,1304,1305,1306,-1,1306,1305,1307,-1,1306,1307,1308,-1,1308,1307,1309,-1,1308,1309,1293,-1,1293,1309,1295,-1,1296,1310,1297,-1,1297,1310,1311,-1,1312,1313,1314,-1,1314,1313,1315,-1,1314,1315,1316,-1,1316,1315,1317,-1,1316,1317,1318,-1,1318,1317,1319,-1,1318,1319,1320,-1,1320,1319,1321,-1,1320,1321,1322,-1,1322,1321,1323,-1,1322,1323,1324,-1,1324,1323,1325,-1,1324,1325,1310,-1,1310,1325,1311,-1,1312,1326,1313,-1,1313,1326,1327,-1,1327,1294,1313,-1,1313,1294,1295,-1,1303,1301,1299,-1,1295,1297,1313,-1,1313,1297,1311,-1,1313,1311,1325,-1,1295,1309,1297,-1,1297,1309,1307,-1,1297,1307,1299,-1,1299,1307,1305,-1,1299,1305,1303,-1,1313,1319,1315,-1,1315,1319,1317,-1,1325,1323,1313,-1,1313,1323,1321,-1,1313,1321,1319,-1,1328,1329,1330,-1,1330,1329,1331,-1,1330,1331,1332,-1,1332,1331,1333,-1,1332,1333,1334,-1,1334,1333,1335,-1,1334,1335,1336,-1,1336,1335,1337,-1,1336,1337,1338,-1,1338,1337,1339,-1,1338,1339,1340,-1,1340,1339,1341,-1,1340,1341,1342,-1,1342,1341,1343,-1,1328,1344,1329,-1,1329,1344,1345,-1,1346,1347,1348,-1,1348,1347,1349,-1,1348,1349,1350,-1,1350,1349,1351,-1,1350,1351,1352,-1,1352,1351,1353,-1,1352,1353,1354,-1,1354,1353,1355,-1,1354,1355,1356,-1,1356,1355,1357,-1,1356,1357,1358,-1,1358,1357,1359,-1,1358,1359,1344,-1,1344,1359,1345,-1,1346,1360,1347,-1,1347,1360,1361,-1,1362,1342,1363,-1,1363,1342,1343,-1,1361,1363,1347,-1,1347,1363,1343,-1,1345,1347,1329,-1,1329,1347,1343,-1,1329,1343,1331,-1,1331,1343,1333,-1,1345,1359,1347,-1,1347,1359,1357,-1,1347,1357,1355,-1,1355,1353,1347,-1,1347,1353,1351,-1,1347,1351,1349,-1,1343,1341,1339,-1,1339,1337,1343,-1,1343,1337,1335,-1,1343,1335,1333,-1,1364,1365,1366,-1,1366,1365,1367,-1,1366,1367,1368,-1,1368,1367,1369,-1,1368,1369,1370,-1,1370,1369,1371,-1,1370,1371,1372,-1,1372,1371,1373,-1,1372,1373,1374,-1,1374,1373,1375,-1,1374,1375,1376,-1,1376,1375,1377,-1,1364,1378,1365,-1,1365,1378,1379,-1,1380,1381,1382,-1,1382,1381,1383,-1,1382,1383,1384,-1,1384,1383,1385,-1,1384,1385,1386,-1,1386,1385,1387,-1,1386,1387,1388,-1,1388,1387,1389,-1,1388,1389,1390,-1,1390,1389,1391,-1,1390,1391,1378,-1,1378,1391,1379,-1,1380,1392,1381,-1,1381,1392,1393,-1,1394,1376,1395,-1,1395,1376,1377,-1,1395,1377,1365,-1,1379,1381,1365,-1,1365,1381,1393,-1,1365,1393,1395,-1,1373,1371,1369,-1,1377,1375,1365,-1,1365,1375,1373,-1,1365,1373,1367,-1,1367,1373,1369,-1,1389,1387,1385,-1,1379,1391,1381,-1,1381,1391,1389,-1,1381,1389,1383,-1,1383,1389,1385,-1,1396,1397,1398,-1,1398,1397,1399,-1,1400,1401,1402,-1,1402,1401,1403,-1,1402,1403,1404,-1,1404,1403,1405,-1,1404,1405,1406,-1,1406,1405,1407,-1,1406,1407,1408,-1,1408,1407,1409,-1,1408,1409,1410,-1,1410,1409,1411,-1,1410,1411,1397,-1,1397,1411,1399,-1,1400,1412,1401,-1,1401,1412,1413,-1,1414,1415,1416,-1,1416,1415,1417,-1,1416,1417,1418,-1,1418,1417,1419,-1,1418,1419,1420,-1,1420,1419,1421,-1,1420,1421,1422,-1,1422,1421,1423,-1,1422,1423,1424,-1,1424,1423,1425,-1,1424,1425,1412,-1,1412,1425,1413,-1,1414,1426,1415,-1,1415,1426,1427,-1,1403,1401,1399,-1,1399,1401,1398,-1,1413,1415,1401,-1,1401,1415,1427,-1,1401,1427,1398,-1,1399,1411,1409,-1,1409,1407,1399,-1,1399,1407,1405,-1,1399,1405,1403,-1,1423,1421,1419,-1,1413,1425,1415,-1,1415,1425,1423,-1,1415,1423,1417,-1,1417,1423,1419,-1,1428,1429,1430,-1,1430,1429,1431,-1,1430,1431,1432,-1,1432,1431,1433,-1,1432,1433,1434,-1,1434,1433,1435,-1,1434,1435,1436,-1,1436,1435,1437,-1,1436,1437,1438,-1,1438,1437,1439,-1,1438,1439,1440,-1,1440,1439,1441,-1,1428,1442,1429,-1,1429,1442,1443,-1,1444,1445,1446,-1,1446,1445,1447,-1,1446,1447,1448,-1,1448,1447,1449,-1,1448,1449,1450,-1,1450,1449,1451,-1,1450,1451,1452,-1,1452,1451,1453,-1,1452,1453,1454,-1,1454,1453,1455,-1,1454,1455,1442,-1,1442,1455,1443,-1,1444,1456,1445,-1,1445,1456,1457,-1,1458,1440,1459,-1,1459,1440,1441,-1,1431,1429,1441,-1,1437,1435,1433,-1,1447,1445,1443,-1,1443,1445,1457,-1,1443,1457,1429,-1,1429,1457,1459,-1,1429,1459,1441,-1,1431,1441,1433,-1,1433,1441,1439,-1,1433,1439,1437,-1,1443,1455,1447,-1,1447,1455,1453,-1,1447,1453,1449,-1,1449,1453,1451,-1,1460,1461,1462,-1,1462,1461,1463,-1,1464,1465,1466,-1,1466,1465,1467,-1,1466,1467,1468,-1,1468,1467,1469,-1,1468,1469,1470,-1,1470,1469,1471,-1,1470,1471,1472,-1,1472,1471,1473,-1,1472,1473,1474,-1,1474,1473,1475,-1,1474,1475,1461,-1,1461,1475,1463,-1,1464,1476,1465,-1,1465,1476,1477,-1,1478,1479,1480,-1,1480,1479,1481,-1,1480,1481,1482,-1,1482,1481,1483,-1,1482,1483,1484,-1,1484,1483,1485,-1,1484,1485,1486,-1,1486,1485,1487,-1,1486,1487,1488,-1,1488,1487,1489,-1,1488,1489,1476,-1,1476,1489,1477,-1,1478,1490,1479,-1,1479,1490,1491,-1,1467,1465,1463,-1,1473,1471,1469,-1,1481,1479,1477,-1,1477,1479,1491,-1,1477,1491,1465,-1,1465,1491,1462,-1,1465,1462,1463,-1,1467,1463,1469,-1,1469,1463,1475,-1,1469,1475,1473,-1,1477,1489,1481,-1,1481,1489,1487,-1,1481,1487,1483,-1,1483,1487,1485,-1,1492,1493,1494,-1,1494,1493,1495,-1,1494,1495,1496,-1,1496,1495,1497,-1,1496,1497,1498,-1,1498,1497,1499,-1,1498,1499,1500,-1,1500,1499,1501,-1,1500,1501,1502,-1,1502,1501,1503,-1,1502,1503,1504,-1,1504,1503,1505,-1,1492,1506,1493,-1,1493,1506,1507,-1,1508,1509,1510,-1,1510,1509,1511,-1,1510,1511,1512,-1,1512,1511,1513,-1,1512,1513,1514,-1,1514,1513,1515,-1,1514,1515,1516,-1,1516,1515,1517,-1,1516,1517,1518,-1,1518,1517,1519,-1,1518,1519,1506,-1,1506,1519,1507,-1,1508,1520,1509,-1,1509,1520,1521,-1,1522,1504,1523,-1,1523,1504,1505,-1,1495,1493,1505,-1,1501,1499,1497,-1,1511,1509,1507,-1,1507,1509,1521,-1,1507,1521,1493,-1,1493,1521,1523,-1,1493,1523,1505,-1,1495,1505,1497,-1,1497,1505,1503,-1,1497,1503,1501,-1,1507,1519,1511,-1,1511,1519,1517,-1,1511,1517,1513,-1,1513,1517,1515,-1,1524,1525,1526,-1,1526,1525,1527,-1,1528,1529,1530,-1,1530,1529,1531,-1,1530,1531,1532,-1,1532,1531,1533,-1,1532,1533,1534,-1,1534,1533,1535,-1,1534,1535,1536,-1,1536,1535,1537,-1,1536,1537,1538,-1,1538,1537,1539,-1,1538,1539,1525,-1,1525,1539,1527,-1,1528,1540,1529,-1,1529,1540,1541,-1,1542,1543,1544,-1,1544,1543,1545,-1,1544,1545,1546,-1,1546,1545,1547,-1,1546,1547,1548,-1,1548,1547,1549,-1,1548,1549,1550,-1,1550,1549,1551,-1,1550,1551,1552,-1,1552,1551,1553,-1,1552,1553,1540,-1,1540,1553,1541,-1,1542,1554,1543,-1,1543,1554,1555,-1,1531,1529,1527,-1,1537,1535,1533,-1,1545,1543,1541,-1,1541,1543,1555,-1,1541,1555,1529,-1,1529,1555,1526,-1,1529,1526,1527,-1,1531,1527,1533,-1,1533,1527,1539,-1,1533,1539,1537,-1,1541,1553,1545,-1,1545,1553,1551,-1,1545,1551,1547,-1,1547,1551,1549,-1,1556,1557,1558,-1,1558,1557,1559,-1,1558,1559,1560,-1,1560,1559,1561,-1,1560,1561,1562,-1,1562,1561,1563,-1,1562,1563,1564,-1,1564,1563,1565,-1,1564,1565,1566,-1,1566,1565,1567,-1,1566,1567,1568,-1,1568,1567,1569,-1,1556,1570,1557,-1,1557,1570,1571,-1,1572,1573,1574,-1,1574,1573,1575,-1,1574,1575,1576,-1,1576,1575,1577,-1,1576,1577,1578,-1,1578,1577,1579,-1,1578,1579,1580,-1,1580,1579,1581,-1,1580,1581,1582,-1,1582,1581,1583,-1,1582,1583,1570,-1,1570,1583,1571,-1,1572,1584,1573,-1,1573,1584,1585,-1,1586,1568,1587,-1,1587,1568,1569,-1,1559,1557,1569,-1,1565,1563,1561,-1,1575,1573,1571,-1,1571,1573,1585,-1,1571,1585,1557,-1,1557,1585,1587,-1,1557,1587,1569,-1,1559,1569,1561,-1,1561,1569,1567,-1,1561,1567,1565,-1,1571,1583,1575,-1,1575,1583,1581,-1,1575,1581,1577,-1,1577,1581,1579,-1,1588,1589,1590,-1,1590,1589,1591,-1,1592,1593,1594,-1,1594,1593,1595,-1,1594,1595,1596,-1,1596,1595,1597,-1,1596,1597,1598,-1,1598,1597,1599,-1,1598,1599,1600,-1,1600,1599,1601,-1,1600,1601,1602,-1,1602,1601,1603,-1,1602,1603,1589,-1,1589,1603,1591,-1,1592,1604,1593,-1,1593,1604,1605,-1,1606,1607,1608,-1,1608,1607,1609,-1,1608,1609,1610,-1,1610,1609,1611,-1,1610,1611,1612,-1,1612,1611,1613,-1,1612,1613,1614,-1,1614,1613,1615,-1,1614,1615,1616,-1,1616,1615,1617,-1,1616,1617,1604,-1,1604,1617,1605,-1,1606,1618,1607,-1,1607,1618,1619,-1,1619,1590,1593,-1,1593,1590,1591,-1,1593,1591,1595,-1,1601,1599,1597,-1,1617,1615,1607,-1,1595,1591,1597,-1,1597,1591,1603,-1,1597,1603,1601,-1,1619,1593,1607,-1,1607,1593,1605,-1,1607,1605,1617,-1,1613,1611,1615,-1,1615,1611,1609,-1,1615,1609,1607,-1,
        ]
    }
}
Shape{
    appearance Appearance {
        material  Material 	{
            diffuseColor 0.7529411764705882 0.7529411764705882 0.7529411764705882
            specularColor 0.3764705882352941 0.3764705882352941 0.3764705882352941
            ambientIntensity 0.7529
            transparency 0.0
            shininess 0.5
        }
    }
    geometry IndexedFaceSet {
        ccw TRUE
        solid FALSE
        coord DEF co Coordinate {
            point [
                -0.7956 0.9785 0.3307, -0.7956 0.9785 0.3346, -0.8084 1.0093 0.3307, -0.8084 1.0093 0.3346, -0.8287 1.0358 0.3307, -0.8287 1.0358 0.3346, -0.8551 1.0561 0.3307, -0.8551 1.0561 0.3346, -0.886 1.0688 0.3307, -0.886 1.0688 0.3346, -0.919 1.0732 0.3307, -0.919 1.0732 0.3346, -0.9521 1.0688 0.3307, -0.9521 1.0688 0.3346, -0.983 1.0561 0.3307, -0.983 1.0561 0.3346, -1.0094 1.0358 0.3307, -1.0094 1.0358 0.3346, -1.0297 1.0093 0.3307, -1.0297 1.0093 0.3346, -1.0425 0.9785 0.3307, -1.035 0.8941 0.3346, -1.0297 0.8815 0.3307, -1.0425 0.9123 0.3307, -1.0425 0.9785 0.3346, -1.0429 0.9755 0.3346, -1.0469 0.9454 0.3307, -1.0469 0.9454 0.3346, -1.0425 0.9123 0.3346, -0.8167 0.8706 0.3346, -0.8084 0.8815 0.3307, -0.8287 0.855 0.3307, -1.0297 0.8815 0.3346, -1.0214 0.8706 0.3346, -1.0094 0.855 0.3307, -1.0094 0.855 0.3346, -0.983 0.8347 0.3307, -0.983 0.8347 0.3346, -0.9521 0.8219 0.3307, -0.9521 0.8219 0.3346, -0.919 0.8176 0.3307, -0.919 0.8176 0.3346, -0.886 0.8219 0.3307, -0.886 0.8219 0.3346, -0.8551 0.8347 0.3307, -0.8551 0.8347 0.3346, -0.8287 0.855 0.3346, -0.8084 0.8815 0.3346, -0.8031 0.8941 0.3346, -0.7956 0.9123 0.3307, -0.7956 0.9123 0.3346, -0.7912 0.9454 0.3307, -0.7912 0.9454 0.3346, -0.7952 0.9755 0.3346, -0.919 0.9454 0.3307, 0.6428 0.9039 0.3386, 0.6428 0.8948 0.3386, 0.6428 0.9039 0.3346, 0.6428 0.8948 0.3346, 0.6109 0.9039 0.3386, 0.6109 0.9039 0.3346, 0.6109 0.9749 0.3386, 0.6109 0.9749 0.3346, 0.6005 0.9749 0.3386, 0.6005 0.9749 0.3346, 0.6005 0.8948 0.3386, 0.6005 0.8948 0.3346, 0.706 0.8981 0.3346, 0.706 0.8981 0.3386, 0.7046 0.8974 0.3386, 0.6838 0.8935 0.3386, 0.6838 0.8935 0.3346, 0.696 0.8946 0.3386, 0.6909 0.8941 0.3346, 0.696 0.8946 0.3346, 0.7026 0.8968 0.3346, 0.7046 0.8974 0.3346, 0.706 0.908 0.3386, 0.706 0.908 0.3346, 0.7026 0.9065 0.3346, 0.6981 0.9045 0.3386, 0.6981 0.9045 0.3346, 0.6891 0.9028 0.3346, 0.6891 0.9028 0.3386, 0.6853 0.9027 0.3346, 0.6853 0.9027 0.3386, 0.6772 0.9036 0.3346, 0.6772 0.9036 0.3386, 0.6715 0.9059 0.3346, 0.6715 0.9059 0.3386, 0.6663 0.9096 0.3346, 0.6663 0.9096 0.3386, 0.6647 0.9111 0.3346, 0.6647 0.9111 0.3386, 0.6608 0.9165 0.3346, 0.6608 0.9165 0.3386, 0.6583 0.923 0.3346, 0.6583 0.923 0.3386, 0.657 0.931 0.3346, 0.657 0.931 0.3386, 0.6569 0.9339 0.3346, 0.6569 0.9339 0.3386, 0.6582 0.9451 0.3346, 0.6582 0.9451 0.3386, 0.6609 0.952 0.3346, 0.6609 0.952 0.3386, 0.6653 0.958 0.3346, 0.6653 0.958 0.3386, 0.6708 0.9625 0.3346, 0.6708 0.9625 0.3386, 0.677 0.9654 0.3346, 0.677 0.9654 0.3386, 0.684 0.9668 0.3346, 0.684 0.9668 0.3386, 0.6871 0.9669 0.3346, 0.6871 0.9669 0.3386, 0.697 0.9657 0.3346, 0.7026 0.9636 0.3346, 0.7051 0.9626 0.3386, 0.697 0.9657 0.3386, 0.7051 0.9626 0.3346, 0.706 0.9621 0.3346, 0.706 0.9621 0.3386, 0.706 0.9729 0.3386, 0.706 0.9729 0.3346, 0.687 0.9762 0.3346, 0.687 0.9762 0.3386, 0.6872 0.9762 0.3386, 0.7026 0.9739 0.3346, 0.6976 0.9754 0.3386, 0.6976 0.9754 0.3346, 0.6955 0.9755 0.3346, 0.6872 0.9762 0.3346, 0.6815 0.9755 0.3346, 0.6753 0.9748 0.3386, 0.6753 0.9748 0.3346, 0.667 0.9715 0.3346, 0.667 0.9715 0.3386, 0.6595 0.9663 0.3346, 0.6595 0.9663 0.3386, 0.6576 0.9644 0.3346, 0.6576 0.9644 0.3386, 0.6518 0.9568 0.3346, 0.6518 0.9568 0.3386, 0.648 0.9479 0.3346, 0.648 0.9479 0.3386, 0.6462 0.9375 0.3346, 0.6462 0.9375 0.3386, 0.646 0.9333 0.3346, 0.646 0.9333 0.3386, 0.6473 0.9214 0.3346, 0.6473 0.9214 0.3386, 0.6504 0.9128 0.3346, 0.6504 0.9128 0.3386, 0.655 0.9058 0.3346, 0.655 0.9058 0.3386, 0.6563 0.9044 0.3346, 0.6563 0.9044 0.3386, 0.679 0.8937 0.3386, 0.6628 0.899 0.3346, 0.6628 0.899 0.3386, 0.6703 0.8955 0.3346, 0.6703 0.8955 0.3386, 0.6768 0.8941 0.3346, 0.679 0.8937 0.3346, 0.7651 0.9039 0.3386, 0.7651 0.8948 0.3386, 0.7651 0.9039 0.3346, 0.7651 0.8948 0.3346, 0.7323 0.9039 0.3346, 0.7323 0.9039 0.3386, 0.754 0.9039 0.3346, 0.7323 0.9309 0.3386, 0.7323 0.9309 0.3346, 0.761 0.9309 0.3386, 0.754 0.9309 0.3346, 0.761 0.9309 0.3346, 0.761 0.94 0.3386, 0.761 0.94 0.3346, 0.7323 0.94 0.3346, 0.7323 0.94 0.3386, 0.754 0.94 0.3346, 0.7323 0.9657 0.3386, 0.7323 0.9657 0.3346, 0.7633 0.9657 0.3386, 0.754 0.9657 0.3346, 0.7633 0.9657 0.3346, 0.7633 0.9749 0.3386, 0.7633 0.9749 0.3346, 0.722 0.9749 0.3346, 0.722 0.9749 0.3386, 0.754 0.9749 0.3346, 0.722 0.8948 0.3386, 0.722 0.8948 0.3346, 0.754 0.8948 0.3346, 0.83 0.9172 0.3386, 0.826 0.9123 0.3386, 0.8333 0.906 0.3386, 0.8245 0.9109 0.3386, 0.8251 0.9001 0.3386, 0.8192 0.9075 0.3386, 0.816 0.8965 0.3386, 0.8123 0.905 0.3386, 0.8022 0.8948 0.3386, 0.8022 0.9039 0.3386, 0.7802 0.8948 0.3386, 0.7905 0.9039 0.3386, 0.7802 0.9749 0.3386, 0.7905 0.9657 0.3386, 0.803 0.9749 0.3386, 0.8026 0.9657 0.3386, 0.8153 0.9735 0.3386, 0.8129 0.9645 0.3386, 0.8249 0.97 0.3386, 0.8199 0.962 0.3386, 0.8333 0.9643 0.3386, 0.8257 0.9581 0.3386, 0.8361 0.9616 0.3386, 0.8284 0.9555 0.3386, 0.841 0.9546 0.3386, 0.8314 0.9509 0.3386, 0.844 0.947 0.3386, 0.8335 0.9448 0.3386, 0.8454 0.9359 0.3386, 0.8345 0.9356 0.3386, 0.8452 0.9308 0.3386, 0.8343 0.9305 0.3386, 0.8432 0.9214 0.3386, 0.8327 0.9232 0.3386, 0.8393 0.9131 0.3386, 0.8022 0.8948 0.3346, 0.7802 0.8948 0.3346, 0.8333 0.906 0.3346, 0.816 0.8965 0.3346, 0.8169 0.8969 0.3346, 0.8251 0.9001 0.3346, 0.8393 0.9131 0.3346, 0.8432 0.9214 0.3346, 0.8452 0.9308 0.3346, 0.8454 0.9359 0.3346, 0.844 0.947 0.3346, 0.841 0.9546 0.3346, 0.8361 0.9616 0.3346, 0.8333 0.9643 0.3346, 0.803 0.9749 0.3346, 0.8249 0.97 0.3346, 0.8169 0.9729 0.3346, 0.8153 0.9735 0.3346, 0.7802 0.9749 0.3346, 0.8026 0.9657 0.3346, 0.7905 0.9657 0.3346, 0.7905 0.9039 0.3346, 0.8022 0.9039 0.3346, 0.826 0.9123 0.3346, 0.8245 0.9109 0.3346, 0.8192 0.9075 0.3346, 0.8123 0.905 0.3346, 0.8345 0.9356 0.3346, 0.8343 0.9305 0.3346, 0.8327 0.9232 0.3346, 0.83 0.9172 0.3346, 0.8257 0.9581 0.3346, 0.8284 0.9555 0.3346, 0.8314 0.9509 0.3346, 0.8335 0.9448 0.3346, 0.8129 0.9645 0.3346, 0.8199 0.962 0.3346
            ]
        }
        coordIndex [
            0,1,2,-1,2,1,3,-1,2,3,4,-1,4,3,5,-1,4,5,6,-1,6,5,7,-1,6,7,8,-1,8,7,9,-1,8,9,10,-1,10,9,11,-1,10,11,12,-1,12,11,13,-1,12,13,14,-1,14,13,15,-1,14,15,16,-1,16,15,17,-1,16,17,18,-1,18,17,19,-1,18,19,20,-1,21,22,23,-1,19,24,20,-1,20,24,25,-1,20,25,26,-1,26,25,27,-1,26,27,23,-1,23,27,28,-1,23,28,21,-1,29,30,31,-1,21,32,22,-1,22,32,33,-1,22,33,34,-1,34,33,35,-1,34,35,36,-1,36,35,37,-1,36,37,38,-1,38,37,39,-1,38,39,40,-1,40,39,41,-1,40,41,42,-1,42,41,43,-1,42,43,44,-1,44,43,45,-1,44,45,31,-1,31,45,46,-1,31,46,29,-1,29,47,30,-1,30,47,48,-1,30,48,49,-1,49,48,50,-1,49,50,51,-1,51,50,52,-1,51,52,0,-1,0,52,53,-1,0,53,1,-1,30,49,54,-1,54,49,51,-1,54,51,0,-1,42,44,54,-1,54,44,31,-1,54,31,30,-1,36,38,54,-1,54,38,40,-1,54,40,42,-1,23,22,54,-1,54,22,34,-1,54,34,36,-1,18,20,54,-1,54,20,26,-1,54,26,23,-1,12,14,54,-1,54,14,16,-1,54,16,18,-1,6,8,54,-1,54,8,10,-1,54,10,12,-1,0,2,54,-1,54,2,4,-1,54,4,6,-1,55,56,57,-1,57,56,58,-1,59,55,60,-1,60,55,57,-1,61,59,62,-1,62,59,60,-1,63,61,64,-1,64,61,62,-1,65,63,66,-1,66,63,64,-1,56,65,58,-1,58,65,66,-1,61,63,59,-1,59,63,65,-1,59,65,55,-1,55,65,56,-1,67,68,69,-1,70,71,72,-1,72,71,73,-1,73,74,72,-1,72,74,75,-1,72,75,69,-1,69,75,76,-1,69,76,67,-1,77,68,78,-1,78,68,67,-1,77,78,79,-1,77,79,80,-1,79,81,80,-1,80,81,82,-1,80,82,83,-1,83,82,84,-1,83,84,85,-1,85,84,86,-1,85,86,87,-1,87,86,88,-1,87,88,89,-1,89,88,90,-1,89,90,91,-1,91,90,92,-1,91,92,93,-1,93,92,94,-1,93,94,95,-1,95,94,96,-1,95,96,97,-1,97,96,98,-1,97,98,99,-1,99,98,100,-1,99,100,101,-1,101,100,102,-1,101,102,103,-1,103,102,104,-1,103,104,105,-1,105,104,106,-1,105,106,107,-1,107,106,108,-1,107,108,109,-1,109,108,110,-1,109,110,111,-1,111,110,112,-1,111,112,113,-1,113,112,114,-1,113,114,115,-1,115,114,116,-1,117,118,116,-1,116,118,119,-1,116,119,115,-1,117,120,118,-1,118,120,121,-1,118,121,122,-1,123,122,124,-1,124,122,121,-1,125,126,127,-1,123,124,128,-1,123,128,129,-1,128,130,129,-1,129,130,131,-1,129,131,127,-1,127,131,132,-1,127,132,125,-1,126,125,133,-1,126,133,134,-1,133,135,134,-1,134,135,136,-1,134,136,137,-1,137,136,138,-1,137,138,139,-1,139,138,140,-1,139,140,141,-1,141,140,142,-1,141,142,143,-1,143,142,144,-1,143,144,145,-1,145,144,146,-1,145,146,147,-1,147,146,148,-1,147,148,149,-1,149,148,150,-1,149,150,151,-1,151,150,152,-1,151,152,153,-1,153,152,154,-1,153,154,155,-1,155,154,156,-1,155,156,157,-1,71,70,158,-1,157,156,159,-1,157,159,160,-1,160,159,161,-1,160,161,162,-1,162,161,163,-1,162,163,158,-1,158,163,164,-1,158,164,71,-1,118,122,123,-1,109,139,107,-1,107,139,141,-1,107,141,105,-1,105,141,143,-1,105,143,103,-1,118,123,119,-1,119,123,129,-1,119,129,115,-1,115,129,127,-1,115,127,113,-1,113,127,126,-1,113,126,111,-1,111,126,134,-1,111,134,109,-1,109,134,137,-1,109,137,139,-1,68,77,69,-1,69,77,80,-1,69,80,72,-1,72,80,83,-1,72,83,70,-1,70,83,85,-1,70,85,158,-1,158,85,87,-1,158,87,162,-1,162,87,89,-1,162,89,160,-1,160,89,91,-1,160,91,157,-1,157,91,93,-1,157,93,155,-1,155,93,95,-1,155,95,153,-1,149,101,147,-1,147,101,103,-1,147,103,145,-1,145,103,143,-1,153,95,151,-1,151,95,97,-1,151,97,149,-1,149,97,99,-1,149,99,101,-1,165,166,167,-1,167,166,168,-1,169,170,171,-1,171,170,165,-1,171,165,167,-1,172,170,173,-1,173,170,169,-1,172,173,174,-1,174,173,175,-1,174,175,176,-1,177,174,178,-1,178,174,176,-1,179,180,181,-1,181,180,177,-1,181,177,178,-1,182,180,183,-1,183,180,179,-1,182,183,184,-1,184,183,185,-1,184,185,186,-1,187,184,188,-1,188,184,186,-1,189,190,191,-1,191,190,187,-1,191,187,188,-1,192,190,193,-1,193,190,189,-1,192,193,166,-1,166,193,194,-1,166,194,168,-1,192,166,165,-1,165,170,192,-1,192,170,172,-1,192,172,190,-1,184,187,182,-1,182,187,190,-1,182,190,180,-1,180,190,172,-1,180,172,177,-1,177,172,174,-1,195,196,197,-1,197,196,198,-1,197,198,199,-1,199,198,200,-1,199,200,201,-1,201,200,202,-1,201,202,203,-1,203,202,204,-1,203,204,205,-1,205,204,206,-1,205,206,207,-1,207,206,208,-1,207,208,209,-1,209,208,210,-1,209,210,211,-1,211,210,212,-1,211,212,213,-1,213,212,214,-1,213,214,215,-1,215,214,216,-1,215,216,217,-1,217,216,218,-1,217,218,219,-1,219,218,220,-1,219,220,221,-1,221,220,222,-1,221,222,223,-1,223,222,224,-1,223,224,225,-1,225,224,226,-1,225,226,227,-1,227,226,228,-1,227,228,229,-1,229,228,195,-1,229,195,197,-1,203,205,230,-1,230,205,231,-1,232,197,199,-1,203,230,233,-1,203,233,201,-1,201,233,234,-1,201,234,199,-1,199,234,235,-1,199,235,232,-1,197,232,236,-1,197,236,229,-1,229,236,237,-1,229,237,227,-1,227,237,238,-1,227,238,225,-1,225,238,239,-1,225,239,223,-1,223,239,240,-1,223,240,221,-1,221,240,241,-1,221,241,219,-1,219,241,242,-1,219,242,217,-1,217,242,243,-1,217,243,215,-1,244,209,211,-1,215,243,245,-1,215,245,213,-1,213,245,246,-1,213,246,211,-1,211,246,247,-1,211,247,244,-1,207,209,248,-1,248,209,244,-1,205,207,231,-1,231,207,248,-1,210,208,249,-1,249,208,250,-1,208,206,250,-1,250,206,251,-1,206,204,251,-1,251,204,252,-1,196,253,254,-1,196,254,198,-1,198,254,255,-1,198,255,200,-1,200,255,256,-1,200,256,202,-1,202,256,252,-1,202,252,204,-1,224,257,258,-1,224,258,226,-1,226,258,259,-1,226,259,228,-1,228,259,260,-1,228,260,195,-1,195,260,253,-1,195,253,196,-1,216,261,262,-1,216,262,218,-1,218,262,263,-1,218,263,220,-1,220,263,264,-1,220,264,222,-1,222,264,257,-1,222,257,224,-1,210,249,265,-1,210,265,212,-1,212,265,266,-1,212,266,214,-1,214,266,261,-1,214,261,216,-1,
        ]
    }
}
Shape{
    appearance Appearance {
        material  Material 	{
            diffuseColor 0.25098039215686274 0.25098039215686274 0.25098039215686274
            specularColor 0.12549019607843137 0.12549019607843137 0.12549019607843137
            ambientIntensity 0.251
            transparency 0.0
            shininess 0.5
        }
    }
    geometry IndexedFaceSet {
        ccw TRUE
        solid FALSE
        coord DEF co Coordinate {
            point [
                0.7905 0.9657 0.3346, 0.7905 0.9039 0.3346, 0.8026 0.9657 0.3346, 0.8022 0.9039 0.3346, 0.8123 0.905 0.3346, 0.8192 0.9075 0.3346, 0.8245 0.9109 0.3346, 0.826 0.9123 0.3346, 0.83 0.9172 0.3346, 0.8327 0.9232 0.3346, 0.8343 0.9305 0.3346, 0.8345 0.9356 0.3346, 0.8335 0.9448 0.3346, 0.8314 0.9509 0.3346, 0.8284 0.9555 0.3346, 0.8257 0.9581 0.3346, 0.8129 0.9645 0.3346, 0.8199 0.962 0.3346
            ]
        }
        coordIndex [
            0,1,2,-1,2,1,3,-1,2,3,4,-1,4,5,2,-1,2,5,6,-1,2,6,7,-1,7,8,2,-1,2,8,9,-1,2,9,10,-1,10,11,2,-1,2,11,12,-1,2,12,13,-1,13,14,2,-1,2,14,15,-1,2,15,16,-1,16,15,17,-1,
        ]
    }
}
Shape{
    appearance Appearance {
        material  Material 	{
            diffuseColor 0.7529411764705882 0.7529411764705882 0.7529411764705882
            specularColor 0.3764705882352941 0.3764705882352941 0.3764705882352941
            ambientIntensity 0.7529
            transparency 0.0
            shininess 0.5
        }
    }
    geometry IndexedFaceSet {
        ccw TRUE
        solid FALSE
        coord DEF co Coordinate {
            point [
                0.8722 0.9257 0.3386, 0.8689 0.9167 0.3386, 0.8991 0.9257 0.3386, 0.9023 0.9167 0.3386, 0.8842 0.959 0.3386, 0.8803 0.9749 0.3386, 0.8498 0.8948 0.3386, 0.8613 0.8948 0.3386, 0.8849 0.9614 0.3386, 0.8855 0.9646 0.3386, 0.8914 0.9749 0.3386, 0.8858 0.9646 0.3386, 0.8864 0.9612 0.3386, 0.887 0.959 0.3386, 0.9219 0.8948 0.3386, 0.9105 0.8948 0.3386, 0.8914 0.9749 0.3346, 0.9219 0.8948 0.3346, 0.8803 0.9749 0.3346, 0.8498 0.8948 0.3346, 0.8729 0.9554 0.3346, 0.8613 0.8948 0.3346, 0.8689 0.9167 0.3346, 0.9023 0.9167 0.3346, 0.8729 0.9167 0.3346, 0.9105 0.8948 0.3346, 0.8722 0.9257 0.3346, 0.8991 0.9257 0.3346, 0.887 0.959 0.3346, 0.8858 0.9646 0.3346, 0.8864 0.9612 0.3346, 0.8855 0.9646 0.3346, 0.8842 0.959 0.3346, 0.8849 0.9614 0.3346
            ]
        }
        coordIndex [
            0,1,2,-1,2,1,3,-1,4,5,0,-1,0,5,6,-1,0,6,1,-1,1,6,7,-1,4,8,5,-1,5,8,9,-1,5,9,10,-1,10,9,11,-1,10,11,12,-1,12,13,10,-1,10,13,2,-1,10,2,14,-1,14,2,3,-1,14,3,15,-1,10,14,16,-1,16,14,17,-1,5,10,18,-1,18,10,16,-1,19,6,20,-1,20,6,5,-1,20,5,18,-1,7,6,21,-1,21,6,19,-1,1,7,22,-1,22,7,21,-1,23,3,24,-1,24,3,1,-1,24,1,22,-1,15,3,25,-1,25,3,23,-1,14,15,17,-1,17,15,25,-1,0,2,26,-1,26,2,27,-1,2,13,27,-1,27,13,28,-1,11,29,30,-1,11,30,12,-1,12,30,28,-1,12,28,13,-1,11,9,29,-1,29,9,31,-1,4,32,33,-1,4,33,8,-1,8,33,31,-1,8,31,9,-1,4,0,32,-1,32,0,26,-1,
        ]
    }
}
Shape{
    appearance Appearance {
        material  Material 	{
            diffuseColor 0.25098039215686274 0.25098039215686274 0.25098039215686274
            specularColor 0.12549019607843137 0.12549019607843137 0.12549019607843137
            ambientIntensity 0.251
            transparency 0.0
            shininess 0.5
        }
    }
    geometry IndexedFaceSet {
        ccw TRUE
        solid FALSE
        coord DEF co Coordinate {
            point [
                0.8858 0.9646 0.3346, 0.8855 0.9646 0.3346, 0.8864 0.9612 0.3346, 0.8849 0.9614 0.3346, 0.887 0.959 0.3346, 0.8842 0.959 0.3346, 0.8991 0.9257 0.3346, 0.8722 0.9257 0.3346
            ]
        }
        coordIndex [
            0,1,2,-1,2,1,3,-1,2,3,4,-1,4,3,5,-1,4,5,6,-1,6,5,7,-1,
        ]
    }
}
Shape{
    appearance Appearance {
        material  Material 	{
            diffuseColor 0.7529411764705882 0.7529411764705882 0.7529411764705882
            specularColor 0.3764705882352941 0.3764705882352941 0.3764705882352941
            ambientIntensity 0.7529
            transparency 0.0
            shininess 0.5
        }
    }
    geometry IndexedFaceSet {
        ccw TRUE
        solid FALSE
        coord DEF co Coordinate {
            point [
                0.6436 0.7769 0.3386, 0.6436 0.7678 0.3386, 0.6436 0.7769 0.3346, 0.6436 0.7678 0.3346, 0.6109 0.7769 0.3346, 0.6109 0.7769 0.3386, 0.6432 0.7769 0.3346, 0.6109 0.8038 0.3386, 0.6109 0.8038 0.3346, 0.6395 0.8038 0.3386, 0.6395 0.8038 0.3346, 0.6395 0.813 0.3386, 0.6395 0.813 0.3346, 0.6109 0.813 0.3386, 0.6109 0.813 0.3346, 0.6109 0.8386 0.3386, 0.6109 0.8386 0.3346, 0.6418 0.8386 0.3386, 0.6418 0.8386 0.3346, 0.6418 0.8478 0.3386, 0.6418 0.8478 0.3346, 0.6005 0.8478 0.3386, 0.6005 0.8478 0.3346, 0.6005 0.7678 0.3386, 0.6005 0.7678 0.3346, 0.6432 0.7678 0.3346, 0.6757 0.7947 0.3386, 0.6891 0.7965 0.3386, 0.6991 0.8046 0.3386, 0.6891 0.7678 0.3386, 0.6991 0.7678 0.3386, 0.6891 0.7766 0.3386, 0.6891 0.8041 0.3386, 0.6674 0.7922 0.3386, 0.6698 0.7933 0.3386, 0.6889 0.7766 0.3386, 0.6838 0.7783 0.3386, 0.6872 0.7741 0.3386, 0.681 0.7763 0.3386, 0.6891 0.791 0.3386, 0.6885 0.7861 0.3386, 0.6871 0.7825 0.3386, 0.6848 0.7793 0.3386, 0.6705 0.775 0.3386, 0.6713 0.7664 0.3386, 0.6739 0.7747 0.3386, 0.6762 0.7669 0.3386, 0.678 0.7752 0.3386, 0.6803 0.7683 0.3386, 0.684 0.7707 0.3386, 0.6888 0.8085 0.3386, 0.6983 0.8123 0.3386, 0.6878 0.8121 0.3386, 0.6968 0.8168 0.3386, 0.6866 0.8142 0.3386, 0.6947 0.82 0.3386, 0.6851 0.8158 0.3386, 0.692 0.8226 0.3386, 0.6833 0.8169 0.3386, 0.6887 0.8245 0.3386, 0.681 0.8178 0.3386, 0.6844 0.8258 0.3386, 0.6775 0.8181 0.3386, 0.6785 0.8263 0.3386, 0.672 0.8176 0.3386, 0.6682 0.825 0.3386, 0.6657 0.8156 0.3386, 0.6608 0.8221 0.3386, 0.6588 0.8112 0.3386, 0.6588 0.821 0.3386, 0.6654 0.7781 0.3386, 0.6581 0.7709 0.3386, 0.6663 0.7772 0.3386, 0.6613 0.7687 0.3386, 0.6683 0.7759 0.3386, 0.6651 0.7672 0.3386, 0.6699 0.7665 0.3386, 0.6635 0.7855 0.3386, 0.6532 0.7843 0.3386, 0.6634 0.7839 0.3386, 0.6532 0.7831 0.3386, 0.6636 0.7816 0.3386, 0.6537 0.7785 0.3386, 0.6643 0.7798 0.3386, 0.6549 0.7751 0.3386, 0.657 0.772 0.3386, 0.6722 0.8018 0.3386, 0.6646 0.7999 0.3386, 0.666 0.7912 0.3386, 0.6603 0.7977 0.3386, 0.6648 0.7897 0.3386, 0.6572 0.795 0.3386, 0.6639 0.7878 0.3386, 0.6552 0.7921 0.3386, 0.6539 0.7886 0.3386, 0.6785 0.8263 0.3346, 0.6682 0.825 0.3346, 0.6608 0.8221 0.3346, 0.6588 0.821 0.3346, 0.6588 0.8112 0.3346, 0.6657 0.8156 0.3346, 0.672 0.8176 0.3346, 0.6775 0.8181 0.3346, 0.681 0.8178 0.3346, 0.6833 0.8169 0.3346, 0.6851 0.8158 0.3346, 0.6866 0.8142 0.3346, 0.6878 0.8121 0.3346, 0.6888 0.8085 0.3346, 0.6891 0.8041 0.3346, 0.6722 0.8018 0.3346, 0.6646 0.7999 0.3346, 0.6603 0.7977 0.3346, 0.6572 0.795 0.3346, 0.6552 0.7921 0.3346, 0.6539 0.7886 0.3346, 0.6532 0.7843 0.3346, 0.6532 0.7831 0.3346, 0.6537 0.7785 0.3346, 0.6549 0.7751 0.3346, 0.657 0.772 0.3346, 0.6581 0.7709 0.3346, 0.6713 0.7664 0.3346, 0.6613 0.7687 0.3346, 0.6651 0.7672 0.3346, 0.6656 0.7671 0.3346, 0.6699 0.7665 0.3346, 0.6762 0.7669 0.3346, 0.6767 0.7671 0.3346, 0.6803 0.7683 0.3346, 0.684 0.7707 0.3346, 0.6872 0.7741 0.3346, 0.6889 0.7766 0.3346, 0.6891 0.7766 0.3346, 0.6891 0.7678 0.3346, 0.6991 0.7678 0.3346, 0.6991 0.8046 0.3346, 0.6983 0.8123 0.3346, 0.6968 0.8168 0.3346, 0.6947 0.82 0.3346, 0.692 0.8226 0.3346, 0.6887 0.8245 0.3346, 0.6844 0.8258 0.3346, 0.666 0.7912 0.3346, 0.6674 0.7922 0.3346, 0.6698 0.7933 0.3346, 0.6757 0.7947 0.3346, 0.6634 0.7839 0.3346, 0.6635 0.7855 0.3346, 0.6639 0.7878 0.3346, 0.6648 0.7897 0.3346, 0.6663 0.7772 0.3346, 0.6654 0.7781 0.3346, 0.6643 0.7798 0.3346, 0.6636 0.7816 0.3346, 0.6739 0.7747 0.3346, 0.6705 0.775 0.3346, 0.6683 0.7759 0.3346, 0.6848 0.7793 0.3346, 0.6838 0.7783 0.3346, 0.681 0.7763 0.3346, 0.678 0.7752 0.3346, 0.6891 0.791 0.3346, 0.6885 0.7861 0.3346, 0.6871 0.7825 0.3346, 0.6891 0.7965 0.3346
            ]
        }
        coordIndex [
            0,1,2,-1,2,1,3,-1,4,5,6,-1,6,5,0,-1,6,0,2,-1,7,5,8,-1,8,5,4,-1,9,7,10,-1,10,7,8,-1,11,9,12,-1,12,9,10,-1,13,11,14,-1,14,11,12,-1,15,13,16,-1,16,13,14,-1,17,15,18,-1,18,15,16,-1,19,17,20,-1,20,17,18,-1,21,19,22,-1,22,19,20,-1,23,21,24,-1,24,21,22,-1,3,1,25,-1,25,1,23,-1,25,23,24,-1,23,1,0,-1,0,5,23,-1,23,5,7,-1,23,7,21,-1,17,19,15,-1,15,19,21,-1,15,21,13,-1,13,21,7,-1,13,7,11,-1,11,7,9,-1,26,27,28,-1,29,30,31,-1,31,30,28,-1,32,33,34,-1,35,36,37,-1,37,36,38,-1,27,39,28,-1,28,39,40,-1,28,40,31,-1,31,40,41,-1,31,41,35,-1,35,41,42,-1,35,42,36,-1,43,44,45,-1,45,44,46,-1,45,46,47,-1,47,46,48,-1,47,48,38,-1,38,48,49,-1,38,49,37,-1,34,26,32,-1,32,26,28,-1,32,28,50,-1,50,28,51,-1,50,51,52,-1,52,51,53,-1,52,53,54,-1,54,53,55,-1,54,55,56,-1,56,55,57,-1,56,57,58,-1,58,57,59,-1,58,59,60,-1,60,59,61,-1,60,61,62,-1,62,61,63,-1,62,63,64,-1,64,63,65,-1,64,65,66,-1,66,65,67,-1,66,67,68,-1,68,67,69,-1,70,71,72,-1,72,71,73,-1,72,73,74,-1,74,73,75,-1,74,75,43,-1,43,75,76,-1,43,76,44,-1,77,78,79,-1,79,78,80,-1,79,80,81,-1,81,80,82,-1,81,82,83,-1,83,82,84,-1,83,84,70,-1,70,84,85,-1,70,85,71,-1,32,86,33,-1,33,86,87,-1,33,87,88,-1,88,87,89,-1,88,89,90,-1,90,89,91,-1,90,91,92,-1,92,91,93,-1,92,93,77,-1,77,93,94,-1,77,94,78,-1,63,95,96,-1,63,96,65,-1,65,96,97,-1,65,97,67,-1,67,97,98,-1,67,98,69,-1,68,69,99,-1,99,69,98,-1,68,99,100,-1,68,100,66,-1,66,100,101,-1,66,101,64,-1,64,101,102,-1,64,102,62,-1,62,102,103,-1,62,103,60,-1,60,103,104,-1,60,104,58,-1,58,104,105,-1,58,105,56,-1,56,105,106,-1,56,106,54,-1,54,106,107,-1,54,107,52,-1,52,107,108,-1,52,108,50,-1,50,108,109,-1,50,109,32,-1,86,32,110,-1,110,32,109,-1,86,110,111,-1,86,111,87,-1,87,111,112,-1,87,112,89,-1,89,112,113,-1,89,113,91,-1,91,113,114,-1,91,114,93,-1,93,114,115,-1,93,115,94,-1,94,115,116,-1,94,116,78,-1,78,116,117,-1,78,117,80,-1,80,117,118,-1,80,118,82,-1,82,118,119,-1,82,119,84,-1,84,119,120,-1,84,120,85,-1,85,120,121,-1,85,121,71,-1,122,44,76,-1,71,121,123,-1,71,123,73,-1,73,123,124,-1,73,124,75,-1,75,124,125,-1,75,125,76,-1,76,125,126,-1,76,126,122,-1,44,122,127,-1,44,127,46,-1,46,127,128,-1,46,128,48,-1,128,129,48,-1,48,129,130,-1,48,130,49,-1,49,130,131,-1,49,131,37,-1,37,131,132,-1,37,132,35,-1,31,35,133,-1,133,35,132,-1,29,31,134,-1,134,31,133,-1,30,29,135,-1,135,29,134,-1,28,30,136,-1,136,30,135,-1,28,136,137,-1,28,137,51,-1,51,137,138,-1,51,138,53,-1,53,138,139,-1,53,139,55,-1,55,139,140,-1,55,140,57,-1,57,140,141,-1,57,141,59,-1,59,141,142,-1,59,142,61,-1,61,142,95,-1,61,95,63,-1,88,143,144,-1,88,144,33,-1,33,144,145,-1,33,145,34,-1,34,145,146,-1,34,146,26,-1,79,147,148,-1,79,148,77,-1,77,148,149,-1,77,149,92,-1,92,149,150,-1,92,150,90,-1,90,150,143,-1,90,143,88,-1,72,151,152,-1,72,152,70,-1,70,152,153,-1,70,153,83,-1,83,153,154,-1,83,154,81,-1,81,154,147,-1,81,147,79,-1,45,155,156,-1,45,156,43,-1,43,156,157,-1,43,157,74,-1,74,157,151,-1,74,151,72,-1,42,158,159,-1,42,159,36,-1,36,159,160,-1,36,160,38,-1,38,160,161,-1,38,161,47,-1,47,161,155,-1,47,155,45,-1,39,162,163,-1,39,163,40,-1,40,163,164,-1,40,164,41,-1,41,164,158,-1,41,158,42,-1,39,27,162,-1,162,27,165,-1,27,26,165,-1,165,26,146,-1,
        ]
    }
}
Shape{
    appearance Appearance {
        material  Material 	{
            diffuseColor 0.25098039215686274 0.25098039215686274 0.25098039215686274
            specularColor 0.12549019607843137 0.12549019607843137 0.12549019607843137
            ambientIntensity 0.251
            transparency 0.0
            shininess 0.5
        }
    }
    geometry IndexedFaceSet {
        ccw TRUE
        solid FALSE
        coord DEF co Coordinate {
            point [
                0.6891 0.791 0.3346, 0.6891 0.7965 0.3346, 0.6757 0.7947 0.3346, 0.6838 0.7783 0.3346, 0.6848 0.7793 0.3346, 0.678 0.7752 0.3346, 0.6698 0.7933 0.3346, 0.6674 0.7922 0.3346, 0.681 0.7763 0.3346, 0.6871 0.7825 0.3346, 0.6885 0.7861 0.3346, 0.6639 0.7878 0.3346, 0.6635 0.7855 0.3346, 0.6634 0.7839 0.3346, 0.6636 0.7816 0.3346, 0.6683 0.7759 0.3346, 0.6705 0.775 0.3346, 0.6663 0.7772 0.3346, 0.6739 0.7747 0.3346, 0.666 0.7912 0.3346, 0.6648 0.7897 0.3346, 0.6643 0.7798 0.3346, 0.6654 0.7781 0.3346
            ]
        }
        coordIndex [
            0,1,2,-1,3,4,2,-1,5,6,7,-1,6,5,2,-1,2,5,8,-1,2,8,3,-1,4,9,2,-1,2,9,10,-1,2,10,0,-1,11,12,5,-1,5,12,13,-1,5,13,14,-1,15,16,17,-1,17,16,18,-1,17,18,5,-1,7,19,5,-1,5,19,20,-1,5,20,11,-1,14,21,5,-1,5,21,22,-1,5,22,17,-1,
        ]
    }
}
Shape{
    appearance Appearance {
        material  Material 	{
            diffuseColor 0.7529411764705882 0.7529411764705882 0.7529411764705882
            specularColor 0.3764705882352941 0.3764705882352941 0.3764705882352941
            ambientIntensity 0.7529
            transparency 0.0
            shininess 0.5
        }
    }
    geometry IndexedFaceSet {
        ccw TRUE
        solid FALSE
        coord DEF co Coordinate {
            point [
                0.7127 0.7801 0.3346, 0.7127 0.7801 0.3386, 0.7163 0.7779 0.3386, 0.7292 0.7746 0.3386, 0.7292 0.7746 0.3346, 0.7226 0.7754 0.3346, 0.7226 0.7754 0.3386, 0.7174 0.7775 0.3346, 0.7163 0.7779 0.3346, 0.7127 0.7698 0.3386, 0.7127 0.7698 0.3346, 0.7198 0.7673 0.3386, 0.7174 0.7682 0.3346, 0.7283 0.7664 0.3346, 0.7283 0.7664 0.3386, 0.7218 0.7671 0.3346, 0.7198 0.7673 0.3346, 0.7374 0.7675 0.3386, 0.7339 0.7671 0.3346, 0.7374 0.7675 0.3346, 0.7427 0.7696 0.3346, 0.7427 0.7696 0.3386, 0.7449 0.771 0.3346, 0.7449 0.771 0.3386, 0.748 0.7737 0.3346, 0.748 0.7737 0.3386, 0.7498 0.7764 0.3346, 0.7498 0.7764 0.3386, 0.7509 0.7796 0.3346, 0.7509 0.7796 0.3386, 0.7514 0.7833 0.3346, 0.7514 0.7833 0.3386, 0.7509 0.7874 0.3346, 0.7509 0.7874 0.3386, 0.7497 0.7903 0.3346, 0.7497 0.7903 0.3386, 0.748 0.7928 0.3346, 0.748 0.7928 0.3386, 0.7456 0.7949 0.3346, 0.7456 0.7949 0.3386, 0.739 0.7986 0.3346, 0.739 0.7986 0.3386, 0.7351 0.8002 0.3346, 0.7351 0.8002 0.3386, 0.7289 0.8029 0.3346, 0.7289 0.8029 0.3386, 0.7253 0.8051 0.3346, 0.7253 0.8051 0.3386, 0.7243 0.8062 0.3346, 0.7243 0.8062 0.3386, 0.7236 0.8075 0.3346, 0.7236 0.8075 0.3386, 0.7232 0.8091 0.3346, 0.7232 0.8091 0.3386, 0.7231 0.8104 0.3346, 0.7231 0.8104 0.3386, 0.7233 0.812 0.3346, 0.7233 0.812 0.3386, 0.7238 0.8134 0.3346, 0.7238 0.8134 0.3386, 0.7247 0.8147 0.3346, 0.7247 0.8147 0.3386, 0.7262 0.816 0.3346, 0.7262 0.816 0.3386, 0.7284 0.8172 0.3346, 0.7284 0.8172 0.3386, 0.7311 0.8179 0.3346, 0.7311 0.8179 0.3386, 0.7341 0.8181 0.3346, 0.7341 0.8181 0.3386, 0.7411 0.8173 0.3346, 0.7411 0.8173 0.3386, 0.7468 0.8151 0.3346, 0.7468 0.8151 0.3386, 0.7486 0.814 0.3346, 0.7486 0.814 0.3386, 0.7486 0.8237 0.3386, 0.7486 0.8237 0.3346, 0.7421 0.8257 0.3346, 0.7421 0.8257 0.3386, 0.7351 0.8263 0.3346, 0.7351 0.8263 0.3386, 0.727 0.8253 0.3346, 0.727 0.8253 0.3386, 0.7216 0.8232 0.3346, 0.7216 0.8232 0.3386, 0.7192 0.8217 0.3346, 0.7192 0.8217 0.3386, 0.7174 0.82 0.3346, 0.7161 0.8189 0.3386, 0.7161 0.8189 0.3346, 0.7143 0.8161 0.3346, 0.7143 0.8161 0.3386, 0.7131 0.8129 0.3346, 0.7131 0.8129 0.3386, 0.7128 0.8095 0.3346, 0.7128 0.8095 0.3386, 0.7133 0.8054 0.3346, 0.7133 0.8054 0.3386, 0.7145 0.8024 0.3346, 0.7145 0.8024 0.3386, 0.7156 0.8005 0.3346, 0.7156 0.8005 0.3386, 0.728 0.7929 0.3346, 0.728 0.7929 0.3386, 0.722 0.7957 0.3386, 0.7173 0.7988 0.3346, 0.7173 0.7988 0.3386, 0.7174 0.7987 0.3346, 0.722 0.7957 0.3346, 0.7346 0.7902 0.3346, 0.7346 0.7902 0.3386, 0.7385 0.7878 0.3346, 0.7385 0.7878 0.3386, 0.7397 0.7865 0.3346, 0.7397 0.7865 0.3386, 0.7405 0.7852 0.3346, 0.7405 0.7852 0.3386, 0.741 0.7836 0.3346, 0.741 0.7836 0.3386, 0.7411 0.7824 0.3346, 0.7411 0.7824 0.3386, 0.7409 0.7804 0.3346, 0.7409 0.7804 0.3386, 0.7403 0.779 0.3346, 0.7403 0.779 0.3386, 0.7395 0.7777 0.3346, 0.7395 0.7777 0.3386, 0.7383 0.7767 0.3346, 0.7383 0.7767 0.3386, 0.7374 0.7761 0.3346, 0.7374 0.7761 0.3386, 0.7348 0.7752 0.3346, 0.7348 0.7752 0.3386, 0.7297 0.7746 0.3346, 0.7297 0.7746 0.3386, 0.8011 0.825 0.3386, 0.8115 0.825 0.3386, 0.8011 0.825 0.3346, 0.8115 0.825 0.3346, 0.7855 0.7819 0.3386, 0.7855 0.7819 0.3346, 0.7847 0.7792 0.3346, 0.7847 0.7792 0.3386, 0.7842 0.7773 0.3346, 0.7842 0.7773 0.3386, 0.784 0.7773 0.3386, 0.784 0.7773 0.3346, 0.7827 0.782 0.3386, 0.7827 0.782 0.3346, 0.7678 0.825 0.3386, 0.7678 0.825 0.3346, 0.7566 0.825 0.3386, 0.7566 0.825 0.3346, 0.779 0.7679 0.3386, 0.779 0.7679 0.3346, 0.7746 0.7575 0.3346, 0.7746 0.7575 0.3386, 0.7787 0.7671 0.3346, 0.7724 0.7536 0.3346, 0.7724 0.7536 0.3386, 0.7703 0.7514 0.3346, 0.7703 0.7514 0.3386, 0.7685 0.7503 0.3346, 0.7685 0.7503 0.3386, 0.7663 0.7496 0.3346, 0.7663 0.7496 0.3386, 0.7643 0.7494 0.3346, 0.7643 0.7494 0.3386, 0.7607 0.7499 0.3346, 0.7607 0.7499 0.3386, 0.7586 0.7506 0.3346, 0.7586 0.7506 0.3386, 0.7586 0.7417 0.3386, 0.7586 0.7417 0.3346, 0.7628 0.7409 0.3346, 0.7628 0.7409 0.3386, 0.7651 0.7408 0.3346, 0.7651 0.7408 0.3386, 0.7693 0.7413 0.3346, 0.7693 0.7413 0.3386, 0.7732 0.7429 0.3346, 0.7732 0.7429 0.3386, 0.7767 0.7454 0.3346, 0.7767 0.7454 0.3386, 0.777 0.7456 0.3346, 0.777 0.7456 0.3386, 0.7807 0.7499 0.3346, 0.7807 0.7499 0.3386, 0.7855 0.7591 0.3346, 0.7855 0.7591 0.3386, 0.7887 0.7671 0.3346, 0.8653 0.7769 0.3386, 0.8653 0.7678 0.3386, 0.8653 0.7769 0.3346, 0.8653 0.7678 0.3346, 0.8326 0.7769 0.3346, 0.8326 0.7769 0.3386, 0.8476 0.7769 0.3346, 0.8326 0.8038 0.3386, 0.8326 0.8038 0.3346, 0.8613 0.8038 0.3346, 0.8613 0.8038 0.3386, 0.8476 0.8038 0.3346, 0.8613 0.813 0.3386, 0.8613 0.813 0.3346, 0.8326 0.813 0.3346, 0.8326 0.813 0.3386, 0.8476 0.813 0.3346, 0.8326 0.8386 0.3386, 0.8326 0.8386 0.3346, 0.8635 0.8386 0.3346, 0.8635 0.8386 0.3386, 0.8476 0.8386 0.3346, 0.8635 0.8478 0.3386, 0.8635 0.8478 0.3346, 0.8223 0.8478 0.3346, 0.8223 0.8478 0.3386, 0.8476 0.8478 0.3346, 0.8223 0.7678 0.3386, 0.8223 0.7678 0.3346, 0.8476 0.7678 0.3346, 0.9302 0.7902 0.3386, 0.9262 0.7853 0.3386, 0.9336 0.779 0.3386, 0.9248 0.7839 0.3386, 0.9253 0.7731 0.3386, 0.9195 0.7804 0.3386, 0.9162 0.7695 0.3386, 0.9126 0.778 0.3386, 0.9025 0.7678 0.3386, 0.9024 0.7769 0.3386, 0.8805 0.7678 0.3386, 0.8908 0.7769 0.3386, 0.8805 0.8478 0.3386, 0.8908 0.8386 0.3386, 0.9033 0.8478 0.3386, 0.9029 0.8386 0.3386, 0.9155 0.8465 0.3386, 0.9132 0.8375 0.3386, 0.9252 0.843 0.3386, 0.9202 0.835 0.3386, 0.9336 0.8372 0.3386, 0.926 0.8311 0.3386, 0.9363 0.8346 0.3386, 0.9286 0.8284 0.3386, 0.9413 0.8276 0.3386, 0.9316 0.8238 0.3386, 0.9443 0.82 0.3386, 0.9338 0.8178 0.3386, 0.9457 0.8088 0.3386, 0.9348 0.8086 0.3386, 0.9454 0.8038 0.3386, 0.9345 0.8035 0.3386, 0.9435 0.7944 0.3386, 0.933 0.7962 0.3386, 0.9395 0.7861 0.3386, 0.9025 0.7678 0.3346, 0.8805 0.7678 0.3346, 0.9162 0.7695 0.3346, 0.9253 0.7731 0.3346, 0.9336 0.779 0.3346, 0.9395 0.7861 0.3346, 0.9435 0.7944 0.3346, 0.9454 0.8038 0.3346, 0.9457 0.8088 0.3346, 0.9443 0.82 0.3346, 0.9413 0.8276 0.3346, 0.9363 0.8346 0.3346, 0.9336 0.8372 0.3346, 0.9252 0.843 0.3346, 0.9155 0.8465 0.3346, 0.9033 0.8478 0.3346, 0.8805 0.8478 0.3346, 0.9029 0.8386 0.3346, 0.8908 0.8386 0.3346, 0.8908 0.7769 0.3346, 0.9024 0.7769 0.3346, 0.9262 0.7853 0.3346, 0.9248 0.7839 0.3346, 0.9195 0.7804 0.3346, 0.9126 0.778 0.3346, 0.9348 0.8086 0.3346, 0.9345 0.8035 0.3346, 0.933 0.7962 0.3346, 0.9302 0.7902 0.3346, 0.926 0.8311 0.3346, 0.9286 0.8284 0.3346, 0.9316 0.8238 0.3346, 0.9338 0.8178 0.3346, 0.9132 0.8375 0.3346, 0.9202 0.835 0.3346
            ]
        }
        coordIndex [
            0,1,2,-1,3,4,5,-1,3,5,6,-1,6,5,7,-1,6,7,2,-1,2,7,8,-1,2,8,0,-1,9,1,10,-1,10,1,0,-1,9,10,11,-1,11,10,12,-1,13,14,15,-1,15,14,11,-1,15,11,16,-1,16,11,12,-1,14,13,17,-1,17,13,18,-1,18,19,17,-1,17,19,20,-1,17,20,21,-1,21,20,22,-1,21,22,23,-1,23,22,24,-1,23,24,25,-1,25,24,26,-1,25,26,27,-1,27,26,28,-1,27,28,29,-1,29,28,30,-1,29,30,31,-1,31,30,32,-1,31,32,33,-1,33,32,34,-1,33,34,35,-1,35,34,36,-1,35,36,37,-1,37,36,38,-1,37,38,39,-1,39,38,40,-1,39,40,41,-1,41,40,42,-1,41,42,43,-1,43,42,44,-1,43,44,45,-1,45,44,46,-1,45,46,47,-1,47,46,48,-1,47,48,49,-1,49,48,50,-1,49,50,51,-1,51,50,52,-1,51,52,53,-1,53,52,54,-1,53,54,55,-1,55,54,56,-1,55,56,57,-1,57,56,58,-1,57,58,59,-1,59,58,60,-1,59,60,61,-1,61,60,62,-1,61,62,63,-1,63,62,64,-1,63,64,65,-1,65,64,66,-1,65,66,67,-1,67,66,68,-1,67,68,69,-1,69,68,70,-1,69,70,71,-1,71,70,72,-1,71,72,73,-1,73,72,74,-1,73,74,75,-1,76,75,77,-1,77,75,74,-1,76,77,78,-1,76,78,79,-1,79,78,80,-1,79,80,81,-1,81,80,82,-1,81,82,83,-1,83,82,84,-1,83,84,85,-1,85,84,86,-1,85,86,87,-1,86,88,87,-1,87,88,89,-1,88,90,89,-1,89,90,91,-1,89,91,92,-1,92,91,93,-1,92,93,94,-1,94,93,95,-1,94,95,96,-1,96,95,97,-1,96,97,98,-1,98,97,99,-1,98,99,100,-1,100,99,101,-1,100,101,102,-1,103,104,105,-1,102,101,106,-1,102,106,107,-1,107,106,108,-1,107,108,105,-1,105,108,109,-1,105,109,103,-1,104,103,110,-1,104,110,111,-1,111,110,112,-1,111,112,113,-1,113,112,114,-1,113,114,115,-1,115,114,116,-1,115,116,117,-1,117,116,118,-1,117,118,119,-1,119,118,120,-1,119,120,121,-1,121,120,122,-1,121,122,123,-1,123,122,124,-1,123,124,125,-1,125,124,126,-1,125,126,127,-1,127,126,128,-1,127,128,129,-1,129,128,130,-1,129,130,131,-1,131,130,132,-1,131,132,133,-1,133,132,134,-1,133,134,135,-1,135,134,4,-1,135,4,3,-1,59,61,87,-1,87,61,85,-1,85,61,63,-1,85,63,83,-1,125,25,27,-1,111,43,104,-1,104,43,45,-1,125,27,123,-1,123,27,29,-1,123,29,121,-1,121,29,31,-1,121,31,119,-1,119,31,33,-1,119,33,117,-1,117,33,35,-1,117,35,115,-1,115,35,37,-1,115,37,113,-1,113,37,39,-1,113,39,111,-1,111,39,41,-1,111,41,43,-1,25,125,23,-1,23,125,127,-1,23,127,21,-1,14,3,11,-1,11,3,6,-1,11,6,9,-1,9,6,2,-1,9,2,1,-1,63,65,83,-1,83,65,67,-1,83,67,81,-1,81,67,69,-1,81,69,79,-1,79,69,71,-1,79,71,76,-1,76,71,73,-1,76,73,75,-1,127,129,21,-1,21,129,131,-1,21,131,17,-1,17,131,133,-1,17,133,14,-1,14,133,135,-1,14,135,3,-1,87,89,59,-1,59,89,92,-1,59,92,57,-1,57,92,94,-1,57,94,55,-1,55,94,96,-1,55,96,53,-1,53,96,98,-1,53,98,51,-1,51,98,100,-1,51,100,49,-1,49,100,102,-1,49,102,47,-1,47,102,107,-1,47,107,45,-1,45,107,105,-1,45,105,104,-1,136,137,138,-1,138,137,139,-1,140,136,141,-1,141,136,138,-1,140,141,142,-1,140,142,143,-1,143,142,144,-1,143,144,145,-1,146,145,147,-1,147,145,144,-1,148,146,149,-1,149,146,147,-1,150,148,151,-1,151,148,149,-1,152,150,153,-1,153,150,151,-1,154,152,155,-1,155,152,153,-1,156,157,158,-1,158,157,154,-1,158,154,155,-1,157,156,159,-1,157,159,160,-1,160,159,161,-1,160,161,162,-1,162,161,163,-1,162,163,164,-1,164,163,165,-1,164,165,166,-1,166,165,167,-1,166,167,168,-1,168,167,169,-1,168,169,170,-1,170,169,171,-1,170,171,172,-1,173,172,174,-1,174,172,171,-1,173,174,175,-1,173,175,176,-1,176,175,177,-1,176,177,178,-1,178,177,179,-1,178,179,180,-1,180,179,181,-1,180,181,182,-1,182,181,183,-1,182,183,184,-1,184,183,185,-1,184,185,186,-1,186,185,187,-1,186,187,188,-1,188,187,189,-1,188,189,190,-1,139,137,191,-1,191,137,190,-1,191,190,189,-1,143,145,190,-1,137,136,190,-1,190,136,140,-1,190,140,143,-1,150,152,148,-1,148,152,154,-1,148,154,146,-1,145,146,190,-1,190,146,154,-1,190,154,188,-1,154,157,188,-1,188,157,160,-1,188,160,186,-1,186,160,162,-1,172,173,170,-1,170,173,176,-1,170,176,168,-1,168,176,178,-1,168,178,166,-1,166,178,180,-1,166,180,164,-1,164,180,182,-1,164,182,162,-1,162,182,184,-1,162,184,186,-1,192,193,194,-1,194,193,195,-1,196,197,198,-1,198,197,192,-1,198,192,194,-1,199,197,200,-1,200,197,196,-1,201,202,203,-1,203,202,199,-1,203,199,200,-1,204,202,205,-1,205,202,201,-1,206,207,208,-1,208,207,204,-1,208,204,205,-1,209,207,210,-1,210,207,206,-1,211,212,213,-1,213,212,209,-1,213,209,210,-1,214,212,215,-1,215,212,211,-1,216,217,218,-1,218,217,214,-1,218,214,215,-1,219,217,220,-1,220,217,216,-1,195,193,221,-1,221,193,219,-1,221,219,220,-1,219,193,192,-1,192,197,219,-1,219,197,199,-1,219,199,217,-1,212,214,209,-1,209,214,217,-1,209,217,207,-1,207,217,199,-1,207,199,204,-1,204,199,202,-1,222,223,224,-1,224,223,225,-1,224,225,226,-1,226,225,227,-1,226,227,228,-1,228,227,229,-1,228,229,230,-1,230,229,231,-1,230,231,232,-1,232,231,233,-1,232,233,234,-1,234,233,235,-1,234,235,236,-1,236,235,237,-1,236,237,238,-1,238,237,239,-1,238,239,240,-1,240,239,241,-1,240,241,242,-1,242,241,243,-1,242,243,244,-1,244,243,245,-1,244,245,246,-1,246,245,247,-1,246,247,248,-1,248,247,249,-1,248,249,250,-1,250,249,251,-1,250,251,252,-1,252,251,253,-1,252,253,254,-1,254,253,255,-1,254,255,256,-1,256,255,222,-1,256,222,224,-1,230,232,257,-1,257,232,258,-1,230,257,259,-1,230,259,228,-1,228,259,260,-1,228,260,226,-1,226,260,261,-1,226,261,224,-1,224,261,262,-1,224,262,256,-1,256,262,263,-1,256,263,254,-1,254,263,264,-1,254,264,252,-1,252,264,265,-1,252,265,250,-1,250,265,266,-1,250,266,248,-1,248,266,267,-1,248,267,246,-1,246,267,268,-1,246,268,244,-1,244,268,269,-1,244,269,242,-1,242,269,270,-1,242,270,240,-1,240,270,271,-1,240,271,238,-1,238,271,272,-1,238,272,236,-1,234,236,273,-1,273,236,272,-1,232,234,258,-1,258,234,273,-1,237,235,274,-1,274,235,275,-1,235,233,275,-1,275,233,276,-1,233,231,276,-1,276,231,277,-1,223,278,279,-1,223,279,225,-1,225,279,280,-1,225,280,227,-1,227,280,281,-1,227,281,229,-1,229,281,277,-1,229,277,231,-1,251,282,283,-1,251,283,253,-1,253,283,284,-1,253,284,255,-1,255,284,285,-1,255,285,222,-1,222,285,278,-1,222,278,223,-1,243,286,287,-1,243,287,245,-1,245,287,288,-1,245,288,247,-1,247,288,289,-1,247,289,249,-1,249,289,282,-1,249,282,251,-1,237,274,290,-1,237,290,239,-1,239,290,291,-1,239,291,241,-1,241,291,286,-1,241,286,243,-1,
        ]
    }
}
Shape{
    appearance Appearance {
        material  Material 	{
            diffuseColor 0.25098039215686274 0.25098039215686274 0.25098039215686274
            specularColor 0.12549019607843137 0.12549019607843137 0.12549019607843137
            ambientIntensity 0.251
            transparency 0.0
            shininess 0.5
        }
    }
    geometry IndexedFaceSet {
        ccw TRUE
        solid FALSE
        coord DEF co Coordinate {
            point [
                0.8908 0.8386 0.3346, 0.8908 0.7769 0.3346, 0.9029 0.8386 0.3346, 0.9024 0.7769 0.3346, 0.9126 0.778 0.3346, 0.9195 0.7804 0.3346, 0.9248 0.7839 0.3346, 0.9262 0.7853 0.3346, 0.9302 0.7902 0.3346, 0.933 0.7962 0.3346, 0.9345 0.8035 0.3346, 0.9348 0.8086 0.3346, 0.9338 0.8178 0.3346, 0.9316 0.8238 0.3346, 0.9286 0.8284 0.3346, 0.926 0.8311 0.3346, 0.9132 0.8375 0.3346, 0.9202 0.835 0.3346
            ]
        }
        coordIndex [
            0,1,2,-1,2,1,3,-1,2,3,4,-1,4,5,2,-1,2,5,6,-1,2,6,7,-1,7,8,2,-1,2,8,9,-1,2,9,10,-1,10,11,2,-1,2,11,12,-1,2,12,13,-1,13,14,2,-1,2,14,15,-1,2,15,16,-1,16,15,17,-1,
        ]
    }
}
Shape{
    appearance Appearance {
        material  Material 	{
            diffuseColor 0.7529411764705882 0.7529411764705882 0.7529411764705882
            specularColor 0.3764705882352941 0.3764705882352941 0.3764705882352941
            ambientIntensity 0.7529
            transparency 0.0
            shininess 0.5
        }
    }
    geometry IndexedFaceSet {
        ccw TRUE
        solid FALSE
        coord DEF co Coordinate {
            point [
                0.9725 0.7987 0.3386, 0.9692 0.7897 0.3386, 0.9994 0.7987 0.3386, 1.0026 0.7897 0.3386, 0.9845 0.832 0.3386, 0.9806 0.8478 0.3386, 0.9501 0.7678 0.3386, 0.9615 0.7678 0.3386, 0.9852 0.8344 0.3386, 0.9858 0.8376 0.3386, 0.9917 0.8478 0.3386, 0.986 0.8376 0.3386, 0.9867 0.8342 0.3386, 0.9873 0.832 0.3386, 1.0221 0.7678 0.3386, 1.0107 0.7678 0.3386, 0.9917 0.8478 0.3346, 1.0221 0.7678 0.3346, 0.9806 0.8478 0.3346, 0.9501 0.7678 0.3346, 0.9615 0.7678 0.3346, 0.9692 0.7897 0.3346, 1.0026 0.7897 0.3346, 1.0107 0.7678 0.3346, 0.9725 0.7987 0.3346, 0.9994 0.7987 0.3346, 0.9873 0.832 0.3346, 0.986 0.8376 0.3346, 0.9867 0.8342 0.3346, 0.9858 0.8376 0.3346, 0.9845 0.832 0.3346, 0.9852 0.8344 0.3346
            ]
        }
        coordIndex [
            0,1,2,-1,2,1,3,-1,4,5,0,-1,0,5,6,-1,0,6,1,-1,1,6,7,-1,4,8,5,-1,5,8,9,-1,5,9,10,-1,10,9,11,-1,10,11,12,-1,12,13,10,-1,10,13,2,-1,10,2,14,-1,14,2,3,-1,14,3,15,-1,10,14,16,-1,16,14,17,-1,5,10,18,-1,18,10,16,-1,6,5,19,-1,19,5,18,-1,7,6,20,-1,20,6,19,-1,1,7,21,-1,21,7,20,-1,3,1,22,-1,22,1,21,-1,15,3,23,-1,23,3,22,-1,14,15,17,-1,17,15,23,-1,0,2,24,-1,24,2,25,-1,2,13,25,-1,25,13,26,-1,11,27,28,-1,11,28,12,-1,12,28,26,-1,12,26,13,-1,11,9,27,-1,27,9,29,-1,4,30,31,-1,4,31,8,-1,8,31,29,-1,8,29,9,-1,4,0,30,-1,30,0,24,-1,
        ]
    }
}
Shape{
    appearance Appearance {
        material  Material 	{
            diffuseColor 0.25098039215686274 0.25098039215686274 0.25098039215686274
            specularColor 0.12549019607843137 0.12549019607843137 0.12549019607843137
            ambientIntensity 0.251
            transparency 0.0
            shininess 0.5
        }
    }
    geometry IndexedFaceSet {
        ccw TRUE
        solid FALSE
        coord DEF co Coordinate {
            point [
                0.986 0.8376 0.3346, 0.9858 0.8376 0.3346, 0.9867 0.8342 0.3346, 0.9852 0.8344 0.3346, 0.9873 0.832 0.3346, 0.9845 0.832 0.3346, 0.9994 0.7987 0.3346, 0.9725 0.7987 0.3346
            ]
        }
        coordIndex [
            0,1,2,-1,2,1,3,-1,2,3,4,-1,4,3,5,-1,4,5,6,-1,6,5,7,-1,
        ]
    }
}
Shape{
    appearance Appearance {
        material  Material 	{
            diffuseColor 0.7529411764705882 0.7529411764705882 0.7529411764705882
            specularColor 0.3764705882352941 0.3764705882352941 0.3764705882352941
            ambientIntensity 0.7529
            transparency 0.0
            shininess 0.5
        }
    }
    geometry IndexedFaceSet {
        ccw TRUE
        solid FALSE
        coord DEF co Coordinate {
            point [
                0.2469 0.7565 0.3386, 0.2554 0.746 0.3386, 0.2418 0.8068 0.3386, 0.3522 0.7926 0.3386, 0.3046 0.8061 0.3386, 0.3092 0.8031 0.3386, 0.4319 0.8347 0.3386, 0.4143 0.8648 0.3386, 0.338 0.825 0.3386, 0.2993 0.808 0.3386, 0.2947 0.8085 0.3386, 0.3022 0.8439 0.3386, 0.2953 0.8444 0.3386, 0.2851 0.8063 0.3386, 0.2294 0.8144 0.3386, 0.2307 0.772 0.3386, 0.2412 0.7686 0.3386, 0.2801 0.7696 0.3386, 0.2846 0.7665 0.3386, 0.2665 0.7376 0.3386, 0.2899 0.7646 0.3386, 0.316 0.8405 0.3386, 0.2817 0.8427 0.3386, 0.2692 0.8379 0.3386, 0.2805 0.8033 0.3386, 0.2575 0.8298 0.3386, 0.2767 0.7993 0.3386, 0.2481 0.8191 0.3386, 0.274 0.7944 0.3386, 0.2727 0.7889 0.3386, 0.4507 0.891 0.3386, 0.4553 0.891 0.3386, 0.4786 0.9218 0.3386, 0.4661 0.8897 0.3386, 0.4826 0.9204 0.3386, 0.476 0.8859 0.3386, 0.4995 0.9117 0.3386, 0.5147 0.8984 0.3386, 0.2905 0.9098 0.3386, 0.2947 0.9075 0.3386, 0.2771 0.9491 0.3386, 0.3024 0.924 0.3386, 0.2887 0.9627 0.3386, 0.3148 0.9395 0.3386, 0.3021 0.9742 0.3386, 0.3305 0.9514 0.3386, 0.3159 0.9827 0.3386, 0.4262 0.7678 0.3386, 0.4285 0.7675 0.3386, 0.4331 0.8022 0.3386, 0.3422 0.9929 0.3386, 0.349 0.9592 0.3386, 0.3704 0.9964 0.3386, 0.4479 0.9668 0.3386, 0.4292 0.937 0.3386, 0.4665 0.9453 0.3386, 0.4411 0.9209 0.3386, 0.4487 0.902 0.3386, 0.2192 0.8249 0.3386, 0.1957 0.796 0.3386, 0.2105 0.7828 0.3386, 0.2093 0.8729 0.3386, 0.1721 0.8655 0.3386, 0.2076 0.8592 0.3386, 0.1718 0.858 0.3386, 0.2083 0.8505 0.3386, 0.1738 0.8388 0.3386, 0.2123 0.8365 0.3386, 0.1812 0.8175 0.3386, 0.193 0.799 0.3386, 0.2901 0.808 0.3386, 0.3281 0.834 0.3386, 0.4848 0.8797 0.3386, 0.4915 0.8723 0.3386, 0.526 0.882 0.3386, 0.4967 0.8625 0.3386, 0.5327 0.8646 0.3386, 0.4994 0.8515 0.3386, 0.535 0.8472 0.3386, 0.4997 0.8466 0.3386, 0.4587 0.8022 0.3386, 0.4621 0.7675 0.3386, 0.4688 0.8042 0.3386, 0.4796 0.771 0.3386, 0.4789 0.8088 0.3386, 0.4971 0.7792 0.3386, 0.4873 0.8157 0.3386, 0.5121 0.7913 0.3386, 0.4881 0.8165 0.3386, 0.5139 0.7931 0.3386, 0.4944 0.8254 0.3386, 0.5245 0.8075 0.3386, 0.4983 0.8356 0.3386, 0.5319 0.8254 0.3386, 0.5349 0.844 0.3386, 0.2777 0.9145 0.3386, 0.2705 0.9499 0.3386, 0.2645 0.9161 0.3386, 0.264 0.9502 0.3386, 0.2587 0.9158 0.3386, 0.2447 0.9482 0.3386, 0.2447 0.9125 0.3386, 0.2234 0.9408 0.3386, 0.232 0.9058 0.3386, 0.2042 0.9282 0.3386, 0.2221 0.8969 0.3386, 0.1985 0.9229 0.3386, 0.2142 0.8856 0.3386, 0.1864 0.908 0.3386, 0.1767 0.8879 0.3386, 0.2764 0.7737 0.3386, 0.274 0.7784 0.3386, 0.2727 0.7836 0.3386, 0.368 0.9621 0.3386, 0.371 0.9622 0.3386, 0.3939 0.9939 0.3386, 0.3887 0.9602 0.3386, 0.4225 0.9838 0.3386, 0.4067 0.9537 0.3386, 0.4229 0.943 0.3386, 0.3129 0.799 0.3386, 0.3154 0.7943 0.3386, 0.3522 0.7869 0.3386, 0.3168 0.7891 0.3386, 0.3519 0.781 0.3386, 0.3167 0.7835 0.3386, 0.3486 0.767 0.3386, 0.3153 0.7781 0.3386, 0.3419 0.7543 0.3386, 0.3126 0.7732 0.3386, 0.3331 0.7444 0.3386, 0.3088 0.7692 0.3386, 0.3217 0.7365 0.3386, 0.3044 0.7663 0.3386, 0.309 0.7316 0.3386, 0.2994 0.7646 0.3386, 0.2953 0.7299 0.3386, 0.2947 0.7641 0.3386, 0.2931 0.73 0.3386, 0.2796 0.7321 0.3386, 0.4121 0.7868 0.3386, 0.412 0.7851 0.3386, 0.4302 0.8028 0.3386, 0.4125 0.7812 0.3386, 0.4139 0.7773 0.3386, 0.4163 0.7737 0.3386, 0.4185 0.7715 0.3386, 0.4319 0.8024 0.3386, 0.4224 0.7691 0.3386, 0.4296 0.8028 0.3386, 0.4256 0.8023 0.3386, 0.4217 0.8009 0.3386, 0.4181 0.7985 0.3386, 0.4152 0.7952 0.3386, 0.4131 0.7912 0.3386, 0.5176 0.8941 0.3346, 0.526 0.882 0.3346, 0.5303 0.8706 0.3346, 0.5327 0.8646 0.3346, 0.535 0.8472 0.3346, 0.5147 0.8984 0.3346, 0.4995 0.9117 0.3346, 0.4826 0.9204 0.3346, 0.4786 0.9218 0.3346, 0.4665 0.9453 0.3346, 0.4479 0.9668 0.3346, 0.4348 0.9755 0.3346, 0.4225 0.9838 0.3346, 0.3939 0.9939 0.3346, 0.3704 0.9964 0.3346, 0.3422 0.9929 0.3346, 0.3159 0.9827 0.3346, 0.3044 0.9755 0.3346, 0.3021 0.9742 0.3346, 0.2887 0.9627 0.3346, 0.2771 0.9491 0.3346, 0.2705 0.9499 0.3346, 0.264 0.9502 0.3346, 0.2447 0.9482 0.3346, 0.2234 0.9408 0.3346, 0.2042 0.9282 0.3346, 0.1985 0.9229 0.3346, 0.1864 0.908 0.3346, 0.1797 0.8941 0.3346, 0.1767 0.8879 0.3346, 0.1731 0.8706 0.3346, 0.1721 0.8655 0.3346, 0.1718 0.858 0.3346, 0.1738 0.8388 0.3346, 0.1812 0.8175 0.3346, 0.193 0.799 0.3346, 0.1957 0.796 0.3346, 0.2105 0.7828 0.3346, 0.2307 0.772 0.3346, 0.2412 0.7686 0.3346, 0.2419 0.7671 0.3346, 0.2469 0.7565 0.3346, 0.2554 0.746 0.3346, 0.2665 0.7376 0.3346, 0.2718 0.7354 0.3346, 0.2796 0.7321 0.3346, 0.2931 0.73 0.3346, 0.2953 0.7299 0.3346, 0.3522 0.7869 0.3346, 0.309 0.7316 0.3346, 0.3189 0.7354 0.3346, 0.3217 0.7365 0.3346, 0.3331 0.7444 0.3346, 0.3419 0.7543 0.3346, 0.3486 0.767 0.3346, 0.3486 0.7671 0.3346, 0.3519 0.781 0.3346, 0.3522 0.7926 0.3346, 0.4319 0.8347 0.3346, 0.4143 0.8648 0.3346, 0.338 0.825 0.3346, 0.3281 0.834 0.3346, 0.316 0.8405 0.3346, 0.3022 0.8439 0.3346, 0.2953 0.8444 0.3346, 0.2817 0.8427 0.3346, 0.2692 0.8379 0.3346, 0.2575 0.8298 0.3346, 0.2481 0.8191 0.3346, 0.2418 0.8068 0.3346, 0.2294 0.8144 0.3346, 0.2192 0.8249 0.3346, 0.2123 0.8365 0.3346, 0.2083 0.8505 0.3346, 0.2076 0.8592 0.3346, 0.209 0.8706 0.3346, 0.2093 0.8729 0.3346, 0.2142 0.8856 0.3346, 0.2201 0.8941 0.3346, 0.2221 0.8969 0.3346, 0.232 0.9058 0.3346, 0.2447 0.9125 0.3346, 0.2587 0.9158 0.3346, 0.2645 0.9161 0.3346, 0.2777 0.9145 0.3346, 0.2905 0.9098 0.3346, 0.2947 0.9075 0.3346, 0.3024 0.924 0.3346, 0.3148 0.9395 0.3346, 0.3305 0.9514 0.3346, 0.349 0.9592 0.3346, 0.368 0.9621 0.3346, 0.371 0.9622 0.3346, 0.3887 0.9602 0.3346, 0.4067 0.9537 0.3346, 0.4229 0.943 0.3346, 0.4292 0.937 0.3346, 0.4411 0.9209 0.3346, 0.4487 0.902 0.3346, 0.4501 0.8941 0.3346, 0.4507 0.891 0.3346, 0.4553 0.891 0.3346, 0.4661 0.8897 0.3346, 0.476 0.8859 0.3346, 0.4848 0.8797 0.3346, 0.4915 0.8723 0.3346, 0.4924 0.8706 0.3346, 0.4967 0.8625 0.3346, 0.4994 0.8515 0.3346, 0.4997 0.8466 0.3346, 0.4983 0.8356 0.3346, 0.4944 0.8254 0.3346, 0.4881 0.8165 0.3346, 0.4873 0.8157 0.3346, 0.4789 0.8088 0.3346, 0.4688 0.8042 0.3346, 0.4587 0.8022 0.3346, 0.4331 0.8022 0.3346, 0.4319 0.8024 0.3346, 0.4302 0.8028 0.3346, 0.4296 0.8028 0.3346, 0.4256 0.8023 0.3346, 0.4217 0.8009 0.3346, 0.4181 0.7985 0.3346, 0.4152 0.7952 0.3346, 0.4131 0.7912 0.3346, 0.4121 0.7868 0.3346, 0.412 0.7851 0.3346, 0.4125 0.7812 0.3346, 0.4139 0.7773 0.3346, 0.4163 0.7737 0.3346, 0.4185 0.7715 0.3346, 0.4224 0.7691 0.3346, 0.4262 0.7678 0.3346, 0.4285 0.7675 0.3346, 0.4621 0.7675 0.3346, 0.4796 0.771 0.3346, 0.4971 0.7792 0.3346, 0.5121 0.7913 0.3346, 0.5139 0.7931 0.3346, 0.5245 0.8075 0.3346, 0.5319 0.8254 0.3346, 0.5349 0.844 0.3346, 0.2947 0.8085 0.3346, 0.2993 0.808 0.3346, 0.3046 0.8061 0.3346, 0.3092 0.8031 0.3346, 0.3129 0.799 0.3346, 0.3154 0.7943 0.3346, 0.3168 0.7891 0.3346, 0.3167 0.7835 0.3346, 0.3153 0.7781 0.3346, 0.3126 0.7732 0.3346, 0.3088 0.7692 0.3346, 0.3044 0.7663 0.3346, 0.2994 0.7646 0.3346, 0.2947 0.7641 0.3346, 0.2899 0.7646 0.3346, 0.2846 0.7665 0.3346, 0.2801 0.7696 0.3346, 0.2764 0.7737 0.3346, 0.274 0.7784 0.3346, 0.2727 0.7836 0.3346, 0.2727 0.7889 0.3346, 0.274 0.7944 0.3346, 0.2767 0.7993 0.3346, 0.2805 0.8033 0.3346, 0.2851 0.8063 0.3346, 0.2901 0.808 0.3346
            ]
        }
        coordIndex [
            0,1,2,-1,3,4,5,-1,6,7,8,-1,4,3,9,-1,9,3,6,-1,9,6,10,-1,11,12,13,-1,14,15,2,-1,2,15,16,-1,2,16,0,-1,17,1,18,-1,18,1,19,-1,18,19,20,-1,11,13,21,-1,12,22,13,-1,13,22,23,-1,13,23,24,-1,24,23,25,-1,24,25,26,-1,26,25,27,-1,26,27,28,-1,28,27,2,-1,28,2,29,-1,30,31,32,-1,32,31,33,-1,32,33,34,-1,34,33,35,-1,34,35,36,-1,36,35,37,-1,38,39,40,-1,40,39,41,-1,40,41,42,-1,42,41,43,-1,42,43,44,-1,44,43,45,-1,44,45,46,-1,47,48,49,-1,46,45,50,-1,50,45,51,-1,50,51,52,-1,53,54,55,-1,55,54,56,-1,55,56,32,-1,32,56,57,-1,32,57,30,-1,58,59,14,-1,14,59,60,-1,14,60,15,-1,61,62,63,-1,63,62,64,-1,63,64,65,-1,65,64,66,-1,65,66,67,-1,67,66,68,-1,67,68,58,-1,58,68,69,-1,58,69,59,-1,10,6,70,-1,70,6,8,-1,70,8,13,-1,13,8,71,-1,13,71,21,-1,35,72,37,-1,37,72,73,-1,37,73,74,-1,74,73,75,-1,74,75,76,-1,76,75,77,-1,76,77,78,-1,78,77,79,-1,49,48,80,-1,80,48,81,-1,80,81,82,-1,82,81,83,-1,82,83,84,-1,84,83,85,-1,84,85,86,-1,86,85,87,-1,86,87,88,-1,88,87,89,-1,88,89,90,-1,90,89,91,-1,90,91,92,-1,92,91,93,-1,92,93,79,-1,79,93,94,-1,79,94,78,-1,38,40,95,-1,95,40,96,-1,95,96,97,-1,97,96,98,-1,97,98,99,-1,99,98,100,-1,99,100,101,-1,101,100,102,-1,101,102,103,-1,103,102,104,-1,103,104,105,-1,105,104,106,-1,105,106,107,-1,107,106,108,-1,107,108,61,-1,61,108,109,-1,61,109,62,-1,17,110,1,-1,1,110,111,-1,1,111,2,-1,2,111,112,-1,2,112,29,-1,51,113,52,-1,52,113,114,-1,52,114,115,-1,115,114,116,-1,115,116,117,-1,117,116,118,-1,117,118,53,-1,53,118,119,-1,53,119,54,-1,5,120,3,-1,3,120,121,-1,3,121,122,-1,122,121,123,-1,122,123,124,-1,124,123,125,-1,124,125,126,-1,126,125,127,-1,126,127,128,-1,128,127,129,-1,128,129,130,-1,130,129,131,-1,130,131,132,-1,132,131,133,-1,132,133,134,-1,134,133,135,-1,134,135,136,-1,136,135,137,-1,136,137,138,-1,138,137,20,-1,138,20,139,-1,139,20,19,-1,140,141,142,-1,142,141,143,-1,143,144,142,-1,142,144,145,-1,142,145,146,-1,49,147,47,-1,47,147,142,-1,47,142,148,-1,148,142,146,-1,142,149,140,-1,140,149,150,-1,140,150,151,-1,151,152,140,-1,140,152,153,-1,140,153,154,-1,155,37,156,-1,156,37,74,-1,156,74,157,-1,157,74,76,-1,157,76,158,-1,158,76,78,-1,158,78,159,-1,155,160,37,-1,37,160,161,-1,37,161,36,-1,36,161,162,-1,36,162,34,-1,34,162,163,-1,34,163,32,-1,32,163,164,-1,32,164,55,-1,55,164,165,-1,55,165,53,-1,117,53,166,-1,166,53,165,-1,166,167,117,-1,117,167,168,-1,117,168,115,-1,115,168,169,-1,115,169,52,-1,52,169,170,-1,52,170,50,-1,50,170,171,-1,50,171,46,-1,46,171,44,-1,44,171,172,-1,44,172,173,-1,44,173,174,-1,44,174,42,-1,42,174,175,-1,42,175,40,-1,40,175,176,-1,40,176,96,-1,96,176,177,-1,96,177,98,-1,98,177,178,-1,98,178,100,-1,100,178,179,-1,100,179,102,-1,102,179,180,-1,102,180,104,-1,104,180,181,-1,104,181,106,-1,109,108,182,-1,182,108,106,-1,182,106,181,-1,182,183,109,-1,109,183,184,-1,109,184,62,-1,62,184,185,-1,185,186,62,-1,62,186,187,-1,62,187,64,-1,64,187,188,-1,64,188,66,-1,66,188,189,-1,66,189,68,-1,68,189,190,-1,68,190,69,-1,69,190,191,-1,69,191,59,-1,59,191,192,-1,59,192,60,-1,60,192,193,-1,60,193,15,-1,15,193,194,-1,15,194,16,-1,16,194,195,-1,16,195,0,-1,195,196,0,-1,0,196,197,-1,0,197,1,-1,1,197,198,-1,1,198,19,-1,19,198,199,-1,19,199,139,-1,199,200,139,-1,139,200,201,-1,139,201,138,-1,138,201,202,-1,138,202,136,-1,203,122,124,-1,136,202,204,-1,205,132,204,-1,204,132,134,-1,204,134,136,-1,205,206,132,-1,132,206,207,-1,132,207,130,-1,130,207,208,-1,130,208,128,-1,128,208,209,-1,128,209,126,-1,126,209,210,-1,126,210,124,-1,124,210,211,-1,124,211,203,-1,3,122,212,-1,212,122,203,-1,6,3,213,-1,213,3,212,-1,7,6,214,-1,214,6,213,-1,8,7,215,-1,215,7,214,-1,8,215,216,-1,8,216,71,-1,71,216,217,-1,71,217,21,-1,21,217,218,-1,21,218,11,-1,11,218,219,-1,11,219,12,-1,12,219,220,-1,12,220,22,-1,22,220,221,-1,22,221,23,-1,23,221,222,-1,23,222,25,-1,25,222,223,-1,25,223,27,-1,27,223,224,-1,27,224,2,-1,2,224,225,-1,2,225,14,-1,14,225,226,-1,14,226,58,-1,58,226,227,-1,58,227,67,-1,67,227,228,-1,67,228,65,-1,65,228,229,-1,65,229,63,-1,63,229,230,-1,63,230,61,-1,61,230,231,-1,61,231,232,-1,233,105,232,-1,232,105,107,-1,232,107,61,-1,233,234,105,-1,105,234,235,-1,105,235,103,-1,103,235,236,-1,103,236,101,-1,101,236,237,-1,101,237,99,-1,99,237,238,-1,99,238,97,-1,97,238,239,-1,97,239,95,-1,95,239,240,-1,95,240,38,-1,38,240,241,-1,38,241,39,-1,39,241,242,-1,39,242,41,-1,41,242,243,-1,41,243,43,-1,43,243,244,-1,43,244,45,-1,45,244,245,-1,45,245,51,-1,51,245,246,-1,51,246,113,-1,113,246,247,-1,113,247,114,-1,114,247,248,-1,114,248,116,-1,116,248,249,-1,116,249,118,-1,118,249,250,-1,118,250,119,-1,119,250,251,-1,119,251,54,-1,54,251,252,-1,54,252,56,-1,56,252,253,-1,56,253,57,-1,57,253,30,-1,30,253,254,-1,30,254,255,-1,31,30,256,-1,256,30,255,-1,31,256,257,-1,31,257,33,-1,33,257,258,-1,33,258,35,-1,35,258,259,-1,35,259,72,-1,72,259,260,-1,72,260,73,-1,73,260,261,-1,73,261,75,-1,261,262,75,-1,75,262,263,-1,75,263,77,-1,77,263,264,-1,77,264,79,-1,79,264,265,-1,79,265,92,-1,92,265,266,-1,92,266,90,-1,90,266,267,-1,90,267,88,-1,88,267,268,-1,88,268,86,-1,86,268,269,-1,86,269,84,-1,84,269,270,-1,84,270,82,-1,82,270,271,-1,82,271,80,-1,49,80,272,-1,272,80,271,-1,49,272,273,-1,49,273,147,-1,147,273,274,-1,147,274,142,-1,142,274,275,-1,142,275,149,-1,149,275,276,-1,149,276,150,-1,150,276,277,-1,150,277,151,-1,151,277,278,-1,151,278,152,-1,152,278,279,-1,152,279,153,-1,153,279,280,-1,153,280,154,-1,154,280,281,-1,154,281,140,-1,140,281,282,-1,140,282,141,-1,141,282,283,-1,141,283,143,-1,143,283,284,-1,143,284,144,-1,144,284,285,-1,144,285,145,-1,145,285,286,-1,145,286,146,-1,146,286,287,-1,146,287,148,-1,148,287,288,-1,148,288,47,-1,47,288,289,-1,47,289,48,-1,81,48,290,-1,290,48,289,-1,81,290,291,-1,81,291,83,-1,83,291,292,-1,83,292,85,-1,85,292,293,-1,85,293,87,-1,87,293,294,-1,87,294,89,-1,89,294,295,-1,89,295,91,-1,91,295,296,-1,91,296,93,-1,93,296,297,-1,93,297,94,-1,94,297,159,-1,94,159,78,-1,10,298,299,-1,10,299,9,-1,9,299,300,-1,9,300,4,-1,4,300,301,-1,4,301,5,-1,5,301,302,-1,5,302,120,-1,120,302,303,-1,120,303,121,-1,121,303,304,-1,121,304,123,-1,123,304,305,-1,123,305,125,-1,125,305,306,-1,125,306,127,-1,127,306,307,-1,127,307,129,-1,129,307,308,-1,129,308,131,-1,131,308,309,-1,131,309,133,-1,133,309,310,-1,133,310,135,-1,135,310,311,-1,135,311,137,-1,137,311,312,-1,137,312,20,-1,20,312,313,-1,20,313,18,-1,18,313,314,-1,18,314,17,-1,17,314,315,-1,17,315,110,-1,110,315,316,-1,110,316,111,-1,111,316,317,-1,111,317,112,-1,112,317,318,-1,112,318,29,-1,29,318,319,-1,29,319,28,-1,28,319,320,-1,28,320,26,-1,26,320,321,-1,26,321,24,-1,24,321,322,-1,24,322,13,-1,13,322,323,-1,13,323,70,-1,70,323,298,-1,70,298,10,-1,
        ]
    }
}
Shape{
    appearance Appearance {
        material  Material 	{
            diffuseColor 0.25098039215686274 0.25098039215686274 0.25098039215686274
            specularColor 0.12549019607843137 0.12549019607843137 0.12549019607843137
            ambientIntensity 0.251
            transparency 0.0
            shininess 0.5
        }
    }
    geometry IndexedFaceSet {
        ccw TRUE
        solid FALSE
        coord DEF co Coordinate {
            point [
                0.2901 0.808 0.3346, 0.2947 0.7641 0.3346, 0.2947 0.8085 0.3346, 0.2994 0.7646 0.3346, 0.2993 0.808 0.3346, 0.2727 0.7836 0.3346, 0.274 0.7784 0.3346, 0.2764 0.7737 0.3346, 0.2801 0.7696 0.3346, 0.3154 0.7943 0.3346, 0.3129 0.799 0.3346, 0.3088 0.7692 0.3346, 0.3092 0.8031 0.3346, 0.2846 0.7665 0.3346, 0.2899 0.7646 0.3346, 0.3153 0.7781 0.3346, 0.3167 0.7835 0.3346, 0.3168 0.7891 0.3346, 0.3044 0.7663 0.3346, 0.3046 0.8061 0.3346, 0.2851 0.8063 0.3346, 0.2805 0.8033 0.3346, 0.2727 0.7889 0.3346, 0.2767 0.7993 0.3346, 0.274 0.7944 0.3346, 0.3126 0.7732 0.3346
            ]
        }
        coordIndex [
            0,1,2,-1,2,1,3,-1,2,3,4,-1,5,6,0,-1,0,6,7,-1,0,7,8,-1,9,10,11,-1,11,10,12,-1,8,13,0,-1,0,13,14,-1,0,14,1,-1,15,16,17,-1,3,18,4,-1,4,18,11,-1,4,11,19,-1,19,11,12,-1,0,20,5,-1,5,20,21,-1,5,21,22,-1,22,21,23,-1,22,23,24,-1,9,11,17,-1,17,11,25,-1,17,25,15,-1,
        ]
    }
}
Shape{
    appearance Appearance {
        material  Material 	{
            diffuseColor 1.0 1.0 1.0
            specularColor 0.5019607843137255 0.5019607843137255 0.5019607843137255
            ambientIntensity 1.0
            transparency 0.0
            shininess 0.5
        }
    }
    geometry IndexedFaceSet {
        ccw TRUE
        solid FALSE
        coord DEF co Coordinate {
            point [
                -0.9055 -1.0551 0.0, -0.9055 -1.0551 0.0787, -0.905 -1.0496 0.0787, -0.905 -1.0496 0.0, -0.9036 -1.0443 0.0787, -0.9036 -1.0443 0.0, -0.9013 -1.0394 0.0787, -0.9013 -1.0394 0.0, -0.8981 -1.0349 0.0787, -0.8981 -1.0349 0.0, -0.8942 -1.031 0.0787, -0.8942 -1.031 0.0, -0.8897 -1.0278 0.0787, -0.8897 -1.0278 0.0, -0.8848 -1.0255 0.0787, -0.8848 -1.0255 0.0, -0.8795 -1.0241 0.0787, -0.8795 -1.0241 0.0, -0.874 -1.0236 0.0787, -0.874 -1.0236 0.0, -0.8582 -1.0236 0.0, -0.8582 -1.0236 0.0787, -0.8528 -1.0241 0.0787, -0.8528 -1.0241 0.0, -0.8475 -1.0255 0.0787, -0.8475 -1.0255 0.0, -0.8425 -1.0278 0.0787, -0.8425 -1.0278 0.0, -0.838 -1.031 0.0787, -0.838 -1.031 0.0, -0.8341 -1.0349 0.0787, -0.8341 -1.0349 0.0, -0.831 -1.0394 0.0787, -0.831 -1.0394 0.0, -0.8286 -1.0443 0.0787, -0.8286 -1.0443 0.0, -0.8272 -1.0496 0.0787, -0.8272 -1.0496 0.0, -0.8267 -1.0551 0.0787, -0.8267 -1.0551 0.0, -0.8267 -1.1811 0.0, -0.8267 -1.1811 0.0787, -0.9055 -1.1811 0.0, -0.9055 -1.1811 0.0787, -0.6693 1.1811 0.0, -0.748 1.1811 0.0, -0.6693 1.1811 0.0787, -0.748 1.1811 0.0787, -0.6693 1.0551 0.0, -0.6693 1.0551 0.0787, -0.6697 1.0497 0.0787, -0.6697 1.0497 0.0, -0.6712 1.0444 0.0787, -0.6712 1.0444 0.0, -0.6735 1.0394 0.0787, -0.6735 1.0394 0.0, -0.6766 1.0349 0.0787, -0.6766 1.0349 0.0, -0.6805 1.031 0.0787, -0.6805 1.031 0.0, -0.685 1.0279 0.0787, -0.685 1.0279 0.0, -0.69 1.0255 0.0787, -0.69 1.0255 0.0, -0.6953 1.0241 0.0787, -0.6953 1.0241 0.0, -0.7008 1.0236 0.0787, -0.7008 1.0236 0.0, -0.7165 1.0236 0.0, -0.7165 1.0236 0.0787, -0.722 1.0241 0.0787, -0.722 1.0241 0.0, -0.7273 1.0255 0.0787, -0.7273 1.0255 0.0, -0.7323 1.0279 0.0787, -0.7323 1.0279 0.0, -0.7368 1.031 0.0787, -0.7368 1.031 0.0, -0.7406 1.0349 0.0787, -0.7406 1.0349 0.0, -0.7438 1.0394 0.0787, -0.7438 1.0394 0.0, -0.7461 1.0444 0.0787, -0.7461 1.0444 0.0, -0.7475 1.0497 0.0787, -0.7475 1.0497 0.0, -0.748 1.0551 0.0787, -0.748 1.0551 0.0, -0.748 -1.0551 0.0, -0.748 -1.0551 0.0787, -0.7475 -1.0496 0.0787, -0.7475 -1.0496 0.0, -0.7461 -1.0443 0.0787, -0.7461 -1.0443 0.0, -0.7438 -1.0394 0.0787, -0.7438 -1.0394 0.0, -0.7406 -1.0349 0.0787, -0.7406 -1.0349 0.0, -0.7368 -1.031 0.0787, -0.7368 -1.031 0.0, -0.7323 -1.0278 0.0787, -0.7323 -1.0278 0.0, -0.7273 -1.0255 0.0787, -0.7273 -1.0255 0.0, -0.722 -1.0241 0.0787, -0.722 -1.0241 0.0, -0.7165 -1.0236 0.0787, -0.7165 -1.0236 0.0, -0.7008 -1.0236 0.0, -0.7008 -1.0236 0.0787, -0.6953 -1.0241 0.0787, -0.6953 -1.0241 0.0, -0.69 -1.0255 0.0787, -0.69 -1.0255 0.0, -0.685 -1.0278 0.0787, -0.685 -1.0278 0.0, -0.6805 -1.031 0.0787, -0.6805 -1.031 0.0, -0.6766 -1.0349 0.0787, -0.6766 -1.0349 0.0, -0.6735 -1.0394 0.0787, -0.6735 -1.0394 0.0, -0.6712 -1.0443 0.0787, -0.6712 -1.0443 0.0, -0.6697 -1.0496 0.0787, -0.6697 -1.0496 0.0, -0.6693 -1.0551 0.0787, -0.6693 -1.0551 0.0, -0.6693 -1.1811 0.0, -0.6693 -1.1811 0.0787, -0.748 -1.1811 0.0, -0.748 -1.1811 0.0787, -0.5118 1.1811 0.0, -0.5905 1.1811 0.0, -0.5118 1.1811 0.0787, -0.5905 1.1811 0.0787, -0.5118 1.0551 0.0, -0.5118 1.0551 0.0787, -0.5123 1.0497 0.0787, -0.5123 1.0497 0.0, -0.5137 1.0444 0.0787, -0.5137 1.0444 0.0, -0.516 1.0394 0.0787, -0.516 1.0394 0.0, -0.5191 1.0349 0.0787, -0.5191 1.0349 0.0, -0.523 1.031 0.0787, -0.523 1.031 0.0, -0.5275 1.0279 0.0787, -0.5275 1.0279 0.0, -0.5325 1.0255 0.0787, -0.5325 1.0255 0.0, -0.5378 1.0241 0.0787, -0.5378 1.0241 0.0, -0.5433 1.0236 0.0787, -0.5433 1.0236 0.0, -0.559 1.0236 0.0, -0.559 1.0236 0.0787, -0.5645 1.0241 0.0787, -0.5645 1.0241 0.0, -0.5698 1.0255 0.0787, -0.5698 1.0255 0.0, -0.5748 1.0279 0.0787, -0.5748 1.0279 0.0, -0.5793 1.031 0.0787, -0.5793 1.031 0.0, -0.5832 1.0349 0.0787, -0.5832 1.0349 0.0, -0.5863 1.0394 0.0787, -0.5863 1.0394 0.0, -0.5886 1.0444 0.0787, -0.5886 1.0444 0.0, -0.59 1.0497 0.0787, -0.59 1.0497 0.0, -0.5905 1.0551 0.0787, -0.5905 1.0551 0.0, -0.5905 -1.0551 0.0, -0.5905 -1.0551 0.0787, -0.59 -1.0496 0.0787, -0.59 -1.0496 0.0, -0.5886 -1.0443 0.0787, -0.5886 -1.0443 0.0, -0.5863 -1.0394 0.0787, -0.5863 -1.0394 0.0, -0.5832 -1.0349 0.0787, -0.5832 -1.0349 0.0, -0.5793 -1.031 0.0787, -0.5793 -1.031 0.0, -0.5748 -1.0278 0.0787, -0.5748 -1.0278 0.0, -0.5698 -1.0255 0.0787, -0.5698 -1.0255 0.0, -0.5645 -1.0241 0.0787, -0.5645 -1.0241 0.0, -0.559 -1.0236 0.0787, -0.559 -1.0236 0.0, -0.5433 -1.0236 0.0, -0.5433 -1.0236 0.0787, -0.5378 -1.0241 0.0787, -0.5378 -1.0241 0.0, -0.5325 -1.0255 0.0787, -0.5325 -1.0255 0.0, -0.5275 -1.0278 0.0787, -0.5275 -1.0278 0.0, -0.523 -1.031 0.0787, -0.523 -1.031 0.0, -0.5191 -1.0349 0.0787, -0.5191 -1.0349 0.0, -0.516 -1.0394 0.0787, -0.516 -1.0394 0.0, -0.5137 -1.0443 0.0787, -0.5137 -1.0443 0.0, -0.5123 -1.0496 0.0787, -0.5123 -1.0496 0.0, -0.5118 -1.0551 0.0787, -0.5118 -1.0551 0.0, -0.5118 -1.1811 0.0, -0.5118 -1.1811 0.0787, -0.5905 -1.1811 0.0, -0.5905 -1.1811 0.0787, -0.3543 1.1811 0.0, -0.433 1.1811 0.0, -0.3543 1.1811 0.0787, -0.433 1.1811 0.0787, -0.3543 1.0551 0.0, -0.3543 1.0551 0.0787, -0.3548 1.0497 0.0787, -0.3548 1.0497 0.0, -0.3562 1.0444 0.0787, -0.3562 1.0444 0.0, -0.3585 1.0394 0.0787, -0.3585 1.0394 0.0, -0.3617 1.0349 0.0787, -0.3617 1.0349 0.0, -0.3656 1.031 0.0787, -0.3656 1.031 0.0, -0.37 1.0279 0.0787, -0.37 1.0279 0.0, -0.375 1.0255 0.0787, -0.375 1.0255 0.0, -0.3803 1.0241 0.0787, -0.3803 1.0241 0.0, -0.3858 1.0236 0.0787, -0.3858 1.0236 0.0, -0.4015 1.0236 0.0, -0.4015 1.0236 0.0787, -0.407 1.0241 0.0787, -0.407 1.0241 0.0, -0.4123 1.0255 0.0787, -0.4123 1.0255 0.0, -0.4173 1.0279 0.0787, -0.4173 1.0279 0.0, -0.4218 1.031 0.0787, -0.4218 1.031 0.0, -0.4257 1.0349 0.0787, -0.4257 1.0349 0.0, -0.4288 1.0394 0.0787, -0.4288 1.0394 0.0, -0.4311 1.0444 0.0787, -0.4311 1.0444 0.0, -0.4326 1.0497 0.0787, -0.4326 1.0497 0.0, -0.433 1.0551 0.0787, -0.433 1.0551 0.0, -0.433 -1.0551 0.0, -0.433 -1.0551 0.0787, -0.4326 -1.0496 0.0787, -0.4326 -1.0496 0.0, -0.4311 -1.0443 0.0787, -0.4311 -1.0443 0.0, -0.4288 -1.0394 0.0787, -0.4288 -1.0394 0.0, -0.4257 -1.0349 0.0787, -0.4257 -1.0349 0.0, -0.4218 -1.031 0.0787, -0.4218 -1.031 0.0, -0.4173 -1.0278 0.0787, -0.4173 -1.0278 0.0, -0.4123 -1.0255 0.0787, -0.4123 -1.0255 0.0, -0.407 -1.0241 0.0787, -0.407 -1.0241 0.0, -0.4015 -1.0236 0.0787, -0.4015 -1.0236 0.0, -0.3858 -1.0236 0.0, -0.3858 -1.0236 0.0787, -0.3803 -1.0241 0.0787, -0.3803 -1.0241 0.0, -0.375 -1.0255 0.0787, -0.375 -1.0255 0.0, -0.37 -1.0278 0.0787, -0.37 -1.0278 0.0, -0.3656 -1.031 0.0787, -0.3656 -1.031 0.0, -0.3617 -1.0349 0.0787, -0.3617 -1.0349 0.0, -0.3585 -1.0394 0.0787, -0.3585 -1.0394 0.0, -0.3562 -1.0443 0.0787, -0.3562 -1.0443 0.0, -0.3548 -1.0496 0.0787, -0.3548 -1.0496 0.0, -0.3543 -1.0551 0.0787, -0.3543 -1.0551 0.0, -0.3543 -1.1811 0.0, -0.3543 -1.1811 0.0787, -0.433 -1.1811 0.0, -0.433 -1.1811 0.0787, -0.1968 1.1811 0.0, -0.2756 1.1811 0.0, -0.1968 1.1811 0.0787, -0.2756 1.1811 0.0787, -0.1968 1.0551 0.0, -0.1968 1.0551 0.0787, -0.1973 1.0497 0.0787, -0.1973 1.0497 0.0, -0.1987 1.0444 0.0787, -0.1987 1.0444 0.0, -0.201 1.0394 0.0787, -0.201 1.0394 0.0, -0.2042 1.0349 0.0787, -0.2042 1.0349 0.0, -0.2081 1.031 0.0787, -0.2081 1.031 0.0, -0.2126 1.0279 0.0787, -0.2126 1.0279 0.0, -0.2175 1.0255 0.0787, -0.2175 1.0255 0.0, -0.2228 1.0241 0.0787, -0.2228 1.0241 0.0, -0.2283 1.0236 0.0787, -0.2283 1.0236 0.0, -0.2441 1.0236 0.0, -0.2441 1.0236 0.0787, -0.2495 1.0241 0.0787, -0.2495 1.0241 0.0, -0.2548 1.0255 0.0787, -0.2548 1.0255 0.0, -0.2598 1.0279 0.0787, -0.2598 1.0279 0.0, -0.2643 1.031 0.0787, -0.2643 1.031 0.0, -0.2682 1.0349 0.0787, -0.2682 1.0349 0.0, -0.2713 1.0394 0.0787, -0.2713 1.0394 0.0, -0.2737 1.0444 0.0787, -0.2737 1.0444 0.0, -0.2751 1.0497 0.0787, -0.2751 1.0497 0.0, -0.2756 1.0551 0.0787, -0.2756 1.0551 0.0, -0.2756 -1.0551 0.0, -0.2756 -1.0551 0.0787, -0.2751 -1.0496 0.0787, -0.2751 -1.0496 0.0, -0.2737 -1.0443 0.0787, -0.2737 -1.0443 0.0, -0.2713 -1.0394 0.0787, -0.2713 -1.0394 0.0, -0.2682 -1.0349 0.0787, -0.2682 -1.0349 0.0, -0.2643 -1.031 0.0787, -0.2643 -1.031 0.0, -0.2598 -1.0278 0.0787, -0.2598 -1.0278 0.0, -0.2548 -1.0255 0.0787, -0.2548 -1.0255 0.0, -0.2495 -1.0241 0.0787, -0.2495 -1.0241 0.0, -0.2441 -1.0236 0.0787, -0.2441 -1.0236 0.0, -0.2283 -1.0236 0.0, -0.2283 -1.0236 0.0787, -0.2228 -1.0241 0.0787, -0.2228 -1.0241 0.0, -0.2175 -1.0255 0.0787, -0.2175 -1.0255 0.0, -0.2126 -1.0278 0.0787, -0.2126 -1.0278 0.0, -0.2081 -1.031 0.0787, -0.2081 -1.031 0.0, -0.2042 -1.0349 0.0787, -0.2042 -1.0349 0.0, -0.201 -1.0394 0.0787, -0.201 -1.0394 0.0, -0.1987 -1.0443 0.0787, -0.1987 -1.0443 0.0, -0.1973 -1.0496 0.0787, -0.1973 -1.0496 0.0, -0.1968 -1.0551 0.0787, -0.1968 -1.0551 0.0, -0.1968 -1.1811 0.0, -0.1968 -1.1811 0.0787, -0.2756 -1.1811 0.0, -0.2756 -1.1811 0.0787, -0.0393 1.1811 0.0, -0.1181 1.1811 0.0, -0.0393 1.1811 0.0787, -0.1181 1.1811 0.0787, -0.0393 1.0551 0.0, -0.0393 1.0551 0.0787, -0.0398 1.0497 0.0787, -0.0398 1.0497 0.0, -0.0412 1.0444 0.0787, -0.0412 1.0444 0.0, -0.0436 1.0394 0.0787, -0.0436 1.0394 0.0, -0.0467 1.0349 0.0787, -0.0467 1.0349 0.0, -0.0506 1.031 0.0787, -0.0506 1.031 0.0, -0.0551 1.0279 0.0787, -0.0551 1.0279 0.0, -0.0601 1.0255 0.0787, -0.0601 1.0255 0.0, -0.0654 1.0241 0.0787, -0.0654 1.0241 0.0, -0.0708 1.0236 0.0787, -0.0708 1.0236 0.0, -0.0866 1.0236 0.0, -0.0866 1.0236 0.0787, -0.0921 1.0241 0.0787, -0.0921 1.0241 0.0, -0.0974 1.0255 0.0787, -0.0974 1.0255 0.0, -0.1023 1.0279 0.0787, -0.1023 1.0279 0.0, -0.1068 1.031 0.0787, -0.1068 1.031 0.0, -0.1107 1.0349 0.0787, -0.1107 1.0349 0.0, -0.1139 1.0394 0.0787, -0.1139 1.0394 0.0, -0.1162 1.0444 0.0787, -0.1162 1.0444 0.0, -0.1176 1.0497 0.0787, -0.1176 1.0497 0.0, -0.1181 1.0551 0.0787, -0.1181 1.0551 0.0, -0.1181 -1.0551 0.0, -0.1181 -1.0551 0.0787, -0.1176 -1.0496 0.0787, -0.1176 -1.0496 0.0, -0.1162 -1.0443 0.0787, -0.1162 -1.0443 0.0, -0.1139 -1.0394 0.0787, -0.1139 -1.0394 0.0, -0.1107 -1.0349 0.0787, -0.1107 -1.0349 0.0, -0.1068 -1.031 0.0787, -0.1068 -1.031 0.0, -0.1023 -1.0278 0.0787, -0.1023 -1.0278 0.0, -0.0974 -1.0255 0.0787, -0.0974 -1.0255 0.0, -0.0921 -1.0241 0.0787, -0.0921 -1.0241 0.0, -0.0866 -1.0236 0.0787, -0.0866 -1.0236 0.0, -0.0708 -1.0236 0.0, -0.0708 -1.0236 0.0787, -0.0654 -1.0241 0.0787, -0.0654 -1.0241 0.0, -0.0601 -1.0255 0.0787, -0.0601 -1.0255 0.0, -0.0551 -1.0278 0.0787, -0.0551 -1.0278 0.0, -0.0506 -1.031 0.0787, -0.0506 -1.031 0.0, -0.0467 -1.0349 0.0787, -0.0467 -1.0349 0.0, -0.0436 -1.0394 0.0787, -0.0436 -1.0394 0.0, -0.0412 -1.0443 0.0787, -0.0412 -1.0443 0.0, -0.0398 -1.0496 0.0787, -0.0398 -1.0496 0.0, -0.0393 -1.0551 0.0787, -0.0393 -1.0551 0.0, -0.0393 -1.1811 0.0, -0.0393 -1.1811 0.0787, -0.1181 -1.1811 0.0, -0.1181 -1.1811 0.0787, 0.1181 1.1811 0.0, 0.0394 1.1811 0.0, 0.1181 1.1811 0.0787, 0.0394 1.1811 0.0787, 0.1181 1.0551 0.0, 0.1181 1.0551 0.0787, 0.1177 1.0497 0.0787, 0.1177 1.0497 0.0, 0.1162 1.0444 0.0787, 0.1162 1.0444 0.0, 0.1139 1.0394 0.0787, 0.1139 1.0394 0.0, 0.1108 1.0349 0.0787, 0.1108 1.0349 0.0, 0.1069 1.031 0.0787, 0.1069 1.031 0.0, 0.1024 1.0279 0.0787, 0.1024 1.0279 0.0, 0.0974 1.0255 0.0787, 0.0974 1.0255 0.0, 0.0921 1.0241 0.0787, 0.0921 1.0241 0.0, 0.0866 1.0236 0.0787, 0.0866 1.0236 0.0, 0.0709 1.0236 0.0, 0.0709 1.0236 0.0787, 0.0654 1.0241 0.0787, 0.0654 1.0241 0.0, 0.0601 1.0255 0.0787, 0.0601 1.0255 0.0, 0.0551 1.0279 0.0787, 0.0551 1.0279 0.0, 0.0507 1.031 0.0787, 0.0507 1.031 0.0, 0.0468 1.0349 0.0787, 0.0468 1.0349 0.0, 0.0436 1.0394 0.0787, 0.0436 1.0394 0.0, 0.0413 1.0444 0.0787, 0.0413 1.0444 0.0, 0.0399 1.0497 0.0787, 0.0399 1.0497 0.0, 0.0394 1.0551 0.0787, 0.0394 1.0551 0.0, 0.0394 -1.0551 0.0, 0.0394 -1.0551 0.0787, 0.0399 -1.0496 0.0787, 0.0399 -1.0496 0.0, 0.0413 -1.0443 0.0787, 0.0413 -1.0443 0.0, 0.0436 -1.0394 0.0787, 0.0436 -1.0394 0.0, 0.0468 -1.0349 0.0787, 0.0468 -1.0349 0.0, 0.0507 -1.031 0.0787, 0.0507 -1.031 0.0, 0.0551 -1.0278 0.0787, 0.0551 -1.0278 0.0, 0.0601 -1.0255 0.0787, 0.0601 -1.0255 0.0, 0.0654 -1.0241 0.0787, 0.0654 -1.0241 0.0, 0.0709 -1.0236 0.0787, 0.0709 -1.0236 0.0, 0.0866 -1.0236 0.0, 0.0866 -1.0236 0.0787, 0.0921 -1.0241 0.0787, 0.0921 -1.0241 0.0, 0.0974 -1.0255 0.0787, 0.0974 -1.0255 0.0, 0.1024 -1.0278 0.0787, 0.1024 -1.0278 0.0, 0.1069 -1.031 0.0787, 0.1069 -1.031 0.0, 0.1108 -1.0349 0.0787, 0.1108 -1.0349 0.0, 0.1139 -1.0394 0.0787, 0.1139 -1.0394 0.0, 0.1162 -1.0443 0.0787, 0.1162 -1.0443 0.0, 0.1177 -1.0496 0.0787, 0.1177 -1.0496 0.0, 0.1181 -1.0551 0.0787, 0.1181 -1.0551 0.0, 0.1181 -1.1811 0.0, 0.1181 -1.1811 0.0787, 0.0394 -1.1811 0.0, 0.0394 -1.1811 0.0787, 0.2756 1.1811 0.0, 0.1969 1.1811 0.0, 0.2756 1.1811 0.0787, 0.1969 1.1811 0.0787, 0.2756 1.0551 0.0, 0.2756 1.0551 0.0787, 0.2751 1.0497 0.0787, 0.2751 1.0497 0.0, 0.2737 1.0444 0.0787, 0.2737 1.0444 0.0, 0.2714 1.0394 0.0787, 0.2714 1.0394 0.0, 0.2683 1.0349 0.0787, 0.2683 1.0349 0.0, 0.2644 1.031 0.0787, 0.2644 1.031 0.0, 0.2599 1.0279 0.0787, 0.2599 1.0279 0.0, 0.2549 1.0255 0.0787, 0.2549 1.0255 0.0, 0.2496 1.0241 0.0787, 0.2496 1.0241 0.0, 0.2441 1.0236 0.0787, 0.2441 1.0236 0.0, 0.2284 1.0236 0.0, 0.2284 1.0236 0.0787, 0.2229 1.0241 0.0787, 0.2229 1.0241 0.0, 0.2176 1.0255 0.0787, 0.2176 1.0255 0.0, 0.2126 1.0279 0.0787, 0.2126 1.0279 0.0, 0.2081 1.031 0.0787, 0.2081 1.031 0.0, 0.2042 1.0349 0.0787, 0.2042 1.0349 0.0, 0.2011 1.0394 0.0787, 0.2011 1.0394 0.0, 0.1988 1.0444 0.0787, 0.1988 1.0444 0.0, 0.1974 1.0497 0.0787, 0.1974 1.0497 0.0, 0.1969 1.0551 0.0787, 0.1969 1.0551 0.0, 0.1969 -1.0551 0.0, 0.1969 -1.0551 0.0787, 0.1974 -1.0496 0.0787, 0.1974 -1.0496 0.0, 0.1988 -1.0443 0.0787, 0.1988 -1.0443 0.0, 0.2011 -1.0394 0.0787, 0.2011 -1.0394 0.0, 0.2042 -1.0349 0.0787, 0.2042 -1.0349 0.0, 0.2081 -1.031 0.0787, 0.2081 -1.031 0.0, 0.2126 -1.0278 0.0787, 0.2126 -1.0278 0.0, 0.2176 -1.0255 0.0787, 0.2176 -1.0255 0.0, 0.2229 -1.0241 0.0787, 0.2229 -1.0241 0.0, 0.2284 -1.0236 0.0787, 0.2284 -1.0236 0.0, 0.2441 -1.0236 0.0, 0.2441 -1.0236 0.0787, 0.2496 -1.0241 0.0787, 0.2496 -1.0241 0.0, 0.2549 -1.0255 0.0787, 0.2549 -1.0255 0.0, 0.2599 -1.0278 0.0787, 0.2599 -1.0278 0.0, 0.2644 -1.031 0.0787, 0.2644 -1.031 0.0, 0.2683 -1.0349 0.0787, 0.2683 -1.0349 0.0, 0.2714 -1.0394 0.0787, 0.2714 -1.0394 0.0, 0.2737 -1.0443 0.0787, 0.2737 -1.0443 0.0, 0.2751 -1.0496 0.0787, 0.2751 -1.0496 0.0, 0.2756 -1.0551 0.0787, 0.2756 -1.0551 0.0, 0.2756 -1.1811 0.0, 0.2756 -1.1811 0.0787, 0.1969 -1.1811 0.0, 0.1969 -1.1811 0.0787, 0.4331 1.1811 0.0, 0.3544 1.1811 0.0, 0.4331 1.1811 0.0787, 0.3544 1.1811 0.0787, 0.4331 1.0551 0.0, 0.4331 1.0551 0.0787, 0.4326 1.0497 0.0787, 0.4326 1.0497 0.0, 0.4312 1.0444 0.0787, 0.4312 1.0444 0.0, 0.4289 1.0394 0.0787, 0.4289 1.0394 0.0, 0.4257 1.0349 0.0787, 0.4257 1.0349 0.0, 0.4219 1.031 0.0787, 0.4219 1.031 0.0, 0.4174 1.0279 0.0787, 0.4174 1.0279 0.0, 0.4124 1.0255 0.0787, 0.4124 1.0255 0.0, 0.4071 1.0241 0.0787, 0.4071 1.0241 0.0, 0.4016 1.0236 0.0787, 0.4016 1.0236 0.0, 0.3859 1.0236 0.0, 0.3859 1.0236 0.0787, 0.3804 1.0241 0.0787, 0.3804 1.0241 0.0, 0.3751 1.0255 0.0787, 0.3751 1.0255 0.0, 0.3701 1.0279 0.0787, 0.3701 1.0279 0.0, 0.3656 1.031 0.0787, 0.3656 1.031 0.0, 0.3617 1.0349 0.0787, 0.3617 1.0349 0.0, 0.3586 1.0394 0.0787, 0.3586 1.0394 0.0, 0.3563 1.0444 0.0787, 0.3563 1.0444 0.0, 0.3548 1.0497 0.0787, 0.3548 1.0497 0.0, 0.3544 1.0551 0.0787, 0.3544 1.0551 0.0, 0.3544 -1.0551 0.0, 0.3544 -1.0551 0.0787, 0.3548 -1.0496 0.0787, 0.3548 -1.0496 0.0, 0.3563 -1.0443 0.0787, 0.3563 -1.0443 0.0, 0.3586 -1.0394 0.0787, 0.3586 -1.0394 0.0, 0.3617 -1.0349 0.0787, 0.3617 -1.0349 0.0, 0.3656 -1.031 0.0787, 0.3656 -1.031 0.0, 0.3701 -1.0278 0.0787, 0.3701 -1.0278 0.0, 0.3751 -1.0255 0.0787, 0.3751 -1.0255 0.0, 0.3804 -1.0241 0.0787, 0.3804 -1.0241 0.0, 0.3859 -1.0236 0.0787, 0.3859 -1.0236 0.0, 0.4016 -1.0236 0.0, 0.4016 -1.0236 0.0787, 0.4071 -1.0241 0.0787, 0.4071 -1.0241 0.0, 0.4124 -1.0255 0.0787, 0.4124 -1.0255 0.0, 0.4174 -1.0278 0.0787, 0.4174 -1.0278 0.0, 0.4219 -1.031 0.0787, 0.4219 -1.031 0.0, 0.4257 -1.0349 0.0787, 0.4257 -1.0349 0.0, 0.4289 -1.0394 0.0787, 0.4289 -1.0394 0.0, 0.4312 -1.0443 0.0787, 0.4312 -1.0443 0.0, 0.4326 -1.0496 0.0787, 0.4326 -1.0496 0.0, 0.4331 -1.0551 0.0787, 0.4331 -1.0551 0.0, 0.4331 -1.1811 0.0, 0.4331 -1.1811 0.0787, 0.3544 -1.1811 0.0, 0.3544 -1.1811 0.0787, 0.5906 1.1811 0.0, 0.5118 1.1811 0.0, 0.5906 1.1811 0.0787, 0.5118 1.1811 0.0787, 0.5906 1.0551 0.0, 0.5906 1.0551 0.0787, 0.5901 1.0497 0.0787, 0.5901 1.0497 0.0, 0.5887 1.0444 0.0787, 0.5887 1.0444 0.0, 0.5864 1.0394 0.0787, 0.5864 1.0394 0.0, 0.5832 1.0349 0.0787, 0.5832 1.0349 0.0, 0.5793 1.031 0.0787, 0.5793 1.031 0.0, 0.5748 1.0279 0.0787, 0.5748 1.0279 0.0, 0.5699 1.0255 0.0787, 0.5699 1.0255 0.0, 0.5646 1.0241 0.0787, 0.5646 1.0241 0.0, 0.5591 1.0236 0.0787, 0.5591 1.0236 0.0, 0.5433 1.0236 0.0, 0.5433 1.0236 0.0787, 0.5379 1.0241 0.0787, 0.5379 1.0241 0.0, 0.5326 1.0255 0.0787, 0.5326 1.0255 0.0, 0.5276 1.0279 0.0787, 0.5276 1.0279 0.0, 0.5231 1.031 0.0787, 0.5231 1.031 0.0, 0.5192 1.0349 0.0787, 0.5192 1.0349 0.0, 0.5161 1.0394 0.0787, 0.5161 1.0394 0.0, 0.5137 1.0444 0.0787, 0.5137 1.0444 0.0, 0.5123 1.0497 0.0787, 0.5123 1.0497 0.0, 0.5118 1.0551 0.0787, 0.5118 1.0551 0.0, 0.5118 -1.0551 0.0, 0.5118 -1.0551 0.0787, 0.5123 -1.0496 0.0787, 0.5123 -1.0496 0.0, 0.5137 -1.0443 0.0787, 0.5137 -1.0443 0.0, 0.5161 -1.0394 0.0787, 0.5161 -1.0394 0.0, 0.5192 -1.0349 0.0787, 0.5192 -1.0349 0.0, 0.5231 -1.031 0.0787, 0.5231 -1.031 0.0, 0.5276 -1.0278 0.0787, 0.5276 -1.0278 0.0, 0.5326 -1.0255 0.0787, 0.5326 -1.0255 0.0, 0.5379 -1.0241 0.0787, 0.5379 -1.0241 0.0, 0.5433 -1.0236 0.0787, 0.5433 -1.0236 0.0, 0.5591 -1.0236 0.0, 0.5591 -1.0236 0.0787, 0.5646 -1.0241 0.0787, 0.5646 -1.0241 0.0, 0.5699 -1.0255 0.0787, 0.5699 -1.0255 0.0, 0.5748 -1.0278 0.0787, 0.5748 -1.0278 0.0, 0.5793 -1.031 0.0787, 0.5793 -1.031 0.0, 0.5832 -1.0349 0.0787, 0.5832 -1.0349 0.0, 0.5864 -1.0394 0.0787, 0.5864 -1.0394 0.0, 0.5887 -1.0443 0.0787, 0.5887 -1.0443 0.0, 0.5901 -1.0496 0.0787, 0.5901 -1.0496 0.0, 0.5906 -1.0551 0.0787, 0.5906 -1.0551 0.0, 0.5906 -1.1811 0.0, 0.5906 -1.1811 0.0787, 0.5118 -1.1811 0.0, 0.5118 -1.1811 0.0787, 0.7481 1.1811 0.0, 0.6693 1.1811 0.0, 0.7481 1.1811 0.0787, 0.6693 1.1811 0.0787, 0.7481 1.0551 0.0, 0.7481 1.0551 0.0787, 0.7476 1.0497 0.0787, 0.7476 1.0497 0.0, 0.7462 1.0444 0.0787, 0.7462 1.0444 0.0, 0.7438 1.0394 0.0787, 0.7438 1.0394 0.0, 0.7407 1.0349 0.0787, 0.7407 1.0349 0.0, 0.7368 1.031 0.0787, 0.7368 1.031 0.0, 0.7323 1.0279 0.0787, 0.7323 1.0279 0.0, 0.7273 1.0255 0.0787, 0.7273 1.0255 0.0, 0.722 1.0241 0.0787, 0.722 1.0241 0.0, 0.7166 1.0236 0.0787, 0.7166 1.0236 0.0, 0.7008 1.0236 0.0, 0.7008 1.0236 0.0787, 0.6953 1.0241 0.0787, 0.6953 1.0241 0.0, 0.69 1.0255 0.0787, 0.69 1.0255 0.0, 0.6851 1.0279 0.0787, 0.6851 1.0279 0.0, 0.6806 1.031 0.0787, 0.6806 1.031 0.0, 0.6767 1.0349 0.0787, 0.6767 1.0349 0.0, 0.6735 1.0394 0.0787, 0.6735 1.0394 0.0, 0.6712 1.0444 0.0787, 0.6712 1.0444 0.0, 0.6698 1.0497 0.0787, 0.6698 1.0497 0.0, 0.6693 1.0551 0.0787, 0.6693 1.0551 0.0, 0.6693 -1.0551 0.0, 0.6693 -1.0551 0.0787, 0.6698 -1.0496 0.0787, 0.6698 -1.0496 0.0, 0.6712 -1.0443 0.0787, 0.6712 -1.0443 0.0, 0.6735 -1.0394 0.0787, 0.6735 -1.0394 0.0, 0.6767 -1.0349 0.0787, 0.6767 -1.0349 0.0, 0.6806 -1.031 0.0787, 0.6806 -1.031 0.0, 0.6851 -1.0278 0.0787, 0.6851 -1.0278 0.0, 0.69 -1.0255 0.0787, 0.69 -1.0255 0.0, 0.6953 -1.0241 0.0787, 0.6953 -1.0241 0.0, 0.7008 -1.0236 0.0787, 0.7008 -1.0236 0.0, 0.7166 -1.0236 0.0, 0.7166 -1.0236 0.0787, 0.722 -1.0241 0.0787, 0.722 -1.0241 0.0, 0.7273 -1.0255 0.0787, 0.7273 -1.0255 0.0, 0.7323 -1.0278 0.0787, 0.7323 -1.0278 0.0, 0.7368 -1.031 0.0787, 0.7368 -1.031 0.0, 0.7407 -1.0349 0.0787, 0.7407 -1.0349 0.0, 0.7438 -1.0394 0.0787, 0.7438 -1.0394 0.0, 0.7462 -1.0443 0.0787, 0.7462 -1.0443 0.0, 0.7476 -1.0496 0.0787, 0.7476 -1.0496 0.0, 0.7481 -1.0551 0.0787, 0.7481 -1.0551 0.0, 0.7481 -1.1811 0.0, 0.7481 -1.1811 0.0787, 0.6693 -1.1811 0.0, 0.6693 -1.1811 0.0787, 0.9055 1.1811 0.0, 0.8268 1.1811 0.0, 0.9055 1.1811 0.0787, 0.8268 1.1811 0.0787, 0.9055 1.0551 0.0, 0.9055 1.0551 0.0787, 0.9051 1.0497 0.0787, 0.9051 1.0497 0.0, 0.9036 1.0444 0.0787, 0.9036 1.0444 0.0, 0.9013 1.0394 0.0787, 0.9013 1.0394 0.0, 0.8982 1.0349 0.0787, 0.8982 1.0349 0.0, 0.8943 1.031 0.0787, 0.8943 1.031 0.0, 0.8898 1.0279 0.0787, 0.8898 1.0279 0.0, 0.8848 1.0255 0.0787, 0.8848 1.0255 0.0, 0.8795 1.0241 0.0787, 0.8795 1.0241 0.0, 0.874 1.0236 0.0787, 0.874 1.0236 0.0, 0.8583 1.0236 0.0, 0.8583 1.0236 0.0787, 0.8528 1.0241 0.0787, 0.8528 1.0241 0.0, 0.8475 1.0255 0.0787, 0.8475 1.0255 0.0, 0.8425 1.0279 0.0787, 0.8425 1.0279 0.0, 0.8381 1.031 0.0787, 0.8381 1.031 0.0, 0.8342 1.0349 0.0787, 0.8342 1.0349 0.0, 0.831 1.0394 0.0787, 0.831 1.0394 0.0, 0.8287 1.0444 0.0787, 0.8287 1.0444 0.0, 0.8273 1.0497 0.0787, 0.8273 1.0497 0.0, 0.8268 1.0551 0.0787, 0.8268 1.0551 0.0, 0.8268 -1.0551 0.0, 0.8268 -1.0551 0.0787, 0.8273 -1.0496 0.0787, 0.8273 -1.0496 0.0, 0.8287 -1.0443 0.0787, 0.8287 -1.0443 0.0, 0.831 -1.0394 0.0787, 0.831 -1.0394 0.0, 0.8342 -1.0349 0.0787, 0.8342 -1.0349 0.0, 0.8381 -1.031 0.0787, 0.8381 -1.031 0.0, 0.8425 -1.0278 0.0787, 0.8425 -1.0278 0.0, 0.8475 -1.0255 0.0787, 0.8475 -1.0255 0.0, 0.8528 -1.0241 0.0787, 0.8528 -1.0241 0.0, 0.8583 -1.0236 0.0787, 0.8583 -1.0236 0.0, 0.874 -1.0236 0.0, 0.874 -1.0236 0.0787, 0.8795 -1.0241 0.0787, 0.8795 -1.0241 0.0, 0.8848 -1.0255 0.0787, 0.8848 -1.0255 0.0, 0.8898 -1.0278 0.0787, 0.8898 -1.0278 0.0, 0.8943 -1.031 0.0787, 0.8943 -1.031 0.0, 0.8982 -1.0349 0.0787, 0.8982 -1.0349 0.0, 0.9013 -1.0394 0.0787, 0.9013 -1.0394 0.0, 0.9036 -1.0443 0.0787, 0.9036 -1.0443 0.0, 0.9051 -1.0496 0.0787, 0.9051 -1.0496 0.0, 0.9055 -1.0551 0.0787, 0.9055 -1.0551 0.0, 0.9055 -1.1811 0.0, 0.9055 -1.1811 0.0787, 0.8268 -1.1811 0.0, 0.8268 -1.1811 0.0787, 1.0551 0.8268 0.0, 1.0551 0.8268 0.0787, 1.0497 0.8273 0.0787, 1.0497 0.8273 0.0, 1.0444 0.8287 0.0787, 1.0444 0.8287 0.0, 1.0394 0.831 0.0787, 1.0394 0.831 0.0, 1.0349 0.8342 0.0787, 1.0349 0.8342 0.0, 1.031 0.838 0.0787, 1.031 0.838 0.0, 1.0279 0.8425 0.0787, 1.0279 0.8425 0.0, 1.0256 0.8475 0.0787, 1.0256 0.8475 0.0, 1.0241 0.8528 0.0787, 1.0241 0.8528 0.0, 1.0237 0.8583 0.0787, 1.0237 0.8583 0.0, 1.0237 0.874 0.0, 1.0237 0.874 0.0787, 1.0241 0.8795 0.0787, 1.0241 0.8795 0.0, 1.0256 0.8848 0.0787, 1.0256 0.8848 0.0, 1.0279 0.8898 0.0787, 1.0279 0.8898 0.0, 1.031 0.8943 0.0787, 1.031 0.8943 0.0, 1.0349 0.8982 0.0787, 1.0349 0.8982 0.0, 1.0394 0.9013 0.0787, 1.0394 0.9013 0.0, 1.0444 0.9036 0.0787, 1.0444 0.9036 0.0, 1.0497 0.905 0.0787, 1.0497 0.905 0.0, 1.0551 0.9055 0.0787, 1.0551 0.9055 0.0, 1.1811 0.9055 0.0, 1.1811 0.9055 0.0787, 1.1811 0.8268 0.0, 1.1811 0.8268 0.0787, 0.7874 -0.7874 0.0, 0.7874 0.7874 0.0, 0.7874 -0.7874 0.0787, 0.7874 0.7874 0.0787, -0.7874 -0.7874 0.0, -0.7874 -0.7874 0.0787, -0.7874 0.5421 0.0, -0.7874 0.5421 0.0787, -0.7711 0.5546 0.0, -0.7711 0.5546 0.0787, -0.7586 0.5709 0.0, -0.7586 0.5709 0.0787, -0.7507 0.5899 0.0, -0.7507 0.5899 0.0787, -0.748 0.6102 0.0, -0.748 0.6102 0.0787, -0.7507 0.6306 0.0, -0.7507 0.6306 0.0787, -0.7586 0.6496 0.0, -0.7586 0.6496 0.0787, -0.7711 0.6659 0.0, -0.7711 0.6659 0.0787, -0.7874 0.6784 0.0, -0.7874 0.6784 0.0787, -0.7874 0.7874 0.0, -0.7874 0.7874 0.0787, -1.0551 0.7579 0.0, -1.1811 0.7579 0.0, -1.0551 0.7579 0.0787, -1.1811 0.7579 0.0787, -1.0496 0.7574 0.0787, -1.0496 0.7574 0.0, -1.0443 0.756 0.0787, -1.0443 0.756 0.0, -1.0393 0.7537 0.0787, -1.0393 0.7537 0.0, -1.0348 0.7505 0.0787, -1.0348 0.7505 0.0, -1.031 0.7466 0.0787, -1.031 0.7466 0.0, -1.0278 0.7421 0.0787, -1.0278 0.7421 0.0, -1.0255 0.7372 0.0787, -1.0255 0.7372 0.0, -1.0241 0.7319 0.0787, -1.0241 0.7319 0.0, -1.0236 0.7264 0.0787, -1.0236 0.7264 0.0, -1.0236 0.7106 0.0, -1.0236 0.7106 0.0787, -1.0241 0.7052 0.0787, -1.0241 0.7052 0.0, -1.0255 0.6999 0.0787, -1.0255 0.6999 0.0, -1.0278 0.6949 0.0787, -1.0278 0.6949 0.0, -1.031 0.6904 0.0787, -1.031 0.6904 0.0, -1.0348 0.6865 0.0787, -1.0348 0.6865 0.0, -1.0393 0.6834 0.0787, -1.0393 0.6834 0.0, -1.0443 0.681 0.0787, -1.0443 0.681 0.0, -1.0496 0.6796 0.0787, -1.0496 0.6796 0.0, -1.0551 0.6791 0.0787, -1.0551 0.6791 0.0, -1.1811 0.6791 0.0, -1.1811 0.6791 0.0787, 1.0551 0.6791 0.0, 1.0551 0.6791 0.0787, 1.0497 0.6796 0.0787, 1.0497 0.6796 0.0, 1.0444 0.681 0.0787, 1.0444 0.681 0.0, 1.0394 0.6834 0.0787, 1.0394 0.6834 0.0, 1.0349 0.6865 0.0787, 1.0349 0.6865 0.0, 1.031 0.6904 0.0787, 1.031 0.6904 0.0, 1.0279 0.6949 0.0787, 1.0279 0.6949 0.0, 1.0256 0.6999 0.0787, 1.0256 0.6999 0.0, 1.0241 0.7052 0.0787, 1.0241 0.7052 0.0, 1.0237 0.7106 0.0787, 1.0237 0.7106 0.0, 1.0237 0.7264 0.0, 1.0237 0.7264 0.0787, 1.0241 0.7319 0.0787, 1.0241 0.7319 0.0, 1.0256 0.7372 0.0787, 1.0256 0.7372 0.0, 1.0279 0.7421 0.0787, 1.0279 0.7421 0.0, 1.031 0.7466 0.0787, 1.031 0.7466 0.0, 1.0349 0.7505 0.0787, 1.0349 0.7505 0.0, 1.0394 0.7537 0.0787, 1.0394 0.7537 0.0, 1.0444 0.756 0.0787, 1.0444 0.756 0.0, 1.0497 0.7574 0.0787, 1.0497 0.7574 0.0, 1.0551 0.7579 0.0787, 1.0551 0.7579 0.0, 1.1811 0.7579 0.0, 1.1811 0.7579 0.0787, 1.1811 0.6791 0.0, 1.1811 0.6791 0.0787, -1.0551 0.6102 0.0, -1.1811 0.6102 0.0, -1.0551 0.6102 0.0787, -1.1811 0.6102 0.0787, -1.0496 0.6098 0.0787, -1.0496 0.6098 0.0, -1.0443 0.6083 0.0787, -1.0443 0.6083 0.0, -1.0393 0.606 0.0787, -1.0393 0.606 0.0, -1.0348 0.6029 0.0787, -1.0348 0.6029 0.0, -1.031 0.599 0.0787, -1.031 0.599 0.0, -1.0278 0.5945 0.0787, -1.0278 0.5945 0.0, -1.0255 0.5895 0.0787, -1.0255 0.5895 0.0, -1.0241 0.5842 0.0787, -1.0241 0.5842 0.0, -1.0236 0.5788 0.0787, -1.0236 0.5788 0.0, -1.0236 0.563 0.0, -1.0236 0.563 0.0787, -1.0241 0.5575 0.0787, -1.0241 0.5575 0.0, -1.0255 0.5522 0.0787, -1.0255 0.5522 0.0, -1.0278 0.5473 0.0787, -1.0278 0.5473 0.0, -1.031 0.5428 0.0787, -1.031 0.5428 0.0, -1.0348 0.5389 0.0787, -1.0348 0.5389 0.0, -1.0393 0.5357 0.0787, -1.0393 0.5357 0.0, -1.0443 0.5334 0.0787, -1.0443 0.5334 0.0, -1.0496 0.532 0.0787, -1.0496 0.532 0.0, -1.0551 0.5315 0.0787, -1.0551 0.5315 0.0, -1.1811 0.5315 0.0, -1.1811 0.5315 0.0787, 1.0551 0.5315 0.0, 1.0551 0.5315 0.0787, 1.0497 0.532 0.0787, 1.0497 0.532 0.0, 1.0444 0.5334 0.0787, 1.0444 0.5334 0.0, 1.0394 0.5357 0.0787, 1.0394 0.5357 0.0, 1.0349 0.5389 0.0787, 1.0349 0.5389 0.0, 1.031 0.5428 0.0787, 1.031 0.5428 0.0, 1.0279 0.5473 0.0787, 1.0279 0.5473 0.0, 1.0256 0.5522 0.0787, 1.0256 0.5522 0.0, 1.0241 0.5575 0.0787, 1.0241 0.5575 0.0, 1.0237 0.563 0.0787, 1.0237 0.563 0.0, 1.0237 0.5788 0.0, 1.0237 0.5788 0.0787, 1.0241 0.5842 0.0787, 1.0241 0.5842 0.0, 1.0256 0.5895 0.0787, 1.0256 0.5895 0.0, 1.0279 0.5945 0.0787, 1.0279 0.5945 0.0, 1.031 0.599 0.0787, 1.031 0.599 0.0, 1.0349 0.6029 0.0787, 1.0349 0.6029 0.0, 1.0394 0.606 0.0787, 1.0394 0.606 0.0, 1.0444 0.6083 0.0787, 1.0444 0.6083 0.0, 1.0497 0.6098 0.0787, 1.0497 0.6098 0.0, 1.0551 0.6102 0.0787, 1.0551 0.6102 0.0, 1.1811 0.6102 0.0, 1.1811 0.6102 0.0787, 1.1811 0.5315 0.0, 1.1811 0.5315 0.0787, -1.0551 0.4626 0.0, -1.1811 0.4626 0.0, -1.0551 0.4626 0.0787, -1.1811 0.4626 0.0787, -1.0496 0.4621 0.0787, -1.0496 0.4621 0.0, -1.0443 0.4607 0.0787, -1.0443 0.4607 0.0, -1.0393 0.4584 0.0787, -1.0393 0.4584 0.0, -1.0348 0.4552 0.0787, -1.0348 0.4552 0.0, -1.031 0.4514 0.0787, -1.031 0.4514 0.0, -1.0278 0.4469 0.0787, -1.0278 0.4469 0.0, -1.0255 0.4419 0.0787, -1.0255 0.4419 0.0, -1.0241 0.4366 0.0787, -1.0241 0.4366 0.0, -1.0236 0.4311 0.0787, -1.0236 0.4311 0.0, -1.0236 0.4154 0.0, -1.0236 0.4154 0.0787, -1.0241 0.4099 0.0787, -1.0241 0.4099 0.0, -1.0255 0.4046 0.0787, -1.0255 0.4046 0.0, -1.0278 0.3996 0.0787, -1.0278 0.3996 0.0, -1.031 0.3951 0.0787, -1.031 0.3951 0.0, -1.0348 0.3912 0.0787, -1.0348 0.3912 0.0, -1.0393 0.3881 0.0787, -1.0393 0.3881 0.0, -1.0443 0.3858 0.0787, -1.0443 0.3858 0.0, -1.0496 0.3843 0.0787, -1.0496 0.3843 0.0, -1.0551 0.3839 0.0787, -1.0551 0.3839 0.0, -1.1811 0.3839 0.0, -1.1811 0.3839 0.0787, 1.0551 0.3839 0.0, 1.0551 0.3839 0.0787, 1.0497 0.3843 0.0787, 1.0497 0.3843 0.0, 1.0444 0.3858 0.0787, 1.0444 0.3858 0.0, 1.0394 0.3881 0.0787, 1.0394 0.3881 0.0, 1.0349 0.3912 0.0787, 1.0349 0.3912 0.0, 1.031 0.3951 0.0787, 1.031 0.3951 0.0, 1.0279 0.3996 0.0787, 1.0279 0.3996 0.0, 1.0256 0.4046 0.0787, 1.0256 0.4046 0.0, 1.0241 0.4099 0.0787, 1.0241 0.4099 0.0, 1.0237 0.4154 0.0787, 1.0237 0.4154 0.0, 1.0237 0.4311 0.0, 1.0237 0.4311 0.0787, 1.0241 0.4366 0.0787, 1.0241 0.4366 0.0, 1.0256 0.4419 0.0787, 1.0256 0.4419 0.0, 1.0279 0.4469 0.0787, 1.0279 0.4469 0.0, 1.031 0.4514 0.0787, 1.031 0.4514 0.0, 1.0349 0.4552 0.0787, 1.0349 0.4552 0.0, 1.0394 0.4584 0.0787, 1.0394 0.4584 0.0, 1.0444 0.4607 0.0787, 1.0444 0.4607 0.0, 1.0497 0.4621 0.0787, 1.0497 0.4621 0.0, 1.0551 0.4626 0.0787, 1.0551 0.4626 0.0, 1.1811 0.4626 0.0, 1.1811 0.4626 0.0787, 1.1811 0.3839 0.0, 1.1811 0.3839 0.0787, -1.0551 0.315 0.0, -1.1811 0.315 0.0, -1.0551 0.315 0.0787, -1.1811 0.315 0.0787, -1.0496 0.3145 0.0787, -1.0496 0.3145 0.0, -1.0443 0.3131 0.0787, -1.0443 0.3131 0.0, -1.0393 0.3108 0.0787, -1.0393 0.3108 0.0, -1.0348 0.3076 0.0787, -1.0348 0.3076 0.0, -1.031 0.3037 0.0787, -1.031 0.3037 0.0, -1.0278 0.2992 0.0787, -1.0278 0.2992 0.0, -1.0255 0.2942 0.0787, -1.0255 0.2942 0.0, -1.0241 0.2889 0.0787, -1.0241 0.2889 0.0, -1.0236 0.2835 0.0787, -1.0236 0.2835 0.0, -1.0236 0.2677 0.0, -1.0236 0.2677 0.0787, -1.0241 0.2623 0.0787, -1.0241 0.2623 0.0, -1.0255 0.257 0.0787, -1.0255 0.257 0.0, -1.0278 0.252 0.0787, -1.0278 0.252 0.0, -1.031 0.2475 0.0787, -1.031 0.2475 0.0, -1.0348 0.2436 0.0787, -1.0348 0.2436 0.0, -1.0393 0.2405 0.0787, -1.0393 0.2405 0.0, -1.0443 0.2381 0.0787, -1.0443 0.2381 0.0, -1.0496 0.2367 0.0787, -1.0496 0.2367 0.0, -1.0551 0.2362 0.0787, -1.0551 0.2362 0.0, -1.1811 0.2362 0.0, -1.1811 0.2362 0.0787, 1.0551 0.2362 0.0, 1.0551 0.2362 0.0787, 1.0497 0.2367 0.0787, 1.0497 0.2367 0.0, 1.0444 0.2381 0.0787, 1.0444 0.2381 0.0, 1.0394 0.2405 0.0787, 1.0394 0.2405 0.0, 1.0349 0.2436 0.0787, 1.0349 0.2436 0.0, 1.031 0.2475 0.0787, 1.031 0.2475 0.0, 1.0279 0.252 0.0787, 1.0279 0.252 0.0, 1.0256 0.257 0.0787, 1.0256 0.257 0.0, 1.0241 0.2623 0.0787, 1.0241 0.2623 0.0, 1.0237 0.2677 0.0787, 1.0237 0.2677 0.0, 1.0237 0.2835 0.0, 1.0237 0.2835 0.0787, 1.0241 0.2889 0.0787, 1.0241 0.2889 0.0, 1.0256 0.2942 0.0787, 1.0256 0.2942 0.0, 1.0279 0.2992 0.0787, 1.0279 0.2992 0.0, 1.031 0.3037 0.0787, 1.031 0.3037 0.0, 1.0349 0.3076 0.0787, 1.0349 0.3076 0.0, 1.0394 0.3108 0.0787, 1.0394 0.3108 0.0, 1.0444 0.3131 0.0787, 1.0444 0.3131 0.0, 1.0497 0.3145 0.0787, 1.0497 0.3145 0.0, 1.0551 0.315 0.0787, 1.0551 0.315 0.0, 1.1811 0.315 0.0, 1.1811 0.315 0.0787, 1.1811 0.2362 0.0, 1.1811 0.2362 0.0787, -1.0551 0.1673 0.0, -1.1811 0.1673 0.0, -1.0551 0.1673 0.0787, -1.1811 0.1673 0.0787, -1.0496 0.1669 0.0787, -1.0496 0.1669 0.0, -1.0443 0.1654 0.0787, -1.0443 0.1654 0.0, -1.0393 0.1631 0.0787, -1.0393 0.1631 0.0, -1.0348 0.16 0.0787, -1.0348 0.16 0.0, -1.031 0.1561 0.0787, -1.031 0.1561 0.0, -1.0278 0.1516 0.0787, -1.0278 0.1516 0.0, -1.0255 0.1466 0.0787, -1.0255 0.1466 0.0, -1.0241 0.1413 0.0787, -1.0241 0.1413 0.0, -1.0236 0.1358 0.0787, -1.0236 0.1358 0.0, -1.0236 0.1201 0.0, -1.0236 0.1201 0.0787, -1.0241 0.1146 0.0787, -1.0241 0.1146 0.0, -1.0255 0.1093 0.0787, -1.0255 0.1093 0.0, -1.0278 0.1043 0.0787, -1.0278 0.1043 0.0, -1.031 0.0998 0.0787, -1.031 0.0998 0.0, -1.0348 0.096 0.0787, -1.0348 0.096 0.0, -1.0393 0.0928 0.0787, -1.0393 0.0928 0.0, -1.0443 0.0905 0.0787, -1.0443 0.0905 0.0, -1.0496 0.0891 0.0787, -1.0496 0.0891 0.0, -1.0551 0.0886 0.0787, -1.0551 0.0886 0.0, -1.1811 0.0886 0.0, -1.1811 0.0886 0.0787, 1.0551 0.0886 0.0, 1.0551 0.0886 0.0787, 1.0497 0.0891 0.0787, 1.0497 0.0891 0.0, 1.0444 0.0905 0.0787, 1.0444 0.0905 0.0, 1.0394 0.0928 0.0787, 1.0394 0.0928 0.0, 1.0349 0.096 0.0787, 1.0349 0.096 0.0, 1.031 0.0998 0.0787, 1.031 0.0998 0.0, 1.0279 0.1043 0.0787, 1.0279 0.1043 0.0, 1.0256 0.1093 0.0787, 1.0256 0.1093 0.0, 1.0241 0.1146 0.0787, 1.0241 0.1146 0.0, 1.0237 0.1201 0.0787, 1.0237 0.1201 0.0, 1.0237 0.1358 0.0, 1.0237 0.1358 0.0787, 1.0241 0.1413 0.0787, 1.0241 0.1413 0.0, 1.0256 0.1466 0.0787, 1.0256 0.1466 0.0, 1.0279 0.1516 0.0787, 1.0279 0.1516 0.0, 1.031 0.1561 0.0787, 1.031 0.1561 0.0, 1.0349 0.16 0.0787, 1.0349 0.16 0.0, 1.0394 0.1631 0.0787, 1.0394 0.1631 0.0, 1.0444 0.1654 0.0787, 1.0444 0.1654 0.0, 1.0497 0.1669 0.0787, 1.0497 0.1669 0.0, 1.0551 0.1673 0.0787, 1.0551 0.1673 0.0, 1.1811 0.1673 0.0, 1.1811 0.1673 0.0787, 1.1811 0.0886 0.0, 1.1811 0.0886 0.0787, -1.0551 0.0197 0.0, -1.1811 0.0197 0.0, -1.0551 0.0197 0.0787, -1.1811 0.0197 0.0787, -1.0496 0.0192 0.0787, -1.0496 0.0192 0.0, -1.0443 0.0178 0.0787, -1.0443 0.0178 0.0, -1.0393 0.0155 0.0787, -1.0393 0.0155 0.0, -1.0348 0.0123 0.0787, -1.0348 0.0123 0.0, -1.031 0.0084 0.0787, -1.031 0.0084 0.0, -1.0278 0.0039 0.0787, -1.0278 0.0039 0.0, -1.0255 -0.001 0.0787, -1.0255 -0.001 0.0, -1.0241 -0.0063 0.0787, -1.0241 -0.0063 0.0, -1.0236 -0.0118 0.0787, -1.0236 -0.0118 0.0, -1.0236 -0.0275 0.0, -1.0236 -0.0275 0.0787, -1.0241 -0.033 0.0787, -1.0241 -0.033 0.0, -1.0255 -0.0383 0.0787, -1.0255 -0.0383 0.0, -1.0278 -0.0433 0.0787, -1.0278 -0.0433 0.0, -1.031 -0.0478 0.0787, -1.031 -0.0478 0.0, -1.0348 -0.0517 0.0787, -1.0348 -0.0517 0.0, -1.0393 -0.0548 0.0787, -1.0393 -0.0548 0.0, -1.0443 -0.0571 0.0787, -1.0443 -0.0571 0.0, -1.0496 -0.0586 0.0787, -1.0496 -0.0586 0.0, -1.0551 -0.059 0.0787, -1.0551 -0.059 0.0, -1.1811 -0.059 0.0, -1.1811 -0.059 0.0787, 1.0551 -0.059 0.0, 1.0551 -0.059 0.0787, 1.0497 -0.0586 0.0787, 1.0497 -0.0586 0.0, 1.0444 -0.0571 0.0787, 1.0444 -0.0571 0.0, 1.0394 -0.0548 0.0787, 1.0394 -0.0548 0.0, 1.0349 -0.0517 0.0787, 1.0349 -0.0517 0.0, 1.031 -0.0478 0.0787, 1.031 -0.0478 0.0, 1.0279 -0.0433 0.0787, 1.0279 -0.0433 0.0, 1.0256 -0.0383 0.0787, 1.0256 -0.0383 0.0, 1.0241 -0.033 0.0787, 1.0241 -0.033 0.0, 1.0237 -0.0275 0.0787, 1.0237 -0.0275 0.0, 1.0237 -0.0118 0.0, 1.0237 -0.0118 0.0787, 1.0241 -0.0063 0.0787, 1.0241 -0.0063 0.0, 1.0256 -0.001 0.0787, 1.0256 -0.001 0.0, 1.0279 0.0039 0.0787, 1.0279 0.0039 0.0, 1.031 0.0084 0.0787, 1.031 0.0084 0.0, 1.0349 0.0123 0.0787, 1.0349 0.0123 0.0, 1.0394 0.0155 0.0787, 1.0394 0.0155 0.0, 1.0444 0.0178 0.0787, 1.0444 0.0178 0.0, 1.0497 0.0192 0.0787, 1.0497 0.0192 0.0, 1.0551 0.0197 0.0787, 1.0551 0.0197 0.0, 1.1811 0.0197 0.0, 1.1811 0.0197 0.0787, 1.1811 -0.059 0.0, 1.1811 -0.059 0.0787, -1.0551 -0.1279 0.0, -1.1811 -0.1279 0.0, -1.0551 -0.1279 0.0787, -1.1811 -0.1279 0.0787, -1.0496 -0.1284 0.0787, -1.0496 -0.1284 0.0, -1.0443 -0.1298 0.0787, -1.0443 -0.1298 0.0, -1.0393 -0.1322 0.0787, -1.0393 -0.1322 0.0, -1.0348 -0.1353 0.0787, -1.0348 -0.1353 0.0, -1.031 -0.1392 0.0787, -1.031 -0.1392 0.0, -1.0278 -0.1437 0.0787, -1.0278 -0.1437 0.0, -1.0255 -0.1487 0.0787, -1.0255 -0.1487 0.0, -1.0241 -0.154 0.0787, -1.0241 -0.154 0.0, -1.0236 -0.1594 0.0787, -1.0236 -0.1594 0.0, -1.0236 -0.1752 0.0, -1.0236 -0.1752 0.0787, -1.0241 -0.1807 0.0787, -1.0241 -0.1807 0.0, -1.0255 -0.186 0.0787, -1.0255 -0.186 0.0, -1.0278 -0.1909 0.0787, -1.0278 -0.1909 0.0, -1.031 -0.1954 0.0787, -1.031 -0.1954 0.0, -1.0348 -0.1993 0.0787, -1.0348 -0.1993 0.0, -1.0393 -0.2025 0.0787, -1.0393 -0.2025 0.0, -1.0443 -0.2048 0.0787, -1.0443 -0.2048 0.0, -1.0496 -0.2062 0.0787, -1.0496 -0.2062 0.0, -1.0551 -0.2067 0.0787, -1.0551 -0.2067 0.0, -1.1811 -0.2067 0.0, -1.1811 -0.2067 0.0787, 1.0551 -0.2067 0.0, 1.0551 -0.2067 0.0787, 1.0497 -0.2062 0.0787, 1.0497 -0.2062 0.0, 1.0444 -0.2048 0.0787, 1.0444 -0.2048 0.0, 1.0394 -0.2025 0.0787, 1.0394 -0.2025 0.0, 1.0349 -0.1993 0.0787, 1.0349 -0.1993 0.0, 1.031 -0.1954 0.0787, 1.031 -0.1954 0.0, 1.0279 -0.1909 0.0787, 1.0279 -0.1909 0.0, 1.0256 -0.186 0.0787, 1.0256 -0.186 0.0, 1.0241 -0.1807 0.0787, 1.0241 -0.1807 0.0, 1.0237 -0.1752 0.0787, 1.0237 -0.1752 0.0, 1.0237 -0.1594 0.0, 1.0237 -0.1594 0.0787, 1.0241 -0.154 0.0787, 1.0241 -0.154 0.0, 1.0256 -0.1487 0.0787, 1.0256 -0.1487 0.0, 1.0279 -0.1437 0.0787, 1.0279 -0.1437 0.0, 1.031 -0.1392 0.0787, 1.031 -0.1392 0.0, 1.0349 -0.1353 0.0787, 1.0349 -0.1353 0.0, 1.0394 -0.1322 0.0787, 1.0394 -0.1322 0.0, 1.0444 -0.1298 0.0787, 1.0444 -0.1298 0.0, 1.0497 -0.1284 0.0787, 1.0497 -0.1284 0.0, 1.0551 -0.1279 0.0787, 1.0551 -0.1279 0.0, 1.1811 -0.1279 0.0, 1.1811 -0.1279 0.0787, 1.1811 -0.2067 0.0, 1.1811 -0.2067 0.0787, -1.0551 -0.2756 0.0, -1.1811 -0.2756 0.0, -1.0551 -0.2756 0.0787, -1.1811 -0.2756 0.0787, -1.0496 -0.2761 0.0787, -1.0496 -0.2761 0.0, -1.0443 -0.2775 0.0787, -1.0443 -0.2775 0.0, -1.0393 -0.2798 0.0787, -1.0393 -0.2798 0.0, -1.0348 -0.2829 0.0787, -1.0348 -0.2829 0.0, -1.031 -0.2868 0.0787, -1.031 -0.2868 0.0, -1.0278 -0.2913 0.0787, -1.0278 -0.2913 0.0, -1.0255 -0.2963 0.0787, -1.0255 -0.2963 0.0, -1.0241 -0.3016 0.0787, -1.0241 -0.3016 0.0, -1.0236 -0.3071 0.0787, -1.0236 -0.3071 0.0, -1.0236 -0.3228 0.0, -1.0236 -0.3228 0.0787, -1.0241 -0.3283 0.0787, -1.0241 -0.3283 0.0, -1.0255 -0.3336 0.0787, -1.0255 -0.3336 0.0, -1.0278 -0.3386 0.0787, -1.0278 -0.3386 0.0, -1.031 -0.3431 0.0787, -1.031 -0.3431 0.0, -1.0348 -0.347 0.0787, -1.0348 -0.347 0.0, -1.0393 -0.3501 0.0787, -1.0393 -0.3501 0.0, -1.0443 -0.3524 0.0787, -1.0443 -0.3524 0.0, -1.0496 -0.3538 0.0787, -1.0496 -0.3538 0.0, -1.0551 -0.3543 0.0787, -1.0551 -0.3543 0.0, -1.1811 -0.3543 0.0, -1.1811 -0.3543 0.0787, 1.0551 -0.3543 0.0, 1.0551 -0.3543 0.0787, 1.0497 -0.3538 0.0787, 1.0497 -0.3538 0.0, 1.0444 -0.3524 0.0787, 1.0444 -0.3524 0.0, 1.0394 -0.3501 0.0787, 1.0394 -0.3501 0.0, 1.0349 -0.347 0.0787, 1.0349 -0.347 0.0, 1.031 -0.3431 0.0787, 1.031 -0.3431 0.0, 1.0279 -0.3386 0.0787, 1.0279 -0.3386 0.0, 1.0256 -0.3336 0.0787, 1.0256 -0.3336 0.0, 1.0241 -0.3283 0.0787, 1.0241 -0.3283 0.0, 1.0237 -0.3228 0.0787, 1.0237 -0.3228 0.0, 1.0237 -0.3071 0.0, 1.0237 -0.3071 0.0787, 1.0241 -0.3016 0.0787, 1.0241 -0.3016 0.0, 1.0256 -0.2963 0.0787, 1.0256 -0.2963 0.0, 1.0279 -0.2913 0.0787, 1.0279 -0.2913 0.0, 1.031 -0.2868 0.0787, 1.031 -0.2868 0.0, 1.0349 -0.2829 0.0787, 1.0349 -0.2829 0.0, 1.0394 -0.2798 0.0787, 1.0394 -0.2798 0.0, 1.0444 -0.2775 0.0787, 1.0444 -0.2775 0.0, 1.0497 -0.2761 0.0787, 1.0497 -0.2761 0.0, 1.0551 -0.2756 0.0787, 1.0551 -0.2756 0.0, 1.1811 -0.2756 0.0, 1.1811 -0.2756 0.0787, 1.1811 -0.3543 0.0, 1.1811 -0.3543 0.0787, -1.0551 -0.4232 0.0, -1.1811 -0.4232 0.0, -1.0551 -0.4232 0.0787, -1.1811 -0.4232 0.0787, -1.0496 -0.4237 0.0787, -1.0496 -0.4237 0.0, -1.0443 -0.4251 0.0787, -1.0443 -0.4251 0.0, -1.0393 -0.4274 0.0787, -1.0393 -0.4274 0.0, -1.0348 -0.4306 0.0787, -1.0348 -0.4306 0.0, -1.031 -0.4345 0.0787, -1.031 -0.4345 0.0, -1.0278 -0.439 0.0787, -1.0278 -0.439 0.0, -1.0255 -0.4439 0.0787, -1.0255 -0.4439 0.0, -1.0241 -0.4492 0.0787, -1.0241 -0.4492 0.0, -1.0236 -0.4547 0.0787, -1.0236 -0.4547 0.0, -1.0236 -0.4705 0.0, -1.0236 -0.4705 0.0787, -1.0241 -0.4759 0.0787, -1.0241 -0.4759 0.0, -1.0255 -0.4812 0.0787, -1.0255 -0.4812 0.0, -1.0278 -0.4862 0.0787, -1.0278 -0.4862 0.0, -1.031 -0.4907 0.0787, -1.031 -0.4907 0.0, -1.0348 -0.4946 0.0787, -1.0348 -0.4946 0.0, -1.0393 -0.4977 0.0787, -1.0393 -0.4977 0.0, -1.0443 -0.5001 0.0787, -1.0443 -0.5001 0.0, -1.0496 -0.5015 0.0787, -1.0496 -0.5015 0.0, -1.0551 -0.502 0.0787, -1.0551 -0.502 0.0, -1.1811 -0.502 0.0, -1.1811 -0.502 0.0787, 1.0551 -0.502 0.0, 1.0551 -0.502 0.0787, 1.0497 -0.5015 0.0787, 1.0497 -0.5015 0.0, 1.0444 -0.5001 0.0787, 1.0444 -0.5001 0.0, 1.0394 -0.4977 0.0787, 1.0394 -0.4977 0.0, 1.0349 -0.4946 0.0787, 1.0349 -0.4946 0.0, 1.031 -0.4907 0.0787, 1.031 -0.4907 0.0, 1.0279 -0.4862 0.0787, 1.0279 -0.4862 0.0, 1.0256 -0.4812 0.0787, 1.0256 -0.4812 0.0, 1.0241 -0.4759 0.0787, 1.0241 -0.4759 0.0, 1.0237 -0.4705 0.0787, 1.0237 -0.4705 0.0, 1.0237 -0.4547 0.0, 1.0237 -0.4547 0.0787, 1.0241 -0.4492 0.0787, 1.0241 -0.4492 0.0, 1.0256 -0.4439 0.0787, 1.0256 -0.4439 0.0, 1.0279 -0.439 0.0787, 1.0279 -0.439 0.0, 1.031 -0.4345 0.0787, 1.031 -0.4345 0.0, 1.0349 -0.4306 0.0787, 1.0349 -0.4306 0.0, 1.0394 -0.4274 0.0787, 1.0394 -0.4274 0.0, 1.0444 -0.4251 0.0787, 1.0444 -0.4251 0.0, 1.0497 -0.4237 0.0787, 1.0497 -0.4237 0.0, 1.0551 -0.4232 0.0787, 1.0551 -0.4232 0.0, 1.1811 -0.4232 0.0, 1.1811 -0.4232 0.0787, 1.1811 -0.502 0.0, 1.1811 -0.502 0.0787, -1.0551 -0.5709 0.0, -1.1811 -0.5709 0.0, -1.0551 -0.5709 0.0787, -1.1811 -0.5709 0.0787, -1.0496 -0.5713 0.0787, -1.0496 -0.5713 0.0, -1.0443 -0.5728 0.0787, -1.0443 -0.5728 0.0, -1.0393 -0.5751 0.0787, -1.0393 -0.5751 0.0, -1.0348 -0.5782 0.0787, -1.0348 -0.5782 0.0, -1.031 -0.5821 0.0787, -1.031 -0.5821 0.0, -1.0278 -0.5866 0.0787, -1.0278 -0.5866 0.0, -1.0255 -0.5916 0.0787, -1.0255 -0.5916 0.0, -1.0241 -0.5969 0.0787, -1.0241 -0.5969 0.0, -1.0236 -0.6024 0.0787, -1.0236 -0.6024 0.0, -1.0236 -0.6181 0.0, -1.0236 -0.6181 0.0787, -1.0241 -0.6236 0.0787, -1.0241 -0.6236 0.0, -1.0255 -0.6289 0.0787, -1.0255 -0.6289 0.0, -1.0278 -0.6338 0.0787, -1.0278 -0.6338 0.0, -1.031 -0.6383 0.0787, -1.031 -0.6383 0.0, -1.0348 -0.6422 0.0787, -1.0348 -0.6422 0.0, -1.0393 -0.6454 0.0787, -1.0393 -0.6454 0.0, -1.0443 -0.6477 0.0787, -1.0443 -0.6477 0.0, -1.0496 -0.6491 0.0787, -1.0496 -0.6491 0.0, -1.0551 -0.6496 0.0787, -1.0551 -0.6496 0.0, -1.1811 -0.6496 0.0, -1.1811 -0.6496 0.0787, 1.0551 -0.6496 0.0, 1.0551 -0.6496 0.0787, 1.0497 -0.6491 0.0787, 1.0497 -0.6491 0.0, 1.0444 -0.6477 0.0787, 1.0444 -0.6477 0.0, 1.0394 -0.6454 0.0787, 1.0394 -0.6454 0.0, 1.0349 -0.6422 0.0787, 1.0349 -0.6422 0.0, 1.031 -0.6383 0.0787, 1.031 -0.6383 0.0, 1.0279 -0.6338 0.0787, 1.0279 -0.6338 0.0, 1.0256 -0.6289 0.0787, 1.0256 -0.6289 0.0, 1.0241 -0.6236 0.0787, 1.0241 -0.6236 0.0, 1.0237 -0.6181 0.0787, 1.0237 -0.6181 0.0, 1.0237 -0.6024 0.0, 1.0237 -0.6024 0.0787, 1.0241 -0.5969 0.0787, 1.0241 -0.5969 0.0, 1.0256 -0.5916 0.0787, 1.0256 -0.5916 0.0, 1.0279 -0.5866 0.0787, 1.0279 -0.5866 0.0, 1.031 -0.5821 0.0787, 1.031 -0.5821 0.0, 1.0349 -0.5782 0.0787, 1.0349 -0.5782 0.0, 1.0394 -0.5751 0.0787, 1.0394 -0.5751 0.0, 1.0444 -0.5728 0.0787, 1.0444 -0.5728 0.0, 1.0497 -0.5713 0.0787, 1.0497 -0.5713 0.0, 1.0551 -0.5709 0.0787, 1.0551 -0.5709 0.0, 1.1811 -0.5709 0.0, 1.1811 -0.5709 0.0787, 1.1811 -0.6496 0.0, 1.1811 -0.6496 0.0787, -1.0551 -0.7185 0.0, -1.1811 -0.7185 0.0, -1.0551 -0.7185 0.0787, -1.1811 -0.7185 0.0787, -1.0496 -0.719 0.0787, -1.0496 -0.719 0.0, -1.0443 -0.7204 0.0787, -1.0443 -0.7204 0.0, -1.0393 -0.7227 0.0787, -1.0393 -0.7227 0.0, -1.0348 -0.7259 0.0787, -1.0348 -0.7259 0.0, -1.031 -0.7297 0.0787, -1.031 -0.7297 0.0, -1.0278 -0.7342 0.0787, -1.0278 -0.7342 0.0, -1.0255 -0.7392 0.0787, -1.0255 -0.7392 0.0, -1.0241 -0.7445 0.0787, -1.0241 -0.7445 0.0, -1.0236 -0.75 0.0787, -1.0236 -0.75 0.0, -1.0236 -0.7657 0.0, -1.0236 -0.7657 0.0787, -1.0241 -0.7712 0.0787, -1.0241 -0.7712 0.0, -1.0255 -0.7765 0.0787, -1.0255 -0.7765 0.0, -1.0278 -0.7815 0.0787, -1.0278 -0.7815 0.0, -1.031 -0.786 0.0787, -1.031 -0.786 0.0, -1.0348 -0.7899 0.0787, -1.0348 -0.7899 0.0, -1.0393 -0.793 0.0787, -1.0393 -0.793 0.0, -1.0443 -0.7953 0.0787, -1.0443 -0.7953 0.0, -1.0496 -0.7968 0.0787, -1.0496 -0.7968 0.0, -1.0551 -0.7972 0.0787, -1.0551 -0.7972 0.0, -1.1811 -0.7972 0.0, -1.1811 -0.7972 0.0787, 1.0551 -0.7972 0.0, 1.0551 -0.7972 0.0787, 1.0497 -0.7968 0.0787, 1.0497 -0.7968 0.0, 1.0444 -0.7953 0.0787, 1.0444 -0.7953 0.0, 1.0394 -0.793 0.0787, 1.0394 -0.793 0.0, 1.0349 -0.7899 0.0787, 1.0349 -0.7899 0.0, 1.031 -0.786 0.0787, 1.031 -0.786 0.0, 1.0279 -0.7815 0.0787, 1.0279 -0.7815 0.0, 1.0256 -0.7765 0.0787, 1.0256 -0.7765 0.0, 1.0241 -0.7712 0.0787, 1.0241 -0.7712 0.0, 1.0237 -0.7657 0.0787, 1.0237 -0.7657 0.0, 1.0237 -0.75 0.0, 1.0237 -0.75 0.0787, 1.0241 -0.7445 0.0787, 1.0241 -0.7445 0.0, 1.0256 -0.7392 0.0787, 1.0256 -0.7392 0.0, 1.0279 -0.7342 0.0787, 1.0279 -0.7342 0.0, 1.031 -0.7297 0.0787, 1.031 -0.7297 0.0, 1.0349 -0.7259 0.0787, 1.0349 -0.7259 0.0, 1.0394 -0.7227 0.0787, 1.0394 -0.7227 0.0, 1.0444 -0.7204 0.0787, 1.0444 -0.7204 0.0, 1.0497 -0.719 0.0787, 1.0497 -0.719 0.0, 1.0551 -0.7185 0.0787, 1.0551 -0.7185 0.0, 1.1811 -0.7185 0.0, 1.1811 -0.7185 0.0787, 1.1811 -0.7972 0.0, 1.1811 -0.7972 0.0787
            ]
        }
        coordIndex [
            0,1,2,-1,0,2,3,-1,3,2,4,-1,3,4,5,-1,5,4,6,-1,5,6,7,-1,7,6,8,-1,7,8,9,-1,9,8,10,-1,9,10,11,-1,11,10,12,-1,11,12,13,-1,13,12,14,-1,13,14,15,-1,15,14,16,-1,15,16,17,-1,17,16,18,-1,17,18,19,-1,20,19,21,-1,21,19,18,-1,20,21,22,-1,20,22,23,-1,23,22,24,-1,23,24,25,-1,25,24,26,-1,25,26,27,-1,27,26,28,-1,27,28,29,-1,29,28,30,-1,29,30,31,-1,31,30,32,-1,31,32,33,-1,33,32,34,-1,33,34,35,-1,35,34,36,-1,35,36,37,-1,37,36,38,-1,37,38,39,-1,40,39,41,-1,41,39,38,-1,42,40,43,-1,43,40,41,-1,0,42,1,-1,1,42,43,-1,39,40,42,-1,19,42,0,-1,37,39,25,-1,0,3,19,-1,19,3,5,-1,19,5,17,-1,25,39,23,-1,42,19,39,-1,39,19,20,-1,39,20,23,-1,17,5,15,-1,15,5,7,-1,15,7,13,-1,13,7,9,-1,13,9,11,-1,37,25,35,-1,35,25,27,-1,35,27,33,-1,33,27,29,-1,33,29,31,-1,1,43,18,-1,22,21,34,-1,18,16,1,-1,1,16,14,-1,1,14,2,-1,43,41,18,-1,18,41,38,-1,18,38,21,-1,21,38,36,-1,21,36,34,-1,2,14,4,-1,4,14,12,-1,4,12,6,-1,6,12,10,-1,6,10,8,-1,22,34,24,-1,24,34,32,-1,24,32,26,-1,26,32,30,-1,26,30,28,-1,44,45,46,-1,46,45,47,-1,48,44,49,-1,49,44,46,-1,48,49,50,-1,48,50,51,-1,51,50,52,-1,51,52,53,-1,53,52,54,-1,53,54,55,-1,55,54,56,-1,55,56,57,-1,57,56,58,-1,57,58,59,-1,59,58,60,-1,59,60,61,-1,61,60,62,-1,61,62,63,-1,63,62,64,-1,63,64,65,-1,65,64,66,-1,65,66,67,-1,68,67,69,-1,69,67,66,-1,68,69,70,-1,68,70,71,-1,71,70,72,-1,71,72,73,-1,73,72,74,-1,73,74,75,-1,75,74,76,-1,75,76,77,-1,77,76,78,-1,77,78,79,-1,79,78,80,-1,79,80,81,-1,81,80,82,-1,81,82,83,-1,83,82,84,-1,83,84,85,-1,85,84,86,-1,85,86,87,-1,45,87,47,-1,47,87,86,-1,67,44,48,-1,61,63,51,-1,85,87,73,-1,51,63,48,-1,48,63,65,-1,48,65,67,-1,55,57,59,-1,44,67,45,-1,45,67,68,-1,45,68,87,-1,87,68,71,-1,87,71,73,-1,61,51,59,-1,59,51,53,-1,59,53,55,-1,77,79,81,-1,73,75,85,-1,85,75,77,-1,85,77,83,-1,83,77,81,-1,74,72,86,-1,50,49,62,-1,80,78,76,-1,72,70,86,-1,86,70,69,-1,86,69,47,-1,47,69,46,-1,46,69,66,-1,46,66,49,-1,49,66,64,-1,49,64,62,-1,80,76,82,-1,74,86,76,-1,76,86,84,-1,76,84,82,-1,58,56,54,-1,62,60,50,-1,50,60,58,-1,50,58,52,-1,52,58,54,-1,88,89,90,-1,88,90,91,-1,91,90,92,-1,91,92,93,-1,93,92,94,-1,93,94,95,-1,95,94,96,-1,95,96,97,-1,97,96,98,-1,97,98,99,-1,99,98,100,-1,99,100,101,-1,101,100,102,-1,101,102,103,-1,103,102,104,-1,103,104,105,-1,105,104,106,-1,105,106,107,-1,108,107,109,-1,109,107,106,-1,108,109,110,-1,108,110,111,-1,111,110,112,-1,111,112,113,-1,113,112,114,-1,113,114,115,-1,115,114,116,-1,115,116,117,-1,117,116,118,-1,117,118,119,-1,119,118,120,-1,119,120,121,-1,121,120,122,-1,121,122,123,-1,123,122,124,-1,123,124,125,-1,125,124,126,-1,125,126,127,-1,128,127,129,-1,129,127,126,-1,130,128,131,-1,131,128,129,-1,88,130,89,-1,89,130,131,-1,107,130,88,-1,101,103,91,-1,125,127,113,-1,91,103,88,-1,88,103,105,-1,88,105,107,-1,95,97,99,-1,130,107,128,-1,128,107,108,-1,128,108,127,-1,127,108,111,-1,127,111,113,-1,101,91,99,-1,99,91,93,-1,99,93,95,-1,117,119,121,-1,113,115,125,-1,125,115,117,-1,125,117,123,-1,123,117,121,-1,90,89,102,-1,131,129,106,-1,106,129,126,-1,114,112,126,-1,131,106,89,-1,89,106,104,-1,89,104,102,-1,120,118,116,-1,112,110,126,-1,126,110,109,-1,126,109,106,-1,98,96,94,-1,120,116,122,-1,102,100,90,-1,90,100,98,-1,90,98,92,-1,92,98,94,-1,114,126,116,-1,116,126,124,-1,116,124,122,-1,132,133,134,-1,134,133,135,-1,136,132,137,-1,137,132,134,-1,136,137,138,-1,136,138,139,-1,139,138,140,-1,139,140,141,-1,141,140,142,-1,141,142,143,-1,143,142,144,-1,143,144,145,-1,145,144,146,-1,145,146,147,-1,147,146,148,-1,147,148,149,-1,149,148,150,-1,149,150,151,-1,151,150,152,-1,151,152,153,-1,153,152,154,-1,153,154,155,-1,156,155,157,-1,157,155,154,-1,156,157,158,-1,156,158,159,-1,159,158,160,-1,159,160,161,-1,161,160,162,-1,161,162,163,-1,163,162,164,-1,163,164,165,-1,165,164,166,-1,165,166,167,-1,167,166,168,-1,167,168,169,-1,169,168,170,-1,169,170,171,-1,171,170,172,-1,171,172,173,-1,173,172,174,-1,173,174,175,-1,133,175,135,-1,135,175,174,-1,155,132,136,-1,149,151,139,-1,173,175,161,-1,139,151,136,-1,136,151,153,-1,136,153,155,-1,143,145,147,-1,132,155,133,-1,133,155,156,-1,133,156,175,-1,175,156,159,-1,175,159,161,-1,149,139,147,-1,147,139,141,-1,147,141,143,-1,165,167,169,-1,161,163,173,-1,173,163,165,-1,173,165,171,-1,171,165,169,-1,162,160,174,-1,138,137,150,-1,168,166,164,-1,160,158,174,-1,174,158,157,-1,174,157,135,-1,135,157,134,-1,134,157,154,-1,134,154,137,-1,137,154,152,-1,137,152,150,-1,168,164,170,-1,162,174,164,-1,164,174,172,-1,164,172,170,-1,146,144,142,-1,150,148,138,-1,138,148,146,-1,138,146,140,-1,140,146,142,-1,176,177,178,-1,176,178,179,-1,179,178,180,-1,179,180,181,-1,181,180,182,-1,181,182,183,-1,183,182,184,-1,183,184,185,-1,185,184,186,-1,185,186,187,-1,187,186,188,-1,187,188,189,-1,189,188,190,-1,189,190,191,-1,191,190,192,-1,191,192,193,-1,193,192,194,-1,193,194,195,-1,196,195,197,-1,197,195,194,-1,196,197,198,-1,196,198,199,-1,199,198,200,-1,199,200,201,-1,201,200,202,-1,201,202,203,-1,203,202,204,-1,203,204,205,-1,205,204,206,-1,205,206,207,-1,207,206,208,-1,207,208,209,-1,209,208,210,-1,209,210,211,-1,211,210,212,-1,211,212,213,-1,213,212,214,-1,213,214,215,-1,216,215,217,-1,217,215,214,-1,218,216,219,-1,219,216,217,-1,176,218,177,-1,177,218,219,-1,195,218,176,-1,189,191,179,-1,213,215,201,-1,179,191,176,-1,176,191,193,-1,176,193,195,-1,183,185,187,-1,218,195,216,-1,216,195,196,-1,216,196,215,-1,215,196,199,-1,215,199,201,-1,189,179,187,-1,187,179,181,-1,187,181,183,-1,205,207,209,-1,201,203,213,-1,213,203,205,-1,213,205,211,-1,211,205,209,-1,178,177,190,-1,219,217,194,-1,194,217,214,-1,194,214,197,-1,202,200,212,-1,219,194,177,-1,177,194,192,-1,177,192,190,-1,212,200,214,-1,214,200,198,-1,214,198,197,-1,208,206,204,-1,186,184,182,-1,190,188,178,-1,178,188,186,-1,178,186,180,-1,180,186,182,-1,202,212,204,-1,204,212,210,-1,204,210,208,-1,220,221,222,-1,222,221,223,-1,224,220,225,-1,225,220,222,-1,224,225,226,-1,224,226,227,-1,227,226,228,-1,227,228,229,-1,229,228,230,-1,229,230,231,-1,231,230,232,-1,231,232,233,-1,233,232,234,-1,233,234,235,-1,235,234,236,-1,235,236,237,-1,237,236,238,-1,237,238,239,-1,239,238,240,-1,239,240,241,-1,241,240,242,-1,241,242,243,-1,244,243,245,-1,245,243,242,-1,244,245,246,-1,244,246,247,-1,247,246,248,-1,247,248,249,-1,249,248,250,-1,249,250,251,-1,251,250,252,-1,251,252,253,-1,253,252,254,-1,253,254,255,-1,255,254,256,-1,255,256,257,-1,257,256,258,-1,257,258,259,-1,259,258,260,-1,259,260,261,-1,261,260,262,-1,261,262,263,-1,221,263,223,-1,223,263,262,-1,241,243,224,-1,224,243,220,-1,261,263,249,-1,227,229,231,-1,235,237,224,-1,224,237,239,-1,224,239,241,-1,220,243,221,-1,221,243,244,-1,221,244,263,-1,263,244,247,-1,263,247,249,-1,227,231,224,-1,224,231,233,-1,224,233,235,-1,253,255,257,-1,249,251,261,-1,261,251,253,-1,261,253,259,-1,259,253,257,-1,222,223,225,-1,225,223,262,-1,250,248,262,-1,256,254,252,-1,248,246,262,-1,262,246,245,-1,262,245,225,-1,225,245,242,-1,225,242,240,-1,256,252,258,-1,240,238,225,-1,225,238,236,-1,225,236,234,-1,250,262,252,-1,252,262,260,-1,252,260,258,-1,234,232,225,-1,225,232,230,-1,225,230,226,-1,226,230,228,-1,264,265,266,-1,264,266,267,-1,267,266,268,-1,267,268,269,-1,269,268,270,-1,269,270,271,-1,271,270,272,-1,271,272,273,-1,273,272,274,-1,273,274,275,-1,275,274,276,-1,275,276,277,-1,277,276,278,-1,277,278,279,-1,279,278,280,-1,279,280,281,-1,281,280,282,-1,281,282,283,-1,284,283,285,-1,285,283,282,-1,284,285,286,-1,284,286,287,-1,287,286,288,-1,287,288,289,-1,289,288,290,-1,289,290,291,-1,291,290,292,-1,291,292,293,-1,293,292,294,-1,293,294,295,-1,295,294,296,-1,295,296,297,-1,297,296,298,-1,297,298,299,-1,299,298,300,-1,299,300,301,-1,301,300,302,-1,301,302,303,-1,304,303,305,-1,305,303,302,-1,306,304,307,-1,307,304,305,-1,264,306,265,-1,265,306,307,-1,303,283,284,-1,277,279,267,-1,267,279,264,-1,279,281,264,-1,264,281,283,-1,264,283,306,-1,306,283,303,-1,306,303,304,-1,271,273,275,-1,284,287,303,-1,303,287,289,-1,303,289,301,-1,301,289,299,-1,293,295,297,-1,277,267,275,-1,275,267,269,-1,275,269,271,-1,299,289,297,-1,297,289,291,-1,297,291,293,-1,266,265,278,-1,307,305,282,-1,282,305,302,-1,282,302,285,-1,307,282,265,-1,265,282,280,-1,265,280,278,-1,300,288,302,-1,302,288,286,-1,302,286,285,-1,296,294,292,-1,274,272,270,-1,300,298,288,-1,288,298,296,-1,288,296,290,-1,290,296,292,-1,278,276,266,-1,266,276,274,-1,266,274,268,-1,268,274,270,-1,308,309,310,-1,310,309,311,-1,312,308,313,-1,313,308,310,-1,312,313,314,-1,312,314,315,-1,315,314,316,-1,315,316,317,-1,317,316,318,-1,317,318,319,-1,319,318,320,-1,319,320,321,-1,321,320,322,-1,321,322,323,-1,323,322,324,-1,323,324,325,-1,325,324,326,-1,325,326,327,-1,327,326,328,-1,327,328,329,-1,329,328,330,-1,329,330,331,-1,332,331,333,-1,333,331,330,-1,332,333,334,-1,332,334,335,-1,335,334,336,-1,335,336,337,-1,337,336,338,-1,337,338,339,-1,339,338,340,-1,339,340,341,-1,341,340,342,-1,341,342,343,-1,343,342,344,-1,343,344,345,-1,345,344,346,-1,345,346,347,-1,347,346,348,-1,347,348,349,-1,349,348,350,-1,349,350,351,-1,309,351,311,-1,311,351,350,-1,329,331,312,-1,351,331,332,-1,312,331,308,-1,308,331,351,-1,308,351,309,-1,315,317,319,-1,323,325,312,-1,312,325,327,-1,312,327,329,-1,315,319,312,-1,312,319,321,-1,312,321,323,-1,332,335,351,-1,351,335,337,-1,351,337,349,-1,349,337,339,-1,349,339,341,-1,343,345,341,-1,341,345,347,-1,341,347,349,-1,310,311,313,-1,313,311,350,-1,336,334,350,-1,350,334,333,-1,350,333,313,-1,313,333,330,-1,313,330,328,-1,348,340,350,-1,350,340,338,-1,350,338,336,-1,348,346,340,-1,340,346,344,-1,340,344,342,-1,328,326,313,-1,313,326,324,-1,313,324,322,-1,322,320,313,-1,313,320,318,-1,313,318,314,-1,314,318,316,-1,352,353,354,-1,352,354,355,-1,355,354,356,-1,355,356,357,-1,357,356,358,-1,357,358,359,-1,359,358,360,-1,359,360,361,-1,361,360,362,-1,361,362,363,-1,363,362,364,-1,363,364,365,-1,365,364,366,-1,365,366,367,-1,367,366,368,-1,367,368,369,-1,369,368,370,-1,369,370,371,-1,372,371,373,-1,373,371,370,-1,372,373,374,-1,372,374,375,-1,375,374,376,-1,375,376,377,-1,377,376,378,-1,377,378,379,-1,379,378,380,-1,379,380,381,-1,381,380,382,-1,381,382,383,-1,383,382,384,-1,383,384,385,-1,385,384,386,-1,385,386,387,-1,387,386,388,-1,387,388,389,-1,389,388,390,-1,389,390,391,-1,392,391,393,-1,393,391,390,-1,394,392,395,-1,395,392,393,-1,352,394,353,-1,353,394,395,-1,365,367,352,-1,391,371,372,-1,359,361,363,-1,367,369,352,-1,352,369,371,-1,352,371,394,-1,394,371,391,-1,394,391,392,-1,372,375,391,-1,391,375,377,-1,391,377,389,-1,389,377,387,-1,359,363,357,-1,381,383,385,-1,365,352,363,-1,363,352,355,-1,363,355,357,-1,387,377,385,-1,385,377,379,-1,385,379,381,-1,373,370,390,-1,390,370,393,-1,368,353,370,-1,370,353,395,-1,370,395,393,-1,368,366,353,-1,353,366,364,-1,353,364,362,-1,388,376,390,-1,390,376,374,-1,390,374,373,-1,384,382,380,-1,362,360,358,-1,388,386,376,-1,376,386,384,-1,376,384,378,-1,378,384,380,-1,358,356,362,-1,362,356,354,-1,362,354,353,-1,396,397,398,-1,398,397,399,-1,400,396,401,-1,401,396,398,-1,400,401,402,-1,400,402,403,-1,403,402,404,-1,403,404,405,-1,405,404,406,-1,405,406,407,-1,407,406,408,-1,407,408,409,-1,409,408,410,-1,409,410,411,-1,411,410,412,-1,411,412,413,-1,413,412,414,-1,413,414,415,-1,415,414,416,-1,415,416,417,-1,417,416,418,-1,417,418,419,-1,420,419,421,-1,421,419,418,-1,420,421,422,-1,420,422,423,-1,423,422,424,-1,423,424,425,-1,425,424,426,-1,425,426,427,-1,427,426,428,-1,427,428,429,-1,429,428,430,-1,429,430,431,-1,431,430,432,-1,431,432,433,-1,433,432,434,-1,433,434,435,-1,435,434,436,-1,435,436,437,-1,437,436,438,-1,437,438,439,-1,397,439,399,-1,399,439,438,-1,439,397,396,-1,417,419,400,-1,400,419,396,-1,437,439,425,-1,425,439,423,-1,403,405,407,-1,411,413,400,-1,400,413,415,-1,400,415,417,-1,396,419,439,-1,439,419,420,-1,439,420,423,-1,403,407,400,-1,400,407,409,-1,400,409,411,-1,429,431,433,-1,425,427,437,-1,437,427,429,-1,437,429,435,-1,435,429,433,-1,398,399,401,-1,401,399,438,-1,426,424,438,-1,424,422,438,-1,438,422,421,-1,438,421,401,-1,401,421,418,-1,401,418,416,-1,432,438,434,-1,434,438,436,-1,432,430,438,-1,438,430,428,-1,438,428,426,-1,416,414,401,-1,401,414,412,-1,401,412,410,-1,410,408,401,-1,401,408,406,-1,401,406,402,-1,402,406,404,-1,440,441,442,-1,440,442,443,-1,443,442,444,-1,443,444,445,-1,445,444,446,-1,445,446,447,-1,447,446,448,-1,447,448,449,-1,449,448,450,-1,449,450,451,-1,451,450,452,-1,451,452,453,-1,453,452,454,-1,453,454,455,-1,455,454,456,-1,455,456,457,-1,457,456,458,-1,457,458,459,-1,460,459,461,-1,461,459,458,-1,460,461,462,-1,460,462,463,-1,463,462,464,-1,463,464,465,-1,465,464,466,-1,465,466,467,-1,467,466,468,-1,467,468,469,-1,469,468,470,-1,469,470,471,-1,471,470,472,-1,471,472,473,-1,473,472,474,-1,473,474,475,-1,475,474,476,-1,475,476,477,-1,477,476,478,-1,477,478,479,-1,480,479,481,-1,481,479,478,-1,482,480,483,-1,483,480,481,-1,440,482,441,-1,441,482,483,-1,459,482,440,-1,453,455,443,-1,477,479,465,-1,443,455,440,-1,440,455,457,-1,440,457,459,-1,447,449,451,-1,482,459,480,-1,480,459,460,-1,480,460,479,-1,479,460,463,-1,479,463,465,-1,453,443,451,-1,451,443,445,-1,451,445,447,-1,469,471,473,-1,465,467,477,-1,477,467,469,-1,477,469,475,-1,475,469,473,-1,442,441,454,-1,483,481,458,-1,458,481,478,-1,458,478,461,-1,461,478,462,-1,483,458,441,-1,441,458,456,-1,441,456,454,-1,476,474,472,-1,468,466,478,-1,478,466,464,-1,478,464,462,-1,450,448,446,-1,476,472,478,-1,478,472,470,-1,478,470,468,-1,454,452,442,-1,442,452,450,-1,442,450,444,-1,444,450,446,-1,484,485,486,-1,486,485,487,-1,488,484,489,-1,489,484,486,-1,488,489,490,-1,488,490,491,-1,491,490,492,-1,491,492,493,-1,493,492,494,-1,493,494,495,-1,495,494,496,-1,495,496,497,-1,497,496,498,-1,497,498,499,-1,499,498,500,-1,499,500,501,-1,501,500,502,-1,501,502,503,-1,503,502,504,-1,503,504,505,-1,505,504,506,-1,505,506,507,-1,508,507,509,-1,509,507,506,-1,508,509,510,-1,508,510,511,-1,511,510,512,-1,511,512,513,-1,513,512,514,-1,513,514,515,-1,515,514,516,-1,515,516,517,-1,517,516,518,-1,517,518,519,-1,519,518,520,-1,519,520,521,-1,521,520,522,-1,521,522,523,-1,523,522,524,-1,523,524,525,-1,525,524,526,-1,525,526,527,-1,485,527,487,-1,487,527,526,-1,527,485,484,-1,525,527,513,-1,501,503,488,-1,503,505,488,-1,488,505,507,-1,488,507,484,-1,513,527,511,-1,484,507,527,-1,527,507,508,-1,527,508,511,-1,495,488,493,-1,493,488,491,-1,495,497,488,-1,488,497,499,-1,488,499,501,-1,517,519,521,-1,513,515,525,-1,525,515,517,-1,525,517,523,-1,523,517,521,-1,486,487,489,-1,489,487,526,-1,514,512,526,-1,504,502,489,-1,512,510,526,-1,526,510,509,-1,526,509,489,-1,489,509,506,-1,489,506,504,-1,520,526,522,-1,522,526,524,-1,520,518,526,-1,526,518,516,-1,526,516,514,-1,502,500,489,-1,489,500,498,-1,489,498,496,-1,496,494,489,-1,489,494,492,-1,489,492,490,-1,528,529,530,-1,528,530,531,-1,531,530,532,-1,531,532,533,-1,533,532,534,-1,533,534,535,-1,535,534,536,-1,535,536,537,-1,537,536,538,-1,537,538,539,-1,539,538,540,-1,539,540,541,-1,541,540,542,-1,541,542,543,-1,543,542,544,-1,543,544,545,-1,545,544,546,-1,545,546,547,-1,548,547,549,-1,549,547,546,-1,548,549,550,-1,548,550,551,-1,551,550,552,-1,551,552,553,-1,553,552,554,-1,553,554,555,-1,555,554,556,-1,555,556,557,-1,557,556,558,-1,557,558,559,-1,559,558,560,-1,559,560,561,-1,561,560,562,-1,561,562,563,-1,563,562,564,-1,563,564,565,-1,565,564,566,-1,565,566,567,-1,568,567,569,-1,569,567,566,-1,570,568,571,-1,571,568,569,-1,528,570,529,-1,529,570,571,-1,567,568,570,-1,547,570,528,-1,565,567,553,-1,541,543,531,-1,531,543,528,-1,528,543,545,-1,528,545,547,-1,553,567,551,-1,535,537,539,-1,570,547,567,-1,567,547,548,-1,567,548,551,-1,541,531,539,-1,539,531,533,-1,539,533,535,-1,557,559,561,-1,553,555,565,-1,565,555,557,-1,565,557,563,-1,563,557,561,-1,530,529,542,-1,571,569,546,-1,546,569,566,-1,554,552,566,-1,571,546,529,-1,529,546,544,-1,529,544,542,-1,552,550,566,-1,566,550,549,-1,566,549,546,-1,538,536,534,-1,560,566,562,-1,562,566,564,-1,560,558,566,-1,566,558,556,-1,566,556,554,-1,542,540,530,-1,530,540,538,-1,530,538,532,-1,532,538,534,-1,572,573,574,-1,574,573,575,-1,576,572,577,-1,577,572,574,-1,576,577,578,-1,576,578,579,-1,579,578,580,-1,579,580,581,-1,581,580,582,-1,581,582,583,-1,583,582,584,-1,583,584,585,-1,585,584,586,-1,585,586,587,-1,587,586,588,-1,587,588,589,-1,589,588,590,-1,589,590,591,-1,591,590,592,-1,591,592,593,-1,593,592,594,-1,593,594,595,-1,596,595,597,-1,597,595,594,-1,596,597,598,-1,596,598,599,-1,599,598,600,-1,599,600,601,-1,601,600,602,-1,601,602,603,-1,603,602,604,-1,603,604,605,-1,605,604,606,-1,605,606,607,-1,607,606,608,-1,607,608,609,-1,609,608,610,-1,609,610,611,-1,611,610,612,-1,611,612,613,-1,613,612,614,-1,613,614,615,-1,573,615,575,-1,575,615,614,-1,593,595,576,-1,615,595,596,-1,576,595,572,-1,572,595,615,-1,572,615,573,-1,579,581,583,-1,587,589,576,-1,576,589,591,-1,576,591,593,-1,579,583,576,-1,576,583,585,-1,576,585,587,-1,596,599,615,-1,615,599,601,-1,615,601,613,-1,613,601,603,-1,613,603,605,-1,607,609,605,-1,605,609,611,-1,605,611,613,-1,574,575,577,-1,577,575,614,-1,600,598,614,-1,614,598,597,-1,614,597,577,-1,577,597,594,-1,577,594,592,-1,612,604,614,-1,614,604,602,-1,614,602,600,-1,612,610,604,-1,604,610,608,-1,604,608,606,-1,592,590,577,-1,577,590,588,-1,577,588,586,-1,586,584,577,-1,577,584,582,-1,577,582,578,-1,578,582,580,-1,616,617,618,-1,616,618,619,-1,619,618,620,-1,619,620,621,-1,621,620,622,-1,621,622,623,-1,623,622,624,-1,623,624,625,-1,625,624,626,-1,625,626,627,-1,627,626,628,-1,627,628,629,-1,629,628,630,-1,629,630,631,-1,631,630,632,-1,631,632,633,-1,633,632,634,-1,633,634,635,-1,636,635,637,-1,637,635,634,-1,636,637,638,-1,636,638,639,-1,639,638,640,-1,639,640,641,-1,641,640,642,-1,641,642,643,-1,643,642,644,-1,643,644,645,-1,645,644,646,-1,645,646,647,-1,647,646,648,-1,647,648,649,-1,649,648,650,-1,649,650,651,-1,651,650,652,-1,651,652,653,-1,653,652,654,-1,653,654,655,-1,656,655,657,-1,657,655,654,-1,658,656,659,-1,659,656,657,-1,616,658,617,-1,617,658,659,-1,629,631,616,-1,655,635,636,-1,623,625,627,-1,631,633,616,-1,616,633,635,-1,616,635,658,-1,658,635,655,-1,658,655,656,-1,636,639,655,-1,655,639,641,-1,655,641,653,-1,653,641,651,-1,623,627,621,-1,645,647,649,-1,629,616,627,-1,627,616,619,-1,627,619,621,-1,651,641,649,-1,649,641,643,-1,649,643,645,-1,637,634,654,-1,654,634,657,-1,632,617,634,-1,634,617,659,-1,634,659,657,-1,632,630,617,-1,617,630,628,-1,617,628,626,-1,652,640,654,-1,654,640,638,-1,654,638,637,-1,648,646,644,-1,626,624,622,-1,652,650,640,-1,640,650,648,-1,640,648,642,-1,642,648,644,-1,622,620,626,-1,626,620,618,-1,626,618,617,-1,660,661,662,-1,662,661,663,-1,664,660,665,-1,665,660,662,-1,664,665,666,-1,664,666,667,-1,667,666,668,-1,667,668,669,-1,669,668,670,-1,669,670,671,-1,671,670,672,-1,671,672,673,-1,673,672,674,-1,673,674,675,-1,675,674,676,-1,675,676,677,-1,677,676,678,-1,677,678,679,-1,679,678,680,-1,679,680,681,-1,681,680,682,-1,681,682,683,-1,684,683,685,-1,685,683,682,-1,684,685,686,-1,684,686,687,-1,687,686,688,-1,687,688,689,-1,689,688,690,-1,689,690,691,-1,691,690,692,-1,691,692,693,-1,693,692,694,-1,693,694,695,-1,695,694,696,-1,695,696,697,-1,697,696,698,-1,697,698,699,-1,699,698,700,-1,699,700,701,-1,701,700,702,-1,701,702,703,-1,661,703,663,-1,663,703,702,-1,703,683,684,-1,677,679,667,-1,667,679,664,-1,679,681,664,-1,664,681,683,-1,664,683,660,-1,660,683,703,-1,660,703,661,-1,671,673,675,-1,677,667,675,-1,675,667,669,-1,675,669,671,-1,684,687,703,-1,703,687,689,-1,703,689,701,-1,701,689,691,-1,701,691,693,-1,695,697,693,-1,693,697,699,-1,693,699,701,-1,666,665,678,-1,662,663,665,-1,665,663,702,-1,678,665,680,-1,688,686,702,-1,702,686,685,-1,702,685,665,-1,665,685,682,-1,665,682,680,-1,700,692,702,-1,702,692,690,-1,702,690,688,-1,700,698,692,-1,692,698,696,-1,692,696,694,-1,674,672,670,-1,678,676,666,-1,666,676,674,-1,666,674,668,-1,668,674,670,-1,704,705,706,-1,704,706,707,-1,707,706,708,-1,707,708,709,-1,709,708,710,-1,709,710,711,-1,711,710,712,-1,711,712,713,-1,713,712,714,-1,713,714,715,-1,715,714,716,-1,715,716,717,-1,717,716,718,-1,717,718,719,-1,719,718,720,-1,719,720,721,-1,721,720,722,-1,721,722,723,-1,724,723,725,-1,725,723,722,-1,724,725,726,-1,724,726,727,-1,727,726,728,-1,727,728,729,-1,729,728,730,-1,729,730,731,-1,731,730,732,-1,731,732,733,-1,733,732,734,-1,733,734,735,-1,735,734,736,-1,735,736,737,-1,737,736,738,-1,737,738,739,-1,739,738,740,-1,739,740,741,-1,741,740,742,-1,741,742,743,-1,744,743,745,-1,745,743,742,-1,746,744,747,-1,747,744,745,-1,704,746,705,-1,705,746,747,-1,717,719,704,-1,741,743,729,-1,711,713,715,-1,719,721,704,-1,704,721,723,-1,704,723,746,-1,746,723,744,-1,744,723,724,-1,744,724,743,-1,743,724,727,-1,743,727,729,-1,711,715,709,-1,717,704,715,-1,715,704,707,-1,715,707,709,-1,733,735,737,-1,729,731,741,-1,741,731,733,-1,741,733,739,-1,739,733,737,-1,725,722,742,-1,742,722,745,-1,730,728,740,-1,720,705,722,-1,722,705,747,-1,722,747,745,-1,740,728,742,-1,742,728,726,-1,742,726,725,-1,720,718,705,-1,705,718,716,-1,705,716,714,-1,736,734,732,-1,714,712,710,-1,710,708,714,-1,714,708,706,-1,714,706,705,-1,730,740,732,-1,732,740,738,-1,732,738,736,-1,748,749,750,-1,750,749,751,-1,752,748,753,-1,753,748,750,-1,752,753,754,-1,752,754,755,-1,755,754,756,-1,755,756,757,-1,757,756,758,-1,757,758,759,-1,759,758,760,-1,759,760,761,-1,761,760,762,-1,761,762,763,-1,763,762,764,-1,763,764,765,-1,765,764,766,-1,765,766,767,-1,767,766,768,-1,767,768,769,-1,769,768,770,-1,769,770,771,-1,772,771,773,-1,773,771,770,-1,772,773,774,-1,772,774,775,-1,775,774,776,-1,775,776,777,-1,777,776,778,-1,777,778,779,-1,779,778,780,-1,779,780,781,-1,781,780,782,-1,781,782,783,-1,783,782,784,-1,783,784,785,-1,785,784,786,-1,785,786,787,-1,787,786,788,-1,787,788,789,-1,789,788,790,-1,789,790,791,-1,749,791,751,-1,751,791,790,-1,771,748,752,-1,765,767,755,-1,789,791,777,-1,755,767,752,-1,752,767,769,-1,752,769,771,-1,759,761,763,-1,748,771,749,-1,749,771,772,-1,749,772,791,-1,791,772,775,-1,791,775,777,-1,765,755,763,-1,763,755,757,-1,763,757,759,-1,781,783,785,-1,777,779,789,-1,789,779,781,-1,789,781,787,-1,787,781,785,-1,778,776,790,-1,754,753,766,-1,784,782,780,-1,776,774,790,-1,790,774,773,-1,790,773,751,-1,751,773,750,-1,750,773,770,-1,750,770,753,-1,753,770,768,-1,753,768,766,-1,784,780,786,-1,778,790,780,-1,780,790,788,-1,780,788,786,-1,762,760,758,-1,766,764,754,-1,754,764,762,-1,754,762,756,-1,756,762,758,-1,792,793,794,-1,792,794,795,-1,795,794,796,-1,795,796,797,-1,797,796,798,-1,797,798,799,-1,799,798,800,-1,799,800,801,-1,801,800,802,-1,801,802,803,-1,803,802,804,-1,803,804,805,-1,805,804,806,-1,805,806,807,-1,807,806,808,-1,807,808,809,-1,809,808,810,-1,809,810,811,-1,812,811,813,-1,813,811,810,-1,812,813,814,-1,812,814,815,-1,815,814,816,-1,815,816,817,-1,817,816,818,-1,817,818,819,-1,819,818,820,-1,819,820,821,-1,821,820,822,-1,821,822,823,-1,823,822,824,-1,823,824,825,-1,825,824,826,-1,825,826,827,-1,827,826,828,-1,827,828,829,-1,829,828,830,-1,829,830,831,-1,832,831,833,-1,833,831,830,-1,834,832,835,-1,835,832,833,-1,792,834,793,-1,793,834,835,-1,811,834,792,-1,805,807,795,-1,829,831,817,-1,795,807,792,-1,792,807,809,-1,792,809,811,-1,799,801,803,-1,834,811,832,-1,832,811,812,-1,832,812,831,-1,831,812,815,-1,831,815,817,-1,805,795,803,-1,803,795,797,-1,803,797,799,-1,821,823,825,-1,817,819,829,-1,829,819,821,-1,829,821,827,-1,827,821,825,-1,794,793,806,-1,835,833,810,-1,810,833,830,-1,810,830,813,-1,818,816,828,-1,835,810,793,-1,793,810,808,-1,793,808,806,-1,828,816,830,-1,830,816,814,-1,830,814,813,-1,824,822,820,-1,802,800,798,-1,806,804,794,-1,794,804,802,-1,794,802,796,-1,796,802,798,-1,818,828,820,-1,820,828,826,-1,820,826,824,-1,836,837,838,-1,838,837,839,-1,840,836,841,-1,841,836,838,-1,840,841,842,-1,840,842,843,-1,843,842,844,-1,843,844,845,-1,845,844,846,-1,845,846,847,-1,847,846,848,-1,847,848,849,-1,849,848,850,-1,849,850,851,-1,851,850,852,-1,851,852,853,-1,853,852,854,-1,853,854,855,-1,855,854,856,-1,855,856,857,-1,857,856,858,-1,857,858,859,-1,860,859,861,-1,861,859,858,-1,860,861,862,-1,860,862,863,-1,863,862,864,-1,863,864,865,-1,865,864,866,-1,865,866,867,-1,867,866,868,-1,867,868,869,-1,869,868,870,-1,869,870,871,-1,871,870,872,-1,871,872,873,-1,873,872,874,-1,873,874,875,-1,875,874,876,-1,875,876,877,-1,877,876,878,-1,877,878,879,-1,837,879,839,-1,839,879,878,-1,859,836,840,-1,853,855,843,-1,877,879,865,-1,843,855,840,-1,840,855,857,-1,840,857,859,-1,847,849,851,-1,836,859,837,-1,837,859,860,-1,837,860,879,-1,879,860,863,-1,879,863,865,-1,853,843,851,-1,851,843,845,-1,851,845,847,-1,869,871,873,-1,865,867,877,-1,877,867,869,-1,877,869,875,-1,875,869,873,-1,866,864,878,-1,842,841,854,-1,872,870,868,-1,864,862,878,-1,878,862,861,-1,878,861,839,-1,839,861,838,-1,838,861,858,-1,838,858,841,-1,841,858,856,-1,841,856,854,-1,872,868,874,-1,866,878,868,-1,868,878,876,-1,868,876,874,-1,850,848,846,-1,854,852,842,-1,842,852,850,-1,842,850,844,-1,844,850,846,-1,880,881,882,-1,880,882,883,-1,883,882,884,-1,883,884,885,-1,885,884,886,-1,885,886,887,-1,887,886,888,-1,887,888,889,-1,889,888,890,-1,889,890,891,-1,891,890,892,-1,891,892,893,-1,893,892,894,-1,893,894,895,-1,895,894,896,-1,895,896,897,-1,897,896,898,-1,897,898,899,-1,900,899,901,-1,901,899,898,-1,900,901,902,-1,900,902,903,-1,903,902,904,-1,903,904,905,-1,905,904,906,-1,905,906,907,-1,907,906,908,-1,907,908,909,-1,909,908,910,-1,909,910,911,-1,911,910,912,-1,911,912,913,-1,913,912,914,-1,913,914,915,-1,915,914,916,-1,915,916,917,-1,917,916,918,-1,917,918,919,-1,920,919,921,-1,921,919,918,-1,922,920,923,-1,923,920,921,-1,880,922,881,-1,881,922,923,-1,899,922,880,-1,893,895,883,-1,917,919,905,-1,883,895,880,-1,880,895,897,-1,880,897,899,-1,887,889,891,-1,922,899,920,-1,920,899,900,-1,920,900,919,-1,919,900,903,-1,919,903,905,-1,893,883,891,-1,891,883,885,-1,891,885,887,-1,909,911,913,-1,905,907,917,-1,917,907,909,-1,917,909,915,-1,915,909,913,-1,882,881,894,-1,923,921,898,-1,898,921,918,-1,898,918,901,-1,906,904,916,-1,923,898,881,-1,881,898,896,-1,881,896,894,-1,916,904,918,-1,918,904,902,-1,918,902,901,-1,912,910,908,-1,890,888,886,-1,894,892,882,-1,882,892,890,-1,882,890,884,-1,884,890,886,-1,906,916,908,-1,908,916,914,-1,908,914,912,-1,924,925,926,-1,926,925,927,-1,928,924,929,-1,929,924,926,-1,928,929,930,-1,928,930,931,-1,931,930,932,-1,931,932,933,-1,933,932,934,-1,933,934,935,-1,935,934,936,-1,935,936,937,-1,937,936,938,-1,937,938,939,-1,939,938,940,-1,939,940,941,-1,941,940,942,-1,941,942,943,-1,943,942,944,-1,943,944,945,-1,945,944,946,-1,945,946,947,-1,948,947,949,-1,949,947,946,-1,948,949,950,-1,948,950,951,-1,951,950,952,-1,951,952,953,-1,953,952,954,-1,953,954,955,-1,955,954,956,-1,955,956,957,-1,957,956,958,-1,957,958,959,-1,959,958,960,-1,959,960,961,-1,961,960,962,-1,961,962,963,-1,963,962,964,-1,963,964,965,-1,965,964,966,-1,965,966,967,-1,925,967,927,-1,927,967,966,-1,967,925,924,-1,947,924,928,-1,965,967,953,-1,928,931,947,-1,947,931,933,-1,947,933,945,-1,953,967,951,-1,924,947,967,-1,967,947,948,-1,967,948,951,-1,945,933,943,-1,943,933,935,-1,943,935,941,-1,941,935,937,-1,941,937,939,-1,965,953,963,-1,963,953,955,-1,963,955,961,-1,961,955,957,-1,961,957,959,-1,949,927,966,-1,930,929,942,-1,966,964,949,-1,949,964,962,-1,949,962,950,-1,927,949,926,-1,926,949,946,-1,926,946,929,-1,929,946,944,-1,929,944,942,-1,950,962,952,-1,952,962,960,-1,952,960,954,-1,954,960,958,-1,954,958,956,-1,930,942,932,-1,932,942,940,-1,932,940,934,-1,934,940,938,-1,934,938,936,-1,968,969,970,-1,968,970,971,-1,971,970,972,-1,971,972,973,-1,973,972,974,-1,973,974,975,-1,975,974,976,-1,975,976,977,-1,977,976,978,-1,977,978,979,-1,979,978,980,-1,979,980,981,-1,981,980,982,-1,981,982,983,-1,983,982,984,-1,983,984,985,-1,985,984,986,-1,985,986,987,-1,988,987,989,-1,989,987,986,-1,988,989,990,-1,988,990,991,-1,991,990,992,-1,991,992,993,-1,993,992,994,-1,993,994,995,-1,995,994,996,-1,995,996,997,-1,997,996,998,-1,997,998,999,-1,999,998,1000,-1,999,1000,1001,-1,1001,1000,1002,-1,1001,1002,1003,-1,1003,1002,1004,-1,1003,1004,1005,-1,1005,1004,1006,-1,1005,1006,1007,-1,1008,1007,1009,-1,1009,1007,1006,-1,1010,1008,1011,-1,1011,1008,1009,-1,968,1010,969,-1,969,1010,1011,-1,1007,1008,1010,-1,987,1010,968,-1,1005,1007,993,-1,968,971,987,-1,987,971,973,-1,987,973,985,-1,993,1007,991,-1,1010,987,1007,-1,1007,987,988,-1,1007,988,991,-1,985,973,983,-1,983,973,975,-1,983,975,981,-1,981,975,977,-1,981,977,979,-1,1005,993,1003,-1,1003,993,995,-1,1003,995,1001,-1,1001,995,997,-1,1001,997,999,-1,969,1011,986,-1,990,989,1002,-1,986,984,969,-1,969,984,982,-1,969,982,970,-1,1011,1009,986,-1,986,1009,1006,-1,986,1006,989,-1,989,1006,1004,-1,989,1004,1002,-1,970,982,972,-1,972,982,980,-1,972,980,974,-1,974,980,978,-1,974,978,976,-1,990,1002,992,-1,992,1002,1000,-1,992,1000,994,-1,994,1000,998,-1,994,998,996,-1,1012,1013,1014,-1,1012,1014,1015,-1,1015,1014,1016,-1,1015,1016,1017,-1,1017,1016,1018,-1,1017,1018,1019,-1,1019,1018,1020,-1,1019,1020,1021,-1,1021,1020,1022,-1,1021,1022,1023,-1,1023,1022,1024,-1,1023,1024,1025,-1,1025,1024,1026,-1,1025,1026,1027,-1,1027,1026,1028,-1,1027,1028,1029,-1,1029,1028,1030,-1,1029,1030,1031,-1,1032,1031,1033,-1,1033,1031,1030,-1,1032,1033,1034,-1,1032,1034,1035,-1,1035,1034,1036,-1,1035,1036,1037,-1,1037,1036,1038,-1,1037,1038,1039,-1,1039,1038,1040,-1,1039,1040,1041,-1,1041,1040,1042,-1,1041,1042,1043,-1,1043,1042,1044,-1,1043,1044,1045,-1,1045,1044,1046,-1,1045,1046,1047,-1,1047,1046,1048,-1,1047,1048,1049,-1,1049,1048,1050,-1,1049,1050,1051,-1,1052,1051,1053,-1,1053,1051,1050,-1,1054,1052,1055,-1,1055,1052,1053,-1,1012,1054,1013,-1,1013,1054,1055,-1,1054,1012,1031,-1,1031,1012,1015,-1,1031,1015,1017,-1,1054,1031,1052,-1,1052,1031,1032,-1,1052,1032,1051,-1,1051,1032,1035,-1,1051,1035,1037,-1,1019,1027,1017,-1,1017,1027,1029,-1,1017,1029,1031,-1,1019,1021,1027,-1,1027,1021,1023,-1,1027,1023,1025,-1,1039,1047,1037,-1,1037,1047,1049,-1,1037,1049,1051,-1,1039,1041,1047,-1,1047,1041,1043,-1,1047,1043,1045,-1,1053,1050,1033,-1,1033,1050,1048,-1,1033,1048,1046,-1,1053,1033,1055,-1,1055,1033,1030,-1,1055,1030,1013,-1,1013,1030,1028,-1,1013,1028,1026,-1,1044,1036,1046,-1,1046,1036,1034,-1,1046,1034,1033,-1,1044,1042,1036,-1,1036,1042,1040,-1,1036,1040,1038,-1,1024,1016,1026,-1,1026,1016,1014,-1,1026,1014,1013,-1,1024,1022,1016,-1,1016,1022,1020,-1,1016,1020,1018,-1,1056,1057,1058,-1,1058,1057,1059,-1,1060,1056,1061,-1,1061,1056,1058,-1,1062,1060,1063,-1,1063,1060,1061,-1,1062,1063,1064,-1,1064,1063,1065,-1,1064,1065,1066,-1,1066,1065,1067,-1,1066,1067,1068,-1,1068,1067,1069,-1,1068,1069,1070,-1,1070,1069,1071,-1,1070,1071,1072,-1,1072,1071,1073,-1,1072,1073,1074,-1,1074,1073,1075,-1,1074,1075,1076,-1,1076,1075,1077,-1,1076,1077,1078,-1,1078,1077,1079,-1,1080,1078,1081,-1,1081,1078,1079,-1,1057,1080,1059,-1,1059,1080,1081,-1,1078,1080,1076,-1,1076,1080,1057,-1,1056,1060,1062,-1,1070,1072,1057,-1,1057,1072,1074,-1,1057,1074,1076,-1,1062,1064,1056,-1,1056,1064,1066,-1,1056,1066,1057,-1,1057,1066,1068,-1,1057,1068,1070,-1,1081,1079,1059,-1,1059,1079,1077,-1,1059,1077,1075,-1,1058,1059,1069,-1,1075,1073,1059,-1,1059,1073,1071,-1,1059,1071,1069,-1,1063,1061,1065,-1,1065,1061,1058,-1,1065,1058,1067,-1,1067,1058,1069,-1,1082,1083,1084,-1,1084,1083,1085,-1,1082,1084,1086,-1,1082,1086,1087,-1,1087,1086,1088,-1,1087,1088,1089,-1,1089,1088,1090,-1,1089,1090,1091,-1,1091,1090,1092,-1,1091,1092,1093,-1,1093,1092,1094,-1,1093,1094,1095,-1,1095,1094,1096,-1,1095,1096,1097,-1,1097,1096,1098,-1,1097,1098,1099,-1,1099,1098,1100,-1,1099,1100,1101,-1,1101,1100,1102,-1,1101,1102,1103,-1,1104,1103,1105,-1,1105,1103,1102,-1,1104,1105,1106,-1,1104,1106,1107,-1,1107,1106,1108,-1,1107,1108,1109,-1,1109,1108,1110,-1,1109,1110,1111,-1,1111,1110,1112,-1,1111,1112,1113,-1,1113,1112,1114,-1,1113,1114,1115,-1,1115,1114,1116,-1,1115,1116,1117,-1,1117,1116,1118,-1,1117,1118,1119,-1,1119,1118,1120,-1,1119,1120,1121,-1,1121,1120,1122,-1,1121,1122,1123,-1,1124,1123,1125,-1,1125,1123,1122,-1,1083,1124,1085,-1,1085,1124,1125,-1,1089,1091,1103,-1,1103,1104,1123,-1,1115,1117,1104,-1,1124,1083,1123,-1,1123,1083,1082,-1,1123,1082,1103,-1,1103,1082,1087,-1,1103,1087,1089,-1,1103,1097,1101,-1,1101,1097,1099,-1,1107,1109,1111,-1,1091,1093,1103,-1,1103,1093,1095,-1,1103,1095,1097,-1,1117,1119,1104,-1,1104,1119,1121,-1,1104,1121,1123,-1,1107,1111,1104,-1,1104,1111,1113,-1,1104,1113,1115,-1,1118,1116,1105,-1,1105,1102,1084,-1,1092,1090,1102,-1,1085,1125,1084,-1,1084,1125,1122,-1,1084,1122,1105,-1,1105,1122,1120,-1,1105,1120,1118,-1,1105,1110,1106,-1,1106,1110,1108,-1,1100,1098,1096,-1,1116,1114,1105,-1,1105,1114,1112,-1,1105,1112,1110,-1,1090,1088,1102,-1,1102,1088,1086,-1,1102,1086,1084,-1,1100,1096,1102,-1,1102,1096,1094,-1,1102,1094,1092,-1,1126,1127,1128,-1,1126,1128,1129,-1,1129,1128,1130,-1,1129,1130,1131,-1,1131,1130,1132,-1,1131,1132,1133,-1,1133,1132,1134,-1,1133,1134,1135,-1,1135,1134,1136,-1,1135,1136,1137,-1,1137,1136,1138,-1,1137,1138,1139,-1,1139,1138,1140,-1,1139,1140,1141,-1,1141,1140,1142,-1,1141,1142,1143,-1,1143,1142,1144,-1,1143,1144,1145,-1,1146,1145,1147,-1,1147,1145,1144,-1,1146,1147,1148,-1,1146,1148,1149,-1,1149,1148,1150,-1,1149,1150,1151,-1,1151,1150,1152,-1,1151,1152,1153,-1,1153,1152,1154,-1,1153,1154,1155,-1,1155,1154,1156,-1,1155,1156,1157,-1,1157,1156,1158,-1,1157,1158,1159,-1,1159,1158,1160,-1,1159,1160,1161,-1,1161,1160,1162,-1,1161,1162,1163,-1,1163,1162,1164,-1,1163,1164,1165,-1,1166,1165,1167,-1,1167,1165,1164,-1,1168,1166,1169,-1,1169,1166,1167,-1,1126,1168,1127,-1,1127,1168,1169,-1,1166,1168,1165,-1,1165,1168,1126,-1,1143,1145,1126,-1,1149,1151,1165,-1,1126,1145,1165,-1,1165,1145,1146,-1,1165,1146,1149,-1,1151,1153,1165,-1,1165,1153,1155,-1,1165,1155,1157,-1,1157,1159,1165,-1,1165,1159,1161,-1,1165,1161,1163,-1,1126,1129,1131,-1,1131,1133,1126,-1,1126,1133,1135,-1,1126,1135,1137,-1,1137,1139,1126,-1,1126,1139,1141,-1,1126,1141,1143,-1,1148,1147,1164,-1,1164,1147,1127,-1,1164,1127,1167,-1,1167,1127,1169,-1,1164,1162,1160,-1,1160,1158,1164,-1,1164,1158,1156,-1,1164,1156,1154,-1,1154,1152,1164,-1,1164,1152,1150,-1,1164,1150,1148,-1,1147,1144,1127,-1,1127,1144,1142,-1,1127,1142,1140,-1,1140,1138,1127,-1,1127,1138,1136,-1,1127,1136,1134,-1,1134,1132,1127,-1,1127,1132,1130,-1,1127,1130,1128,-1,1170,1171,1172,-1,1172,1171,1173,-1,1170,1172,1174,-1,1170,1174,1175,-1,1175,1174,1176,-1,1175,1176,1177,-1,1177,1176,1178,-1,1177,1178,1179,-1,1179,1178,1180,-1,1179,1180,1181,-1,1181,1180,1182,-1,1181,1182,1183,-1,1183,1182,1184,-1,1183,1184,1185,-1,1185,1184,1186,-1,1185,1186,1187,-1,1187,1186,1188,-1,1187,1188,1189,-1,1189,1188,1190,-1,1189,1190,1191,-1,1192,1191,1193,-1,1193,1191,1190,-1,1192,1193,1194,-1,1192,1194,1195,-1,1195,1194,1196,-1,1195,1196,1197,-1,1197,1196,1198,-1,1197,1198,1199,-1,1199,1198,1200,-1,1199,1200,1201,-1,1201,1200,1202,-1,1201,1202,1203,-1,1203,1202,1204,-1,1203,1204,1205,-1,1205,1204,1206,-1,1205,1206,1207,-1,1207,1206,1208,-1,1207,1208,1209,-1,1209,1208,1210,-1,1209,1210,1211,-1,1212,1211,1213,-1,1213,1211,1210,-1,1171,1212,1173,-1,1173,1212,1213,-1,1212,1171,1211,-1,1211,1171,1170,-1,1187,1189,1170,-1,1170,1189,1191,-1,1170,1191,1211,-1,1211,1191,1192,-1,1203,1205,1192,-1,1179,1181,1183,-1,1195,1197,1199,-1,1205,1207,1192,-1,1192,1207,1209,-1,1192,1209,1211,-1,1187,1170,1185,-1,1185,1170,1175,-1,1185,1175,1183,-1,1183,1175,1177,-1,1183,1177,1179,-1,1195,1199,1192,-1,1192,1199,1201,-1,1192,1201,1203,-1,1173,1213,1172,-1,1172,1213,1210,-1,1210,1208,1193,-1,1193,1208,1206,-1,1193,1206,1204,-1,1193,1198,1194,-1,1194,1198,1196,-1,1210,1193,1172,-1,1172,1193,1190,-1,1172,1190,1188,-1,1204,1202,1193,-1,1193,1202,1200,-1,1193,1200,1198,-1,1188,1186,1172,-1,1172,1186,1184,-1,1172,1184,1174,-1,1174,1184,1182,-1,1180,1178,1182,-1,1182,1178,1176,-1,1182,1176,1174,-1,1214,1215,1216,-1,1214,1216,1217,-1,1217,1216,1218,-1,1217,1218,1219,-1,1219,1218,1220,-1,1219,1220,1221,-1,1221,1220,1222,-1,1221,1222,1223,-1,1223,1222,1224,-1,1223,1224,1225,-1,1225,1224,1226,-1,1225,1226,1227,-1,1227,1226,1228,-1,1227,1228,1229,-1,1229,1228,1230,-1,1229,1230,1231,-1,1231,1230,1232,-1,1231,1232,1233,-1,1234,1233,1235,-1,1235,1233,1232,-1,1234,1235,1236,-1,1234,1236,1237,-1,1237,1236,1238,-1,1237,1238,1239,-1,1239,1238,1240,-1,1239,1240,1241,-1,1241,1240,1242,-1,1241,1242,1243,-1,1243,1242,1244,-1,1243,1244,1245,-1,1245,1244,1246,-1,1245,1246,1247,-1,1247,1246,1248,-1,1247,1248,1249,-1,1249,1248,1250,-1,1249,1250,1251,-1,1251,1250,1252,-1,1251,1252,1253,-1,1254,1253,1255,-1,1255,1253,1252,-1,1256,1254,1257,-1,1257,1254,1255,-1,1214,1256,1215,-1,1215,1256,1257,-1,1254,1256,1253,-1,1253,1256,1214,-1,1231,1233,1214,-1,1237,1239,1253,-1,1214,1233,1253,-1,1253,1233,1234,-1,1253,1234,1237,-1,1239,1241,1253,-1,1253,1241,1243,-1,1253,1243,1245,-1,1245,1247,1253,-1,1253,1247,1249,-1,1253,1249,1251,-1,1214,1217,1219,-1,1219,1221,1214,-1,1214,1221,1223,-1,1214,1223,1225,-1,1225,1227,1214,-1,1214,1227,1229,-1,1214,1229,1231,-1,1236,1235,1252,-1,1252,1235,1215,-1,1252,1215,1255,-1,1255,1215,1257,-1,1252,1250,1248,-1,1248,1246,1252,-1,1252,1246,1244,-1,1252,1244,1242,-1,1242,1240,1252,-1,1252,1240,1238,-1,1252,1238,1236,-1,1235,1232,1215,-1,1215,1232,1230,-1,1215,1230,1228,-1,1228,1226,1215,-1,1215,1226,1224,-1,1215,1224,1222,-1,1222,1220,1215,-1,1215,1220,1218,-1,1215,1218,1216,-1,1258,1259,1260,-1,1260,1259,1261,-1,1258,1260,1262,-1,1258,1262,1263,-1,1263,1262,1264,-1,1263,1264,1265,-1,1265,1264,1266,-1,1265,1266,1267,-1,1267,1266,1268,-1,1267,1268,1269,-1,1269,1268,1270,-1,1269,1270,1271,-1,1271,1270,1272,-1,1271,1272,1273,-1,1273,1272,1274,-1,1273,1274,1275,-1,1275,1274,1276,-1,1275,1276,1277,-1,1277,1276,1278,-1,1277,1278,1279,-1,1280,1279,1281,-1,1281,1279,1278,-1,1280,1281,1282,-1,1280,1282,1283,-1,1283,1282,1284,-1,1283,1284,1285,-1,1285,1284,1286,-1,1285,1286,1287,-1,1287,1286,1288,-1,1287,1288,1289,-1,1289,1288,1290,-1,1289,1290,1291,-1,1291,1290,1292,-1,1291,1292,1293,-1,1293,1292,1294,-1,1293,1294,1295,-1,1295,1294,1296,-1,1295,1296,1297,-1,1297,1296,1298,-1,1297,1298,1299,-1,1300,1299,1301,-1,1301,1299,1298,-1,1259,1300,1261,-1,1261,1300,1301,-1,1265,1267,1279,-1,1279,1280,1299,-1,1291,1293,1280,-1,1300,1259,1299,-1,1299,1259,1258,-1,1299,1258,1279,-1,1279,1258,1263,-1,1279,1263,1265,-1,1279,1273,1277,-1,1277,1273,1275,-1,1283,1285,1287,-1,1267,1269,1279,-1,1279,1269,1271,-1,1279,1271,1273,-1,1293,1295,1280,-1,1280,1295,1297,-1,1280,1297,1299,-1,1283,1287,1280,-1,1280,1287,1289,-1,1280,1289,1291,-1,1294,1292,1281,-1,1281,1278,1260,-1,1268,1266,1278,-1,1261,1301,1260,-1,1260,1301,1298,-1,1260,1298,1281,-1,1281,1298,1296,-1,1281,1296,1294,-1,1281,1286,1282,-1,1282,1286,1284,-1,1276,1274,1272,-1,1292,1290,1281,-1,1281,1290,1288,-1,1281,1288,1286,-1,1266,1264,1278,-1,1278,1264,1262,-1,1278,1262,1260,-1,1276,1272,1278,-1,1278,1272,1270,-1,1278,1270,1268,-1,1302,1303,1304,-1,1302,1304,1305,-1,1305,1304,1306,-1,1305,1306,1307,-1,1307,1306,1308,-1,1307,1308,1309,-1,1309,1308,1310,-1,1309,1310,1311,-1,1311,1310,1312,-1,1311,1312,1313,-1,1313,1312,1314,-1,1313,1314,1315,-1,1315,1314,1316,-1,1315,1316,1317,-1,1317,1316,1318,-1,1317,1318,1319,-1,1319,1318,1320,-1,1319,1320,1321,-1,1322,1321,1323,-1,1323,1321,1320,-1,1322,1323,1324,-1,1322,1324,1325,-1,1325,1324,1326,-1,1325,1326,1327,-1,1327,1326,1328,-1,1327,1328,1329,-1,1329,1328,1330,-1,1329,1330,1331,-1,1331,1330,1332,-1,1331,1332,1333,-1,1333,1332,1334,-1,1333,1334,1335,-1,1335,1334,1336,-1,1335,1336,1337,-1,1337,1336,1338,-1,1337,1338,1339,-1,1339,1338,1340,-1,1339,1340,1341,-1,1342,1341,1343,-1,1343,1341,1340,-1,1344,1342,1345,-1,1345,1342,1343,-1,1302,1344,1303,-1,1303,1344,1345,-1,1342,1344,1341,-1,1341,1344,1302,-1,1319,1321,1302,-1,1325,1327,1341,-1,1302,1321,1341,-1,1341,1321,1322,-1,1341,1322,1325,-1,1327,1329,1341,-1,1341,1329,1331,-1,1341,1331,1333,-1,1333,1335,1341,-1,1341,1335,1337,-1,1341,1337,1339,-1,1302,1305,1307,-1,1307,1309,1302,-1,1302,1309,1311,-1,1302,1311,1313,-1,1313,1315,1302,-1,1302,1315,1317,-1,1302,1317,1319,-1,1324,1323,1340,-1,1340,1323,1303,-1,1340,1303,1343,-1,1343,1303,1345,-1,1340,1338,1336,-1,1336,1334,1340,-1,1340,1334,1332,-1,1340,1332,1330,-1,1330,1328,1340,-1,1340,1328,1326,-1,1340,1326,1324,-1,1323,1320,1303,-1,1303,1320,1318,-1,1303,1318,1316,-1,1316,1314,1303,-1,1303,1314,1312,-1,1303,1312,1310,-1,1310,1308,1303,-1,1303,1308,1306,-1,1303,1306,1304,-1,1346,1347,1348,-1,1348,1347,1349,-1,1346,1348,1350,-1,1346,1350,1351,-1,1351,1350,1352,-1,1351,1352,1353,-1,1353,1352,1354,-1,1353,1354,1355,-1,1355,1354,1356,-1,1355,1356,1357,-1,1357,1356,1358,-1,1357,1358,1359,-1,1359,1358,1360,-1,1359,1360,1361,-1,1361,1360,1362,-1,1361,1362,1363,-1,1363,1362,1364,-1,1363,1364,1365,-1,1365,1364,1366,-1,1365,1366,1367,-1,1368,1367,1369,-1,1369,1367,1366,-1,1368,1369,1370,-1,1368,1370,1371,-1,1371,1370,1372,-1,1371,1372,1373,-1,1373,1372,1374,-1,1373,1374,1375,-1,1375,1374,1376,-1,1375,1376,1377,-1,1377,1376,1378,-1,1377,1378,1379,-1,1379,1378,1380,-1,1379,1380,1381,-1,1381,1380,1382,-1,1381,1382,1383,-1,1383,1382,1384,-1,1383,1384,1385,-1,1385,1384,1386,-1,1385,1386,1387,-1,1388,1387,1389,-1,1389,1387,1386,-1,1347,1388,1349,-1,1349,1388,1389,-1,1388,1347,1387,-1,1387,1347,1346,-1,1346,1367,1387,-1,1387,1367,1368,-1,1387,1368,1371,-1,1355,1346,1353,-1,1353,1346,1351,-1,1355,1357,1346,-1,1346,1357,1359,-1,1346,1359,1361,-1,1361,1363,1346,-1,1346,1363,1365,-1,1346,1365,1367,-1,1383,1375,1381,-1,1381,1375,1377,-1,1381,1377,1379,-1,1371,1373,1387,-1,1387,1373,1375,-1,1387,1375,1385,-1,1385,1375,1383,-1,1349,1389,1348,-1,1348,1389,1386,-1,1378,1376,1380,-1,1380,1376,1374,-1,1380,1374,1382,-1,1372,1370,1386,-1,1386,1370,1369,-1,1386,1369,1348,-1,1348,1369,1366,-1,1348,1366,1364,-1,1372,1386,1374,-1,1374,1386,1384,-1,1374,1384,1382,-1,1348,1358,1356,-1,1356,1354,1348,-1,1348,1354,1352,-1,1348,1352,1350,-1,1364,1362,1348,-1,1348,1362,1360,-1,1348,1360,1358,-1,1390,1391,1392,-1,1390,1392,1393,-1,1393,1392,1394,-1,1393,1394,1395,-1,1395,1394,1396,-1,1395,1396,1397,-1,1397,1396,1398,-1,1397,1398,1399,-1,1399,1398,1400,-1,1399,1400,1401,-1,1401,1400,1402,-1,1401,1402,1403,-1,1403,1402,1404,-1,1403,1404,1405,-1,1405,1404,1406,-1,1405,1406,1407,-1,1407,1406,1408,-1,1407,1408,1409,-1,1410,1409,1411,-1,1411,1409,1408,-1,1410,1411,1412,-1,1410,1412,1413,-1,1413,1412,1414,-1,1413,1414,1415,-1,1415,1414,1416,-1,1415,1416,1417,-1,1417,1416,1418,-1,1417,1418,1419,-1,1419,1418,1420,-1,1419,1420,1421,-1,1421,1420,1422,-1,1421,1422,1423,-1,1423,1422,1424,-1,1423,1424,1425,-1,1425,1424,1426,-1,1425,1426,1427,-1,1427,1426,1428,-1,1427,1428,1429,-1,1430,1429,1431,-1,1431,1429,1428,-1,1432,1430,1433,-1,1433,1430,1431,-1,1390,1432,1391,-1,1391,1432,1433,-1,1430,1432,1429,-1,1429,1432,1390,-1,1407,1409,1390,-1,1413,1415,1429,-1,1423,1425,1427,-1,1390,1409,1429,-1,1429,1409,1410,-1,1429,1410,1413,-1,1415,1417,1429,-1,1429,1417,1419,-1,1429,1419,1427,-1,1427,1419,1421,-1,1427,1421,1423,-1,1390,1393,1395,-1,1395,1397,1390,-1,1390,1397,1399,-1,1390,1399,1401,-1,1401,1403,1390,-1,1390,1403,1405,-1,1390,1405,1407,-1,1414,1412,1428,-1,1412,1411,1428,-1,1428,1411,1391,-1,1428,1391,1431,-1,1431,1391,1433,-1,1426,1424,1422,-1,1411,1408,1391,-1,1391,1408,1406,-1,1391,1406,1404,-1,1422,1420,1426,-1,1426,1420,1418,-1,1426,1418,1428,-1,1428,1418,1416,-1,1428,1416,1414,-1,1404,1402,1391,-1,1391,1402,1400,-1,1391,1400,1398,-1,1398,1396,1391,-1,1391,1396,1394,-1,1391,1394,1392,-1,1434,1435,1436,-1,1436,1435,1437,-1,1434,1436,1438,-1,1434,1438,1439,-1,1439,1438,1440,-1,1439,1440,1441,-1,1441,1440,1442,-1,1441,1442,1443,-1,1443,1442,1444,-1,1443,1444,1445,-1,1445,1444,1446,-1,1445,1446,1447,-1,1447,1446,1448,-1,1447,1448,1449,-1,1449,1448,1450,-1,1449,1450,1451,-1,1451,1450,1452,-1,1451,1452,1453,-1,1453,1452,1454,-1,1453,1454,1455,-1,1456,1455,1457,-1,1457,1455,1454,-1,1456,1457,1458,-1,1456,1458,1459,-1,1459,1458,1460,-1,1459,1460,1461,-1,1461,1460,1462,-1,1461,1462,1463,-1,1463,1462,1464,-1,1463,1464,1465,-1,1465,1464,1466,-1,1465,1466,1467,-1,1467,1466,1468,-1,1467,1468,1469,-1,1469,1468,1470,-1,1469,1470,1471,-1,1471,1470,1472,-1,1471,1472,1473,-1,1473,1472,1474,-1,1473,1474,1475,-1,1476,1475,1477,-1,1477,1475,1474,-1,1435,1476,1437,-1,1437,1476,1477,-1,1476,1435,1475,-1,1475,1435,1434,-1,1475,1434,1455,-1,1455,1456,1475,-1,1475,1456,1459,-1,1475,1459,1461,-1,1449,1451,1434,-1,1434,1451,1453,-1,1434,1453,1455,-1,1471,1465,1469,-1,1469,1465,1467,-1,1461,1463,1475,-1,1475,1463,1465,-1,1475,1465,1473,-1,1473,1465,1471,-1,1443,1434,1441,-1,1441,1434,1439,-1,1443,1445,1434,-1,1434,1445,1447,-1,1434,1447,1449,-1,1437,1477,1436,-1,1436,1477,1474,-1,1460,1458,1474,-1,1474,1458,1457,-1,1474,1457,1436,-1,1472,1464,1474,-1,1474,1464,1462,-1,1474,1462,1460,-1,1472,1470,1464,-1,1464,1470,1468,-1,1464,1468,1466,-1,1457,1454,1436,-1,1436,1454,1452,-1,1436,1452,1450,-1,1450,1448,1436,-1,1436,1448,1446,-1,1436,1446,1444,-1,1444,1442,1436,-1,1436,1442,1440,-1,1436,1440,1438,-1,1478,1479,1480,-1,1478,1480,1481,-1,1481,1480,1482,-1,1481,1482,1483,-1,1483,1482,1484,-1,1483,1484,1485,-1,1485,1484,1486,-1,1485,1486,1487,-1,1487,1486,1488,-1,1487,1488,1489,-1,1489,1488,1490,-1,1489,1490,1491,-1,1491,1490,1492,-1,1491,1492,1493,-1,1493,1492,1494,-1,1493,1494,1495,-1,1495,1494,1496,-1,1495,1496,1497,-1,1498,1497,1499,-1,1499,1497,1496,-1,1498,1499,1500,-1,1498,1500,1501,-1,1501,1500,1502,-1,1501,1502,1503,-1,1503,1502,1504,-1,1503,1504,1505,-1,1505,1504,1506,-1,1505,1506,1507,-1,1507,1506,1508,-1,1507,1508,1509,-1,1509,1508,1510,-1,1509,1510,1511,-1,1511,1510,1512,-1,1511,1512,1513,-1,1513,1512,1514,-1,1513,1514,1515,-1,1515,1514,1516,-1,1515,1516,1517,-1,1518,1517,1519,-1,1519,1517,1516,-1,1520,1518,1521,-1,1521,1518,1519,-1,1478,1520,1479,-1,1479,1520,1521,-1,1518,1520,1517,-1,1517,1520,1478,-1,1495,1497,1478,-1,1501,1503,1517,-1,1478,1497,1517,-1,1517,1497,1498,-1,1517,1498,1501,-1,1513,1507,1511,-1,1511,1507,1509,-1,1503,1505,1517,-1,1517,1505,1507,-1,1517,1507,1515,-1,1515,1507,1513,-1,1478,1481,1483,-1,1483,1485,1478,-1,1478,1485,1487,-1,1478,1487,1489,-1,1489,1491,1478,-1,1478,1491,1493,-1,1478,1493,1495,-1,1502,1500,1516,-1,1500,1499,1516,-1,1516,1499,1479,-1,1516,1479,1519,-1,1519,1479,1521,-1,1514,1512,1506,-1,1506,1512,1510,-1,1506,1510,1508,-1,1514,1506,1516,-1,1516,1506,1504,-1,1516,1504,1502,-1,1499,1496,1479,-1,1479,1496,1494,-1,1479,1494,1492,-1,1492,1490,1479,-1,1479,1490,1488,-1,1479,1488,1486,-1,1486,1484,1479,-1,1479,1484,1482,-1,1479,1482,1480,-1,1522,1523,1524,-1,1524,1523,1525,-1,1522,1524,1526,-1,1522,1526,1527,-1,1527,1526,1528,-1,1527,1528,1529,-1,1529,1528,1530,-1,1529,1530,1531,-1,1531,1530,1532,-1,1531,1532,1533,-1,1533,1532,1534,-1,1533,1534,1535,-1,1535,1534,1536,-1,1535,1536,1537,-1,1537,1536,1538,-1,1537,1538,1539,-1,1539,1538,1540,-1,1539,1540,1541,-1,1541,1540,1542,-1,1541,1542,1543,-1,1544,1543,1545,-1,1545,1543,1542,-1,1544,1545,1546,-1,1544,1546,1547,-1,1547,1546,1548,-1,1547,1548,1549,-1,1549,1548,1550,-1,1549,1550,1551,-1,1551,1550,1552,-1,1551,1552,1553,-1,1553,1552,1554,-1,1553,1554,1555,-1,1555,1554,1556,-1,1555,1556,1557,-1,1557,1556,1558,-1,1557,1558,1559,-1,1559,1558,1560,-1,1559,1560,1561,-1,1561,1560,1562,-1,1561,1562,1563,-1,1564,1563,1565,-1,1565,1563,1562,-1,1523,1564,1525,-1,1525,1564,1565,-1,1564,1523,1563,-1,1563,1523,1522,-1,1563,1522,1543,-1,1535,1537,1522,-1,1543,1544,1563,-1,1563,1544,1547,-1,1563,1547,1549,-1,1537,1539,1522,-1,1522,1539,1541,-1,1522,1541,1543,-1,1559,1553,1557,-1,1557,1553,1555,-1,1549,1551,1563,-1,1563,1551,1553,-1,1563,1553,1561,-1,1561,1553,1559,-1,1527,1529,1531,-1,1527,1531,1522,-1,1522,1531,1533,-1,1522,1533,1535,-1,1525,1565,1524,-1,1524,1565,1562,-1,1548,1546,1562,-1,1562,1546,1545,-1,1562,1545,1524,-1,1524,1545,1542,-1,1524,1542,1540,-1,1560,1552,1562,-1,1562,1552,1550,-1,1562,1550,1548,-1,1560,1558,1552,-1,1552,1558,1556,-1,1552,1556,1554,-1,1540,1538,1524,-1,1524,1538,1536,-1,1524,1536,1534,-1,1534,1532,1524,-1,1524,1532,1530,-1,1524,1530,1526,-1,1526,1530,1528,-1,1566,1567,1568,-1,1566,1568,1569,-1,1569,1568,1570,-1,1569,1570,1571,-1,1571,1570,1572,-1,1571,1572,1573,-1,1573,1572,1574,-1,1573,1574,1575,-1,1575,1574,1576,-1,1575,1576,1577,-1,1577,1576,1578,-1,1577,1578,1579,-1,1579,1578,1580,-1,1579,1580,1581,-1,1581,1580,1582,-1,1581,1582,1583,-1,1583,1582,1584,-1,1583,1584,1585,-1,1586,1585,1587,-1,1587,1585,1584,-1,1586,1587,1588,-1,1586,1588,1589,-1,1589,1588,1590,-1,1589,1590,1591,-1,1591,1590,1592,-1,1591,1592,1593,-1,1593,1592,1594,-1,1593,1594,1595,-1,1595,1594,1596,-1,1595,1596,1597,-1,1597,1596,1598,-1,1597,1598,1599,-1,1599,1598,1600,-1,1599,1600,1601,-1,1601,1600,1602,-1,1601,1602,1603,-1,1603,1602,1604,-1,1603,1604,1605,-1,1606,1605,1607,-1,1607,1605,1604,-1,1608,1606,1609,-1,1609,1606,1607,-1,1566,1608,1567,-1,1567,1608,1609,-1,1606,1608,1605,-1,1605,1608,1566,-1,1583,1585,1566,-1,1589,1591,1605,-1,1566,1585,1605,-1,1605,1585,1586,-1,1605,1586,1589,-1,1591,1593,1605,-1,1605,1593,1595,-1,1605,1595,1597,-1,1597,1599,1605,-1,1605,1599,1601,-1,1605,1601,1603,-1,1566,1569,1571,-1,1571,1573,1566,-1,1566,1573,1575,-1,1566,1575,1577,-1,1577,1579,1566,-1,1566,1579,1581,-1,1566,1581,1583,-1,1590,1588,1604,-1,1588,1587,1604,-1,1604,1587,1567,-1,1604,1567,1607,-1,1607,1567,1609,-1,1602,1600,1594,-1,1594,1600,1598,-1,1594,1598,1596,-1,1602,1594,1604,-1,1604,1594,1592,-1,1604,1592,1590,-1,1587,1584,1567,-1,1567,1584,1582,-1,1567,1582,1580,-1,1580,1578,1567,-1,1567,1578,1576,-1,1567,1576,1574,-1,1574,1572,1567,-1,1567,1572,1570,-1,1567,1570,1568,-1,1610,1611,1612,-1,1612,1611,1613,-1,1610,1612,1614,-1,1610,1614,1615,-1,1615,1614,1616,-1,1615,1616,1617,-1,1617,1616,1618,-1,1617,1618,1619,-1,1619,1618,1620,-1,1619,1620,1621,-1,1621,1620,1622,-1,1621,1622,1623,-1,1623,1622,1624,-1,1623,1624,1625,-1,1625,1624,1626,-1,1625,1626,1627,-1,1627,1626,1628,-1,1627,1628,1629,-1,1629,1628,1630,-1,1629,1630,1631,-1,1632,1631,1633,-1,1633,1631,1630,-1,1632,1633,1634,-1,1632,1634,1635,-1,1635,1634,1636,-1,1635,1636,1637,-1,1637,1636,1638,-1,1637,1638,1639,-1,1639,1638,1640,-1,1639,1640,1641,-1,1641,1640,1642,-1,1641,1642,1643,-1,1643,1642,1644,-1,1643,1644,1645,-1,1645,1644,1646,-1,1645,1646,1647,-1,1647,1646,1648,-1,1647,1648,1649,-1,1649,1648,1650,-1,1649,1650,1651,-1,1652,1651,1653,-1,1653,1651,1650,-1,1611,1652,1613,-1,1613,1652,1653,-1,1652,1611,1651,-1,1651,1611,1610,-1,1610,1631,1651,-1,1651,1631,1632,-1,1651,1632,1635,-1,1647,1639,1645,-1,1645,1639,1641,-1,1645,1641,1643,-1,1625,1627,1610,-1,1610,1627,1629,-1,1610,1629,1631,-1,1635,1637,1651,-1,1651,1637,1639,-1,1651,1639,1649,-1,1649,1639,1647,-1,1619,1610,1617,-1,1617,1610,1615,-1,1619,1621,1610,-1,1610,1621,1623,-1,1610,1623,1625,-1,1613,1653,1612,-1,1612,1653,1650,-1,1636,1634,1650,-1,1650,1634,1633,-1,1650,1633,1612,-1,1642,1640,1644,-1,1644,1640,1638,-1,1644,1638,1646,-1,1636,1650,1638,-1,1638,1650,1648,-1,1638,1648,1646,-1,1633,1630,1612,-1,1612,1630,1628,-1,1612,1628,1626,-1,1626,1624,1612,-1,1612,1624,1622,-1,1612,1622,1620,-1,1620,1618,1612,-1,1612,1618,1616,-1,1612,1616,1614,-1,1654,1655,1656,-1,1654,1656,1657,-1,1657,1656,1658,-1,1657,1658,1659,-1,1659,1658,1660,-1,1659,1660,1661,-1,1661,1660,1662,-1,1661,1662,1663,-1,1663,1662,1664,-1,1663,1664,1665,-1,1665,1664,1666,-1,1665,1666,1667,-1,1667,1666,1668,-1,1667,1668,1669,-1,1669,1668,1670,-1,1669,1670,1671,-1,1671,1670,1672,-1,1671,1672,1673,-1,1674,1673,1675,-1,1675,1673,1672,-1,1674,1675,1676,-1,1674,1676,1677,-1,1677,1676,1678,-1,1677,1678,1679,-1,1679,1678,1680,-1,1679,1680,1681,-1,1681,1680,1682,-1,1681,1682,1683,-1,1683,1682,1684,-1,1683,1684,1685,-1,1685,1684,1686,-1,1685,1686,1687,-1,1687,1686,1688,-1,1687,1688,1689,-1,1689,1688,1690,-1,1689,1690,1691,-1,1691,1690,1692,-1,1691,1692,1693,-1,1694,1693,1695,-1,1695,1693,1692,-1,1696,1694,1697,-1,1697,1694,1695,-1,1654,1696,1655,-1,1655,1696,1697,-1,1694,1696,1693,-1,1693,1696,1654,-1,1671,1673,1654,-1,1677,1679,1693,-1,1654,1673,1693,-1,1693,1673,1674,-1,1693,1674,1677,-1,1689,1683,1687,-1,1687,1683,1685,-1,1679,1681,1693,-1,1693,1681,1683,-1,1693,1683,1691,-1,1691,1683,1689,-1,1654,1657,1659,-1,1659,1661,1654,-1,1654,1661,1663,-1,1654,1663,1665,-1,1665,1667,1654,-1,1654,1667,1669,-1,1654,1669,1671,-1,1678,1676,1692,-1,1676,1675,1692,-1,1692,1675,1655,-1,1692,1655,1695,-1,1695,1655,1697,-1,1690,1688,1682,-1,1682,1688,1686,-1,1682,1686,1684,-1,1690,1682,1692,-1,1692,1682,1680,-1,1692,1680,1678,-1,1675,1672,1655,-1,1655,1672,1670,-1,1655,1670,1668,-1,1668,1666,1655,-1,1655,1666,1664,-1,1655,1664,1662,-1,1662,1660,1655,-1,1655,1660,1658,-1,1655,1658,1656,-1,1698,1699,1700,-1,1700,1699,1701,-1,1698,1700,1702,-1,1698,1702,1703,-1,1703,1702,1704,-1,1703,1704,1705,-1,1705,1704,1706,-1,1705,1706,1707,-1,1707,1706,1708,-1,1707,1708,1709,-1,1709,1708,1710,-1,1709,1710,1711,-1,1711,1710,1712,-1,1711,1712,1713,-1,1713,1712,1714,-1,1713,1714,1715,-1,1715,1714,1716,-1,1715,1716,1717,-1,1717,1716,1718,-1,1717,1718,1719,-1,1720,1719,1721,-1,1721,1719,1718,-1,1720,1721,1722,-1,1720,1722,1723,-1,1723,1722,1724,-1,1723,1724,1725,-1,1725,1724,1726,-1,1725,1726,1727,-1,1727,1726,1728,-1,1727,1728,1729,-1,1729,1728,1730,-1,1729,1730,1731,-1,1731,1730,1732,-1,1731,1732,1733,-1,1733,1732,1734,-1,1733,1734,1735,-1,1735,1734,1736,-1,1735,1736,1737,-1,1737,1736,1738,-1,1737,1738,1739,-1,1740,1739,1741,-1,1741,1739,1738,-1,1699,1740,1701,-1,1701,1740,1741,-1,1740,1699,1739,-1,1739,1699,1698,-1,1698,1719,1739,-1,1739,1719,1720,-1,1739,1720,1723,-1,1707,1698,1705,-1,1705,1698,1703,-1,1707,1709,1698,-1,1698,1709,1711,-1,1698,1711,1713,-1,1713,1715,1698,-1,1698,1715,1717,-1,1698,1717,1719,-1,1735,1727,1733,-1,1733,1727,1729,-1,1733,1729,1731,-1,1723,1725,1739,-1,1739,1725,1727,-1,1739,1727,1737,-1,1737,1727,1735,-1,1701,1741,1700,-1,1700,1741,1738,-1,1730,1728,1732,-1,1732,1728,1726,-1,1732,1726,1734,-1,1724,1722,1738,-1,1738,1722,1721,-1,1738,1721,1700,-1,1700,1721,1718,-1,1700,1718,1716,-1,1724,1738,1726,-1,1726,1738,1736,-1,1726,1736,1734,-1,1700,1710,1708,-1,1708,1706,1700,-1,1700,1706,1704,-1,1700,1704,1702,-1,1716,1714,1700,-1,1700,1714,1712,-1,1700,1712,1710,-1,1742,1743,1744,-1,1742,1744,1745,-1,1745,1744,1746,-1,1745,1746,1747,-1,1747,1746,1748,-1,1747,1748,1749,-1,1749,1748,1750,-1,1749,1750,1751,-1,1751,1750,1752,-1,1751,1752,1753,-1,1753,1752,1754,-1,1753,1754,1755,-1,1755,1754,1756,-1,1755,1756,1757,-1,1757,1756,1758,-1,1757,1758,1759,-1,1759,1758,1760,-1,1759,1760,1761,-1,1762,1761,1763,-1,1763,1761,1760,-1,1762,1763,1764,-1,1762,1764,1765,-1,1765,1764,1766,-1,1765,1766,1767,-1,1767,1766,1768,-1,1767,1768,1769,-1,1769,1768,1770,-1,1769,1770,1771,-1,1771,1770,1772,-1,1771,1772,1773,-1,1773,1772,1774,-1,1773,1774,1775,-1,1775,1774,1776,-1,1775,1776,1777,-1,1777,1776,1778,-1,1777,1778,1779,-1,1779,1778,1780,-1,1779,1780,1781,-1,1782,1781,1783,-1,1783,1781,1780,-1,1784,1782,1785,-1,1785,1782,1783,-1,1742,1784,1743,-1,1743,1784,1785,-1,1782,1784,1781,-1,1781,1784,1742,-1,1759,1761,1742,-1,1765,1767,1781,-1,1775,1777,1779,-1,1742,1761,1781,-1,1781,1761,1762,-1,1781,1762,1765,-1,1767,1769,1781,-1,1781,1769,1771,-1,1781,1771,1779,-1,1779,1771,1773,-1,1779,1773,1775,-1,1742,1745,1747,-1,1747,1749,1742,-1,1742,1749,1751,-1,1742,1751,1753,-1,1753,1755,1742,-1,1742,1755,1757,-1,1742,1757,1759,-1,1766,1764,1780,-1,1764,1763,1780,-1,1780,1763,1743,-1,1780,1743,1783,-1,1783,1743,1785,-1,1778,1776,1774,-1,1763,1760,1743,-1,1743,1760,1758,-1,1743,1758,1756,-1,1774,1772,1778,-1,1778,1772,1770,-1,1778,1770,1780,-1,1780,1770,1768,-1,1780,1768,1766,-1,1756,1754,1743,-1,1743,1754,1752,-1,1743,1752,1750,-1,1750,1748,1743,-1,1743,1748,1746,-1,1743,1746,1744,-1,1786,1787,1788,-1,1788,1787,1789,-1,1786,1788,1790,-1,1786,1790,1791,-1,1791,1790,1792,-1,1791,1792,1793,-1,1793,1792,1794,-1,1793,1794,1795,-1,1795,1794,1796,-1,1795,1796,1797,-1,1797,1796,1798,-1,1797,1798,1799,-1,1799,1798,1800,-1,1799,1800,1801,-1,1801,1800,1802,-1,1801,1802,1803,-1,1803,1802,1804,-1,1803,1804,1805,-1,1805,1804,1806,-1,1805,1806,1807,-1,1808,1807,1809,-1,1809,1807,1806,-1,1808,1809,1810,-1,1808,1810,1811,-1,1811,1810,1812,-1,1811,1812,1813,-1,1813,1812,1814,-1,1813,1814,1815,-1,1815,1814,1816,-1,1815,1816,1817,-1,1817,1816,1818,-1,1817,1818,1819,-1,1819,1818,1820,-1,1819,1820,1821,-1,1821,1820,1822,-1,1821,1822,1823,-1,1823,1822,1824,-1,1823,1824,1825,-1,1825,1824,1826,-1,1825,1826,1827,-1,1828,1827,1829,-1,1829,1827,1826,-1,1787,1828,1789,-1,1789,1828,1829,-1,1793,1795,1807,-1,1807,1808,1827,-1,1819,1821,1808,-1,1828,1787,1827,-1,1827,1787,1786,-1,1827,1786,1807,-1,1807,1786,1791,-1,1807,1791,1793,-1,1807,1801,1805,-1,1805,1801,1803,-1,1811,1813,1815,-1,1795,1797,1807,-1,1807,1797,1799,-1,1807,1799,1801,-1,1821,1823,1808,-1,1808,1823,1825,-1,1808,1825,1827,-1,1811,1815,1808,-1,1808,1815,1817,-1,1808,1817,1819,-1,1822,1820,1809,-1,1809,1806,1788,-1,1796,1794,1806,-1,1789,1829,1788,-1,1788,1829,1826,-1,1788,1826,1809,-1,1809,1826,1824,-1,1809,1824,1822,-1,1809,1814,1810,-1,1810,1814,1812,-1,1804,1802,1800,-1,1820,1818,1809,-1,1809,1818,1816,-1,1809,1816,1814,-1,1794,1792,1806,-1,1806,1792,1790,-1,1806,1790,1788,-1,1804,1800,1806,-1,1806,1800,1798,-1,1806,1798,1796,-1,1830,1831,1832,-1,1830,1832,1833,-1,1833,1832,1834,-1,1833,1834,1835,-1,1835,1834,1836,-1,1835,1836,1837,-1,1837,1836,1838,-1,1837,1838,1839,-1,1839,1838,1840,-1,1839,1840,1841,-1,1841,1840,1842,-1,1841,1842,1843,-1,1843,1842,1844,-1,1843,1844,1845,-1,1845,1844,1846,-1,1845,1846,1847,-1,1847,1846,1848,-1,1847,1848,1849,-1,1850,1849,1851,-1,1851,1849,1848,-1,1850,1851,1852,-1,1850,1852,1853,-1,1853,1852,1854,-1,1853,1854,1855,-1,1855,1854,1856,-1,1855,1856,1857,-1,1857,1856,1858,-1,1857,1858,1859,-1,1859,1858,1860,-1,1859,1860,1861,-1,1861,1860,1862,-1,1861,1862,1863,-1,1863,1862,1864,-1,1863,1864,1865,-1,1865,1864,1866,-1,1865,1866,1867,-1,1867,1866,1868,-1,1867,1868,1869,-1,1870,1869,1871,-1,1871,1869,1868,-1,1872,1870,1873,-1,1873,1870,1871,-1,1830,1872,1831,-1,1831,1872,1873,-1,1870,1872,1869,-1,1869,1872,1830,-1,1847,1849,1830,-1,1853,1855,1869,-1,1830,1849,1869,-1,1869,1849,1850,-1,1869,1850,1853,-1,1855,1857,1869,-1,1869,1857,1859,-1,1869,1859,1861,-1,1861,1863,1869,-1,1869,1863,1865,-1,1869,1865,1867,-1,1830,1833,1835,-1,1835,1837,1830,-1,1830,1837,1839,-1,1830,1839,1841,-1,1841,1843,1830,-1,1830,1843,1845,-1,1830,1845,1847,-1,1852,1851,1868,-1,1868,1851,1831,-1,1868,1831,1871,-1,1871,1831,1873,-1,1868,1866,1864,-1,1864,1862,1868,-1,1868,1862,1860,-1,1868,1860,1858,-1,1858,1856,1868,-1,1868,1856,1854,-1,1868,1854,1852,-1,1851,1848,1831,-1,1831,1848,1846,-1,1831,1846,1844,-1,1844,1842,1831,-1,1831,1842,1840,-1,1831,1840,1838,-1,1838,1836,1831,-1,1831,1836,1834,-1,1831,1834,1832,-1,1874,1875,1876,-1,1876,1875,1877,-1,1874,1876,1878,-1,1874,1878,1879,-1,1879,1878,1880,-1,1879,1880,1881,-1,1881,1880,1882,-1,1881,1882,1883,-1,1883,1882,1884,-1,1883,1884,1885,-1,1885,1884,1886,-1,1885,1886,1887,-1,1887,1886,1888,-1,1887,1888,1889,-1,1889,1888,1890,-1,1889,1890,1891,-1,1891,1890,1892,-1,1891,1892,1893,-1,1893,1892,1894,-1,1893,1894,1895,-1,1896,1895,1897,-1,1897,1895,1894,-1,1896,1897,1898,-1,1896,1898,1899,-1,1899,1898,1900,-1,1899,1900,1901,-1,1901,1900,1902,-1,1901,1902,1903,-1,1903,1902,1904,-1,1903,1904,1905,-1,1905,1904,1906,-1,1905,1906,1907,-1,1907,1906,1908,-1,1907,1908,1909,-1,1909,1908,1910,-1,1909,1910,1911,-1,1911,1910,1912,-1,1911,1912,1913,-1,1913,1912,1914,-1,1913,1914,1915,-1,1916,1915,1917,-1,1917,1915,1914,-1,1875,1916,1877,-1,1877,1916,1917,-1,1881,1883,1895,-1,1895,1896,1915,-1,1907,1909,1896,-1,1916,1875,1915,-1,1915,1875,1874,-1,1915,1874,1895,-1,1895,1874,1879,-1,1895,1879,1881,-1,1895,1889,1893,-1,1893,1889,1891,-1,1899,1901,1903,-1,1883,1885,1895,-1,1895,1885,1887,-1,1895,1887,1889,-1,1909,1911,1896,-1,1896,1911,1913,-1,1896,1913,1915,-1,1899,1903,1896,-1,1896,1903,1905,-1,1896,1905,1907,-1,1910,1908,1897,-1,1897,1894,1876,-1,1884,1882,1894,-1,1877,1917,1876,-1,1876,1917,1914,-1,1876,1914,1897,-1,1897,1914,1912,-1,1897,1912,1910,-1,1897,1902,1898,-1,1898,1902,1900,-1,1892,1890,1888,-1,1908,1906,1897,-1,1897,1906,1904,-1,1897,1904,1902,-1,1882,1880,1894,-1,1894,1880,1878,-1,1894,1878,1876,-1,1892,1888,1894,-1,1894,1888,1886,-1,1894,1886,1884,-1,1918,1919,1920,-1,1918,1920,1921,-1,1921,1920,1922,-1,1921,1922,1923,-1,1923,1922,1924,-1,1923,1924,1925,-1,1925,1924,1926,-1,1925,1926,1927,-1,1927,1926,1928,-1,1927,1928,1929,-1,1929,1928,1930,-1,1929,1930,1931,-1,1931,1930,1932,-1,1931,1932,1933,-1,1933,1932,1934,-1,1933,1934,1935,-1,1935,1934,1936,-1,1935,1936,1937,-1,1938,1937,1939,-1,1939,1937,1936,-1,1938,1939,1940,-1,1938,1940,1941,-1,1941,1940,1942,-1,1941,1942,1943,-1,1943,1942,1944,-1,1943,1944,1945,-1,1945,1944,1946,-1,1945,1946,1947,-1,1947,1946,1948,-1,1947,1948,1949,-1,1949,1948,1950,-1,1949,1950,1951,-1,1951,1950,1952,-1,1951,1952,1953,-1,1953,1952,1954,-1,1953,1954,1955,-1,1955,1954,1956,-1,1955,1956,1957,-1,1958,1957,1959,-1,1959,1957,1956,-1,1960,1958,1961,-1,1961,1958,1959,-1,1918,1960,1919,-1,1919,1960,1961,-1,1958,1960,1957,-1,1957,1960,1918,-1,1935,1937,1918,-1,1941,1943,1957,-1,1918,1937,1957,-1,1957,1937,1938,-1,1957,1938,1941,-1,1943,1945,1957,-1,1957,1945,1947,-1,1957,1947,1949,-1,1949,1951,1957,-1,1957,1951,1953,-1,1957,1953,1955,-1,1918,1921,1923,-1,1923,1925,1918,-1,1918,1925,1927,-1,1918,1927,1929,-1,1929,1931,1918,-1,1918,1931,1933,-1,1918,1933,1935,-1,1940,1939,1956,-1,1956,1939,1919,-1,1956,1919,1959,-1,1959,1919,1961,-1,1956,1954,1952,-1,1952,1950,1956,-1,1956,1950,1948,-1,1956,1948,1946,-1,1946,1944,1956,-1,1956,1944,1942,-1,1956,1942,1940,-1,1939,1936,1919,-1,1919,1936,1934,-1,1919,1934,1932,-1,1932,1930,1919,-1,1919,1930,1928,-1,1919,1928,1926,-1,1926,1924,1919,-1,1919,1924,1922,-1,1919,1922,1920,-1,1962,1963,1964,-1,1964,1963,1965,-1,1962,1964,1966,-1,1962,1966,1967,-1,1967,1966,1968,-1,1967,1968,1969,-1,1969,1968,1970,-1,1969,1970,1971,-1,1971,1970,1972,-1,1971,1972,1973,-1,1973,1972,1974,-1,1973,1974,1975,-1,1975,1974,1976,-1,1975,1976,1977,-1,1977,1976,1978,-1,1977,1978,1979,-1,1979,1978,1980,-1,1979,1980,1981,-1,1981,1980,1982,-1,1981,1982,1983,-1,1984,1983,1985,-1,1985,1983,1982,-1,1984,1985,1986,-1,1984,1986,1987,-1,1987,1986,1988,-1,1987,1988,1989,-1,1989,1988,1990,-1,1989,1990,1991,-1,1991,1990,1992,-1,1991,1992,1993,-1,1993,1992,1994,-1,1993,1994,1995,-1,1995,1994,1996,-1,1995,1996,1997,-1,1997,1996,1998,-1,1997,1998,1999,-1,1999,1998,2000,-1,1999,2000,2001,-1,2001,2000,2002,-1,2001,2002,2003,-1,2004,2003,2005,-1,2005,2003,2002,-1,1963,2004,1965,-1,1965,2004,2005,-1,2004,1963,2003,-1,2003,1963,1962,-1,1962,1967,1983,-1,1983,1967,1969,-1,1983,1969,1971,-1,1983,1977,1981,-1,1981,1977,1979,-1,1962,1983,2003,-1,2003,1983,1984,-1,2003,1984,1987,-1,1971,1973,1983,-1,1983,1973,1975,-1,1983,1975,1977,-1,1999,2001,1991,-1,1991,2001,2003,-1,1991,2003,1989,-1,1989,2003,1987,-1,1999,1991,1997,-1,1997,1991,1993,-1,1997,1993,1995,-1,1985,1982,1964,-1,1972,1970,1982,-1,1986,1985,2002,-1,2002,1985,1964,-1,2002,1964,2005,-1,2005,1964,1965,-1,1980,1978,1976,-1,1970,1968,1982,-1,1982,1968,1966,-1,1982,1966,1964,-1,1990,2000,1998,-1,2000,1990,2002,-1,2002,1990,1988,-1,2002,1988,1986,-1,1980,1976,1982,-1,1982,1976,1974,-1,1982,1974,1972,-1,1998,1996,1990,-1,1990,1996,1994,-1,1990,1994,1992,-1,2006,2007,2008,-1,2006,2008,2009,-1,2009,2008,2010,-1,2009,2010,2011,-1,2011,2010,2012,-1,2011,2012,2013,-1,2013,2012,2014,-1,2013,2014,2015,-1,2015,2014,2016,-1,2015,2016,2017,-1,2017,2016,2018,-1,2017,2018,2019,-1,2019,2018,2020,-1,2019,2020,2021,-1,2021,2020,2022,-1,2021,2022,2023,-1,2023,2022,2024,-1,2023,2024,2025,-1,2026,2025,2027,-1,2027,2025,2024,-1,2026,2027,2028,-1,2026,2028,2029,-1,2029,2028,2030,-1,2029,2030,2031,-1,2031,2030,2032,-1,2031,2032,2033,-1,2033,2032,2034,-1,2033,2034,2035,-1,2035,2034,2036,-1,2035,2036,2037,-1,2037,2036,2038,-1,2037,2038,2039,-1,2039,2038,2040,-1,2039,2040,2041,-1,2041,2040,2042,-1,2041,2042,2043,-1,2043,2042,2044,-1,2043,2044,2045,-1,2046,2045,2047,-1,2047,2045,2044,-1,2048,2046,2049,-1,2049,2046,2047,-1,2006,2048,2007,-1,2007,2048,2049,-1,2046,2048,2045,-1,2045,2048,2006,-1,2029,2031,2045,-1,2021,2023,2006,-1,2006,2023,2025,-1,2006,2025,2045,-1,2045,2025,2026,-1,2045,2026,2029,-1,2031,2033,2045,-1,2045,2033,2035,-1,2045,2035,2037,-1,2037,2039,2045,-1,2045,2039,2041,-1,2045,2041,2043,-1,2009,2011,2017,-1,2017,2011,2013,-1,2017,2013,2015,-1,2009,2017,2006,-1,2006,2017,2019,-1,2006,2019,2021,-1,2028,2027,2044,-1,2044,2027,2007,-1,2044,2007,2047,-1,2047,2007,2049,-1,2044,2042,2040,-1,2040,2038,2044,-1,2044,2038,2036,-1,2044,2036,2034,-1,2034,2032,2044,-1,2044,2032,2030,-1,2044,2030,2028,-1,2027,2024,2007,-1,2007,2024,2022,-1,2007,2022,2020,-1,2010,2016,2012,-1,2012,2016,2014,-1,2020,2018,2007,-1,2007,2018,2016,-1,2007,2016,2008,-1,2008,2016,2010,-1,
        ]
    }
}